county,Year,Employment,Labor_force,Unemployment,Unemployment_rate
Alachua,2001,114284,118547,4263,0.036
Alachua,2002,113387,118163,4776,0.04
Alachua,2003,114641,119087,4446,0.037
Alachua,2004,115973,120256,4283,0.036
Alachua,2005,119924,123550,3626,0.029
Alachua,2006,122471,125843,3372,0.027
Alachua,2007,125102,129010,3908,0.03
Alachua,2008,125425,131246,5821,0.044
Alachua,2009,120579,129815,9236,0.071
Alachua,2010,117504,127384,9880,0.078
Alachua,2011,,128282,9708,0.076
Alachua,2012,120238,129079,8841,0.068
Alachua,2013,121314,129007,7693,0.06
Alachua,2014,122367,129301,6934,0.054
Alachua,2015,123941,129993,6052,0.047
Alachua,2016,127302,133055,5753,0.043
Alachua,2017,130056,135272,5216,0.039
Alachua,2018,132658,137230,4572,0.033
Alachua,2019,134690,138972,4282,0.031
Alachua,2020,127696,134931,7235,0.054
Baker,2001,10060,10503,443,0.042
Baker,2002,9957,10459,502,0.048
Baker,2003,9922,10426,504,0.048
Baker,2004,10171,10601,430,0.041
Baker,2005,10751,11112,361,0.032
Baker,2006,11219,11548,329,0.028
Baker,2007,11477,11913,436,0.037
Baker,2008,11531,12245,714,0.058
Baker,2009,10887,12111,1224,0.101
Baker,2010,10197,11453,1256,0.11
Baker,2011,10274,11441,1167,0.102
Baker,2012,10277,11275,998,0.089
Baker,2013,10377,11246,869,0.077
Baker,2014,10454,11192,738,0.066
Baker,2015,10584,11217,633,0.056
Baker,2016,10892,11456,564,0.049
Baker,2017,11149,11641,492,0.042
Baker,2018,11228,11635,407,0.035
Baker,2019,11624,12016,392,0.033
Baker,2020,11179,11759,580,0.049
Bay,2001,68857,72692,3835,0.053
Bay,2002,69782,74110,4328,0.058
Bay,2003,71922,75980,4058,0.053
Bay,2004,75238,78802,3564,0.045
Bay,2005,79474,82406,2932,0.036
Bay,2006,83077,85748,2671,0.031
Bay,2007,83532,86754,3222,0.037
Bay,2008,83626,88653,5027,0.057
Bay,2009,80695,88810,8115,0.091
Bay,2010,76683,85366,8683,0.102
Bay,2011,77872,86727,8855,0.102
Bay,2012,78467,86154,7687,0.089
Bay,2013,79650,86210,6560,0.076
Bay,2014,81720,87426,5706,0.065
Bay,2015,83026,87884,4858,0.055
Bay,2016,83963,88209,4246,0.048
Bay,2017,84453,88151,3698,0.042
Bay,2018,84306,87934,3628,0.041
Bay,2019,81202,84487,3285,0.039
Bay,2020,77746,82763,5017,0.061
Bradford,2001,10313,10805,492,0.046
Bradford,2002,10470,10960,490,0.045
Bradford,2003,10855,11322,467,0.041
Bradford,2004,11123,11582,459,0.04
Bradford,2005,11334,11709,375,0.032
Bradford,2006,11843,12191,348,0.029
Bradford,2007,11917,12341,424,0.034
Bradford,2008,11856,12475,619,0.05
Bradford,2009,11467,12473,1006,0.081
Bradford,2010,10393,11490,1097,0.095
Bradford,2011,10403,11439,1036,0.091
Bradford,2012,10210,11074,864,0.078
Bradford,2013,10232,10951,719,0.066
Bradford,2014,10110,10733,623,0.058
Bradford,2015,10260,10786,526,0.049
Bradford,2016,10427,10896,469,0.043
Bradford,2017,10827,11241,414,0.037
Bradford,2018,10754,11137,383,0.034
Bradford,2019,10577,10948,371,0.034
Bradford,2020,10150,10791,641,0.059
Brevard,2001,226249,237019,10770,0.045
Brevard,2002,224093,238028,13935,0.059
Brevard,2003,229392,242235,12843,0.053
Brevard,2004,237866,249353,11487,0.046
Brevard,2005,250969,260435,9466,0.036
Brevard,2006,256936,265618,8682,0.033
Brevard,2007,254099,265782,11683,0.044
Brevard,2008,250742,268840,18098,0.067
Brevard,2009,238983,266755,27772,0.104
Brevard,2010,234627,263342,28715,0.109
Brevard,2011,235001,263679,28678,0.109
Brevard,2012,235751,261046,25295,0.097
Brevard,2013,235821,258158,22337,0.087
Brevard,2014,239073,257569,18496,0.072
Brevard,2015,241882,257457,15575,0.06
Brevard,2016,249817,263418,13601,0.052
Brevard,2017,256861,268605,11744,0.044
Brevard,2018,266546,276488,9942,0.036
Brevard,2019,274329,283857,9528,0.034
Brevard,2020,262867,281591,18724,0.066
Broward,2001,846010,887522,41512,0.047
Broward,2002,844709,898709,54000,0.06
Broward,2003,855456,905406,49950,0.055
Broward,2004,880488,924362,43874,0.047
Broward,2005,922294,957619,35325,0.037
Broward,2006,952640,983211,30571,0.031
Broward,2007,964482,1000426,35944,0.036
Broward,2008,950763,1006721,55958,0.056
Broward,2009,891041,980551,89510,0.091
Broward,2010,837443,928815,91372,0.098
Broward,2011,856799,946171,89372,0.094
Broward,2012,878506,957268,78762,0.082
Broward,2013,903073,971733,68660,0.071
Broward,2014,925482,985640,60158,0.061
Broward,2015,940668,992033,51365,0.052
Broward,2016,961500,1007259,45759,0.045
Broward,2017,980078,1021018,40940,0.04
Broward,2018,996114,1031568,35454,0.034
Broward,2019,1008095,1041334,33239,0.032
Broward,2020,930297,1020586,90289,0.088
Calhoun,2001,4977,5248,271,0.052
Calhoun,2002,5085,5369,284,0.053
Calhoun,2003,5073,5337,264,0.049
Calhoun,2004,5029,5288,259,0.049
Calhoun,2005,5050,5247,197,0.038
Calhoun,2006,5216,5386,170,0.032
Calhoun,2007,5345,5550,205,0.037
Calhoun,2008,5439,5757,318,0.055
Calhoun,2009,5413,5917,504,0.085
Calhoun,2010,4754,5269,515,0.098
Calhoun,2011,4672,5212,540,0.104
Calhoun,2012,4583,5060,477,0.094
Calhoun,2013,4503,4906,403,0.082
Calhoun,2014,4586,4939,353,0.071
Calhoun,2015,4654,4960,306,0.062
Calhoun,2016,4713,5003,290,0.058
Calhoun,2017,4724,4969,245,0.049
Calhoun,2018,4726,4940,214,0.043
Calhoun,2019,4604,4803,199,0.041
Calhoun,2020,4508,4754,246,0.052
Charlotte,2001,53641,56187,2546,0.045
Charlotte,2002,56180,59632,3452,0.058
Charlotte,2003,56570,59862,3292,0.055
Charlotte,2004,58148,61519,3371,0.055
Charlotte,2005,63430,66088,2658,0.04
Charlotte,2006,67201,69533,2332,0.034
Charlotte,2007,66269,69876,3607,0.052
Charlotte,2008,63728,69531,5803,0.083
Charlotte,2009,60681,68858,8177,0.119
Charlotte,2010,57567,65696,8129,0.124
Charlotte,2011,57979,65342,7363,0.113
Charlotte,2012,59064,65484,6420,0.098
Charlotte,2013,60527,66055,5528,0.084
Charlotte,2014,62075,66794,4719,0.071
Charlotte,2015,63810,67928,4118,0.061
Charlotte,2016,65781,69519,3738,0.054
Charlotte,2017,66612,69962,3350,0.048
Charlotte,2018,67839,70743,2904,0.041
Charlotte,2019,69158,71946,2788,0.039
Charlotte,2020,65968,71182,5214,0.073
Citrus,2001,42040,44653,2613,0.059
Citrus,2002,43120,46276,3156,0.068
Citrus,2003,44264,47248,2984,0.063
Citrus,2004,45536,48233,2697,0.056
Citrus,2005,49126,51324,2198,0.043
Citrus,2006,52465,54552,2087,0.038
Citrus,2007,52797,55641,2844,0.051
Citrus,2008,51889,56616,4727,0.083
Citrus,2009,49892,56762,6870,0.121
Citrus,2010,45375,52351,6976,0.133
Citrus,2011,45289,51756,6467,0.125
Citrus,2012,45575,51257,5682,0.111
Citrus,2013,44323,49302,4979,0.101
Citrus,2014,43951,48186,4235,0.088
Citrus,2015,44364,48006,3642,0.076
Citrus,2016,44748,48006,3258,0.068
Citrus,2017,44981,47822,2841,0.059
Citrus,2018,44941,47473,2532,0.053
Citrus,2019,44971,47382,2411,0.051
Citrus,2020,42582,46500,3918,0.084
Clay,2001,72749,75746,2997,0.04
Clay,2002,72821,76705,3884,0.051
Clay,2003,74524,78118,3594,0.046
Clay,2004,78118,81664,3546,0.043
Clay,2005,83661,86643,2982,0.034
Clay,2006,88878,91630,2752,0.03
Clay,2007,90475,93804,3329,0.035
Clay,2008,90706,95993,5287,0.055
Clay,2009,85993,94785,8792,0.093
Clay,2010,85944,95069,9125,0.096
Clay,2011,86914,95595,8681,0.091
Clay,2012,88172,95686,7514,0.079
Clay,2013,90255,96658,6403,0.066
Clay,2014,91867,97643,5776,0.059
Clay,2015,93804,98837,5033,0.051
Clay,2016,96747,101345,4598,0.045
Clay,2017,99963,104051,4088,0.039
Clay,2018,102183,105747,3564,0.034
Clay,2019,104069,107500,3431,0.032
Clay,2020,100004,105658,5654,0.054
Collier,2001,119036,124316,5280,0.042
Collier,2002,122728,129514,6786,0.052
Collier,2003,126494,133208,6714,0.05
Collier,2004,132878,138907,6029,0.043
Collier,2005,140087,145136,5049,0.035
Collier,2006,147706,152464,4758,0.031
Collier,2007,145183,151925,6742,0.044
Collier,2008,137814,148368,10554,0.071
Collier,2009,127434,143337,15903,0.111
Collier,2010,127810,144056,16246,0.113
Collier,2011,132970,147941,14971,0.101
Collier,2012,138572,151770,13198,0.087
Collier,2013,143731,155187,11456,0.074
Collier,2014,149982,159799,9817,0.061
Collier,2015,155607,164330,8723,0.053
Collier,2016,161752,169758,8006,0.047
Collier,2017,165888,173133,7245,0.042
Collier,2018,171332,177597,6265,0.035
Collier,2019,174635,180558,5923,0.033
Collier,2020,165287,177497,12210,0.069
Columbia,2001,24451,25903,1452,0.056
Columbia,2002,24606,26038,1432,0.055
Columbia,2003,25345,26626,1281,0.048
Columbia,2004,26070,27269,1199,0.044
Columbia,2005,27757,28740,983,0.034
Columbia,2006,28844,29805,961,0.032
Columbia,2007,29823,30955,1132,0.037
Columbia,2008,29763,31560,1797,0.057
Columbia,2009,28674,31597,2923,0.093
Columbia,2010,25546,28547,3001,0.105
Columbia,2011,25194,28080,2886,0.103
Columbia,2012,25329,27864,2535,0.091
Columbia,2013,25607,27805,2198,0.079
Columbia,2014,26384,28321,1937,0.068
Columbia,2015,27474,29089,1615,0.056
Columbia,2016,28387,29856,1469,0.049
Columbia,2017,28004,29297,1293,0.044
Columbia,2018,28267,29398,1131,0.038
Columbia,2019,28802,29825,1023,0.034
Columbia,2020,27840,29566,1726,0.058
DeSoto,2001,12744,13429,685,0.051
DeSoto,2002,12642,13495,853,0.063
DeSoto,2003,12981,13780,799,0.058
DeSoto,2004,12690,13484,794,0.059
DeSoto,2005,12937,13556,619,0.046
DeSoto,2006,13691,14209,518,0.036
DeSoto,2007,13620,14328,708,0.049
DeSoto,2008,13758,14778,1020,0.069
DeSoto,2009,13458,14967,1509,0.101
DeSoto,2010,11425,12965,1540,0.119
DeSoto,2011,12378,13811,1433,0.104
DeSoto,2012,11507,12823,1316,0.103
DeSoto,2013,11984,13106,1122,0.086
DeSoto,2014,12185,13152,967,0.074
DeSoto,2015,12643,13431,788,0.059
DeSoto,2016,12797,13516,719,0.053
DeSoto,2017,13401,14034,633,0.045
DeSoto,2018,13148,13699,551,0.04
DeSoto,2019,13694,14222,528,0.037
DeSoto,2020,13615,14356,741,0.052
Dixie,2001,4972,5273,301,0.057
Dixie,2002,5666,5983,317,0.053
Dixie,2003,5300,5592,292,0.052
Dixie,2004,4800,5069,269,0.053
Dixie,2005,5339,5550,211,0.038
Dixie,2006,5499,5698,199,0.035
Dixie,2007,5290,5535,245,0.044
Dixie,2008,5080,5496,416,0.076
Dixie,2009,4944,5582,638,0.114
Dixie,2010,4983,5694,711,0.125
Dixie,2011,5018,5720,702,0.123
Dixie,2012,5166,5774,608,0.105
Dixie,2013,5316,5834,518,0.089
Dixie,2014,5126,5549,423,0.076
Dixie,2015,5256,5609,353,0.063
Dixie,2016,5358,5669,311,0.055
Dixie,2017,5467,5743,276,0.048
Dixie,2018,5528,5775,247,0.043
Dixie,2019,5623,5855,232,0.04
Dixie,2020,5565,5886,321,0.055
Duval,2001,394619,412753,18134,0.044
Duval,2002,385707,409007,23300,0.057
Duval,2003,385700,408062,22362,0.055
Duval,2004,390042,411112,21070,0.051
Duval,2005,404681,421549,16868,0.04
Duval,2006,416893,432151,15258,0.035
Duval,2007,422676,441216,18540,0.042
Duval,2008,418438,446829,28391,0.064
Duval,2009,395185,441641,46456,0.105
Duval,2010,401244,450860,49616,0.11
Duval,2011,407240,453697,46457,0.102
Duval,2012,412793,453464,40671,0.09
Duval,2013,420747,456507,35760,0.078
Duval,2014,427557,459322,31765,0.069
Duval,2015,435287,462381,27094,0.059
Duval,2016,445908,469165,23257,0.05
Duval,2017,457198,477717,20519,0.043
Duval,2018,465411,483192,17781,0.037
Duval,2019,470643,487538,16895,0.035
Duval,2020,452481,485114,32633,0.067
Escambia,2001,125012,131677,6665,0.051
Escambia,2002,122747,129838,7091,0.055
Escambia,2003,124650,131277,6627,0.05
Escambia,2004,125535,131998,6463,0.049
Escambia,2005,130436,135677,5241,0.039
Escambia,2006,133846,138216,4370,0.032
Escambia,2007,135212,140808,5596,0.04
Escambia,2008,129494,138002,8508,0.062
Escambia,2009,123507,137044,13537,0.099
Escambia,2010,125154,138672,13518,0.097
Escambia,2011,126413,139891,13478,0.096
Escambia,2012,126754,138780,12026,0.087
Escambia,2013,128161,138641,10480,0.076
Escambia,2014,129917,139128,9211,0.066
Escambia,2015,130843,138671,7828,0.056
Escambia,2016,134347,141419,7072,0.05
Escambia,2017,135943,141954,6011,0.042
Escambia,2018,137755,142974,5219,0.037
Escambia,2019,139939,144858,4919,0.034
Escambia,2020,135108,144779,9671,0.067
Flagler,2001,21118,22175,1057,0.048
Flagler,2002,22158,23591,1433,0.061
Flagler,2003,23489,24930,1441,0.058
Flagler,2004,25913,27368,1455,0.053
Flagler,2005,28668,29981,1313,0.044
Flagler,2006,29335,30723,1388,0.045
Flagler,2007,28887,30928,2041,0.066
Flagler,2008,28769,31935,3166,0.099
Flagler,2009,27910,32733,4823,0.147
Flagler,2010,36034,40956,4922,0.12
Flagler,2011,36957,41691,4734,0.114
Flagler,2012,37643,41902,4259,0.102
Flagler,2013,40101,43931,3830,0.087
Flagler,2014,39906,43164,3258,0.075
Flagler,2015,41064,43845,2781,0.063
Flagler,2016,42967,45492,2525,0.056
Flagler,2017,43871,46111,2240,0.049
Flagler,2018,44670,46622,1952,0.042
Flagler,2019,45827,47747,1920,0.04
Flagler,2020,43083,46636,3553,0.076
Franklin,2001,4400,4600,200,0.043
Franklin,2002,4649,4896,247,0.05
Franklin,2003,4732,4955,223,0.045
Franklin,2004,4909,5095,186,0.037
Franklin,2005,4950,5136,186,0.036
Franklin,2006,4903,5054,151,0.03
Franklin,2007,4763,4922,159,0.032
Franklin,2008,4582,4817,235,0.049
Franklin,2009,4555,4919,364,0.074
Franklin,2010,4522,4899,377,0.077
Franklin,2011,4639,5022,383,0.076
Franklin,2012,4680,5015,335,0.067
Franklin,2013,4688,4975,287,0.058
Franklin,2014,4650,4936,286,0.058
Franklin,2015,4563,4791,228,0.048
Franklin,2016,4544,4752,208,0.044
Franklin,2017,4524,4696,172,0.037
Franklin,2018,4554,4722,168,0.036
Franklin,2019,4489,4665,176,0.038
Franklin,2020,4429,4681,252,0.054
Gadsden,2001,19285,20290,1005,0.05
Gadsden,2002,18863,20000,1137,0.057
Gadsden,2003,18699,19737,1038,0.053
Gadsden,2004,19022,19987,965,0.048
Gadsden,2005,19692,20488,796,0.039
Gadsden,2006,20303,21029,726,0.035
Gadsden,2007,19853,20770,917,0.044
Gadsden,2008,19783,21106,1323,0.063
Gadsden,2009,19147,21270,2123,0.1
Gadsden,2010,17629,19897,2268,0.114
Gadsden,2011,17244,19500,2256,0.116
Gadsden,2012,16794,18790,1996,0.106
Gadsden,2013,17037,18835,1798,0.095
Gadsden,2014,17202,18794,1592,0.085
Gadsden,2015,16957,18285,1328,0.073
Gadsden,2016,17114,18269,1155,0.063
Gadsden,2017,17140,18146,1006,0.055
Gadsden,2018,17511,18364,853,0.046
Gadsden,2019,17764,18569,805,0.043
Gadsden,2020,17176,18421,1245,0.068
Gilchrist,2001,6293,6589,296,0.045
Gilchrist,2002,6390,6726,336,0.05
Gilchrist,2003,6673,6984,311,0.045
Gilchrist,2004,6847,7135,288,0.04
Gilchrist,2005,7251,7489,238,0.032
Gilchrist,2006,7505,7728,223,0.029
Gilchrist,2007,7318,7613,295,0.039
Gilchrist,2008,7373,7828,455,0.058
Gilchrist,2009,6993,7712,719,0.093
Gilchrist,2010,6102,6814,712,0.104
Gilchrist,2011,6116,6817,701,0.103
Gilchrist,2012,6051,6675,624,0.093
Gilchrist,2013,6066,6608,542,0.082
Gilchrist,2014,6094,6548,454,0.069
Gilchrist,2015,6151,6524,373,0.057
Gilchrist,2016,6360,6698,338,0.05
Gilchrist,2017,6509,6814,305,0.045
Gilchrist,2018,6754,7023,269,0.038
Gilchrist,2019,7043,7303,260,0.036
Gilchrist,2020,6683,7028,345,0.049
Glades,2001,4072,4329,257,0.059
Glades,2002,4290,4566,276,0.06
Glades,2003,4245,4499,254,0.056
Glades,2004,4249,4499,250,0.056
Glades,2005,4085,4295,210,0.049
Glades,2006,4509,4691,182,0.039
Glades,2007,4559,4789,230,0.048
Glades,2008,4345,4675,330,0.071
Glades,2009,4394,4843,449,0.093
Glades,2010,4993,5498,505,0.092
Glades,2011,4761,5261,500,0.095
Glades,2012,5213,5663,450,0.079
Glades,2013,5032,5455,423,0.078
Glades,2014,4527,4915,388,0.079
Glades,2015,4388,4729,341,0.072
Glades,2016,4436,4734,298,0.063
Glades,2017,4679,4947,268,0.054
Glades,2018,5014,5224,210,0.04
Glades,2019,5128,5350,222,0.041
Glades,2020,4903,5192,289,0.056
Gulf,2001,5025,5342,317,0.059
Gulf,2002,5194,5502,308,0.056
Gulf,2003,5561,5842,281,0.048
Gulf,2004,5728,5964,236,0.04
Gulf,2005,6110,6321,211,0.033
Gulf,2006,6221,6419,198,0.031
Gulf,2007,6027,6269,242,0.039
Gulf,2008,5957,6368,411,0.065
Gulf,2009,5753,6361,608,0.096
Gulf,2010,5564,6180,616,0.1
Gulf,2011,5606,6203,597,0.096
Gulf,2012,5546,6050,504,0.083
Gulf,2013,5712,6145,433,0.07
Gulf,2014,5732,6114,382,0.062
Gulf,2015,5699,6019,320,0.053
Gulf,2016,5704,5985,281,0.047
Gulf,2017,5770,6007,237,0.039
Gulf,2018,5720,5993,273,0.046
Gulf,2019,4943,5201,258,0.05
Gulf,2020,4724,5022,298,0.059
Hamilton,2001,4052,4393,341,0.078
Hamilton,2002,4091,4364,273,0.063
Hamilton,2003,4266,4517,251,0.056
Hamilton,2004,4333,4558,225,0.049
Hamilton,2005,4429,4616,187,0.041
Hamilton,2006,4463,4641,178,0.038
Hamilton,2007,4411,4627,216,0.047
Hamilton,2008,4441,4791,350,0.073
Hamilton,2009,4306,4848,542,0.112
Hamilton,2010,4238,4766,528,0.111
Hamilton,2011,4364,4869,505,0.104
Hamilton,2012,4673,5142,469,0.091
Hamilton,2013,4211,4625,414,0.09
Hamilton,2014,4241,4602,361,0.078
Hamilton,2015,4243,4540,297,0.065
Hamilton,2016,4406,4673,267,0.057
Hamilton,2017,4098,4309,211,0.049
Hamilton,2018,4182,4368,186,0.043
Hamilton,2019,4120,4307,187,0.043
Hamilton,2020,3880,4199,319,0.076
Hardee,2001,10010,10778,768,0.071
Hardee,2002,10184,10997,813,0.074
Hardee,2003,10364,11115,751,0.068
Hardee,2004,10245,10934,689,0.063
Hardee,2005,10834,11378,544,0.048
Hardee,2006,11506,11982,476,0.04
Hardee,2007,11313,11858,545,0.046
Hardee,2008,10952,11758,806,0.069
Hardee,2009,10701,11962,1261,0.105
Hardee,2010,10359,11664,1305,0.112
Hardee,2011,10658,11851,1193,0.101
Hardee,2012,10690,11769,1079,0.092
Hardee,2013,10080,11028,948,0.086
Hardee,2014,9516,10332,816,0.079
Hardee,2015,9416,10131,715,0.071
Hardee,2016,8664,9287,623,0.067
Hardee,2017,8427,8958,531,0.059
Hardee,2018,8334,8802,468,0.053
Hardee,2019,7932,8378,446,0.053
Hardee,2020,7915,8466,551,0.065
Hendry,2001,15770,17101,1331,0.078
Hendry,2002,15828,17318,1490,0.086
Hendry,2003,15696,17176,1480,0.086
Hendry,2004,15543,17001,1458,0.086
Hendry,2005,16088,17375,1287,0.074
Hendry,2006,16578,17698,1120,0.063
Hendry,2007,16654,18008,1354,0.075
Hendry,2008,15619,17565,1946,0.111
Hendry,2009,14744,17192,2448,0.142
Hendry,2010,15707,18174,2467,0.136
Hendry,2011,15394,17853,2459,0.138
Hendry,2012,14690,16911,2221,0.131
Hendry,2013,14574,16644,2070,0.124
Hendry,2014,13984,15825,1841,0.116
Hendry,2015,13535,15162,1627,0.107
Hendry,2016,14133,15462,1329,0.086
Hendry,2017,14817,15995,1178,0.074
Hendry,2018,14643,15618,975,0.062
Hendry,2019,14412,15376,964,0.063
Hendry,2020,14332,15589,1257,0.081
Hernando,2001,47829,50567,2738,0.054
Hernando,2002,47944,51545,3601,0.07
Hernando,2003,49323,52747,3424,0.065
Hernando,2004,52578,55841,3263,0.058
Hernando,2005,54294,57093,2799,0.049
Hernando,2006,57191,59884,2693,0.045
Hernando,2007,58059,61681,3622,0.059
Hernando,2008,57578,63163,5585,0.088
Hernando,2009,54056,62318,8262,0.133
Hernando,2010,57188,65828,8640,0.131
Hernando,2011,57597,65807,8210,0.125
Hernando,2012,58728,65910,7182,0.109
Hernando,2013,60023,66220,6197,0.094
Hernando,2014,60781,66188,5407,0.082
Hernando,2015,61707,66373,4666,0.07
Hernando,2016,63991,68152,4161,0.061
Hernando,2017,65650,69327,3677,0.053
Hernando,2018,67324,70594,3270,0.046
Hernando,2019,68756,71932,3176,0.044
Hernando,2020,65765,71534,5769,0.081
Highlands,2001,32679,34522,1843,0.053
Highlands,2002,33986,36262,2276,0.063
Highlands,2003,35768,37938,2170,0.057
Highlands,2004,35723,37751,2028,0.054
Highlands,2005,38293,39983,1690,0.042
Highlands,2006,39270,40797,1527,0.037
Highlands,2007,38284,40249,1965,0.049
Highlands,2008,37916,40939,3023,0.074
Highlands,2009,36113,40483,4370,0.108
Highlands,2010,32428,36899,4471,0.121
Highlands,2011,33583,37930,4347,0.115
Highlands,2012,33227,37162,3935,0.106
Highlands,2013,32494,36075,3581,0.099
Highlands,2014,32705,35813,3108,0.087
Highlands,2015,32799,35485,2686,0.076
Highlands,2016,33481,35846,2365,0.066
Highlands,2017,34290,36370,2080,0.057
Highlands,2018,34656,36460,1804,0.049
Highlands,2019,34082,35813,1731,0.048
Highlands,2020,31967,34641,2674,0.077
Hillsborough,2001,516621,539862,23241,0.043
Hillsborough,2002,515356,545558,30202,0.055
Hillsborough,2003,521627,550232,28605,0.052
Hillsborough,2004,543533,569195,25662,0.045
Hillsborough,2005,548804,570252,21448,0.038
Hillsborough,2006,566146,585548,19402,0.033
Hillsborough,2007,570539,595244,24705,0.042
Hillsborough,2008,560054,599256,39202,0.065
Hillsborough,2009,533687,596872,63185,0.106
Hillsborough,2010,573638,640114,66476,0.104
Hillsborough,2011,594729,657569,62840,0.096
Hillsborough,2012,609993,664074,54081,0.081
Hillsborough,2013,625343,671504,46161,0.069
Hillsborough,2014,641101,681695,40594,0.06
Hillsborough,2015,656690,692032,35342,0.051
Hillsborough,2016,677812,709538,31726,0.045
Hillsborough,2017,695123,723819,28696,0.04
Hillsborough,2018,710408,735930,25522,0.035
Hillsborough,2019,732354,757044,24690,0.033
Hillsborough,2020,700764,754552,53788,0.071
Holmes,2001,7271,7754,483,0.062
Holmes,2002,7210,7660,450,0.059
Holmes,2003,7363,7744,381,0.049
Holmes,2004,7619,7987,368,0.046
Holmes,2005,8064,8366,302,0.036
Holmes,2006,8362,8625,263,0.03
Holmes,2007,8455,8769,314,0.036
Holmes,2008,8531,8999,468,0.052
Holmes,2009,8173,8884,711,0.08
Holmes,2010,6414,7130,716,0.1
Holmes,2011,6452,7156,704,0.098
Holmes,2012,6473,7122,649,0.091
Holmes,2013,6422,6996,574,0.082
Holmes,2014,6361,6852,491,0.072
Holmes,2015,6301,6718,417,0.062
Holmes,2016,6367,6734,367,0.054
Holmes,2017,6554,6885,331,0.048
Holmes,2018,6603,6880,277,0.04
Holmes,2019,6689,6947,258,0.037
Holmes,2020,6472,6850,378,0.055
Indian,2001,49612,52803,3191,0.06
Indian,2002,49958,53979,4021,0.074
Indian,2003,52242,56163,3921,0.07
Indian,2004,52264,56200,3936,0.07
Indian,2005,56638,59484,2846,0.048
Indian,2006,59163,61703,2540,0.041
Indian,2007,59155,62723,3568,0.057
Indian,2008,57748,62940,5192,0.082
Indian,2009,54261,62299,8038,0.129
Indian,2010,52594,60783,8189,0.135
Indian,2011,53791,61573,7782,0.126
Indian,2012,54700,61660,6960,0.113
Indian,2013,55238,61401,6163,0.1
Indian,2014,56676,61680,5004,0.081
Indian,2015,57212,61460,4248,0.069
Indian,2016,58604,62394,3790,0.061
Indian,2017,60640,63889,3249,0.051
Indian,2018,62044,64901,2857,0.044
Indian,2019,62985,65635,2650,0.04
Indian,2020,59482,64233,4751,0.074
Jackson,2001,18645,19641,996,0.051
Jackson,2002,19117,20079,962,0.048
Jackson,2003,19309,20181,872,0.043
Jackson,2004,20015,20873,858,0.041
Jackson,2005,20313,21058,745,0.035
Jackson,2006,20527,21288,761,0.036
Jackson,2007,20679,21538,859,0.04
Jackson,2008,20973,22155,1182,0.053
Jackson,2009,20328,21958,1630,0.074
Jackson,2010,17131,18782,1651,0.088
Jackson,2011,16438,18151,1713,0.094
Jackson,2012,16348,17949,1601,0.089
Jackson,2013,16340,17735,1395,0.079
Jackson,2014,16256,17458,1202,0.069
Jackson,2015,16345,17379,1034,0.059
Jackson,2016,16480,17396,916,0.053
Jackson,2017,16499,17287,788,0.046
Jackson,2018,16524,17227,703,0.041
Jackson,2019,16477,17106,629,0.037
Jackson,2020,16298,17231,933,0.054
Jefferson,2001,6030,6318,288,0.046
Jefferson,2002,6108,6407,299,0.047
Jefferson,2003,6223,6511,288,0.044
Jefferson,2004,6377,6627,250,0.038
Jefferson,2005,6599,6814,215,0.032
Jefferson,2006,6863,7066,203,0.029
Jefferson,2007,6519,6749,230,0.034
Jefferson,2008,6491,6844,353,0.052
Jefferson,2009,6042,6578,536,0.081
Jefferson,2010,5417,5992,575,0.096
Jefferson,2011,5293,5884,591,0.1
Jefferson,2012,4950,5472,522,0.095
Jefferson,2013,5015,5456,441,0.081
Jefferson,2014,5116,5489,373,0.068
Jefferson,2015,5071,5395,324,0.06
Jefferson,2016,5117,5404,287,0.053
Jefferson,2017,5250,5493,243,0.044
Jefferson,2018,5352,5567,215,0.039
Jefferson,2019,5347,5541,194,0.035
Jefferson,2020,5049,5347,298,0.056
Lafayette,2001,2518,2663,145,0.054
Lafayette,2002,2624,2761,137,0.05
Lafayette,2003,2686,2804,118,0.042
Lafayette,2004,2702,2797,95,0.034
Lafayette,2005,2713,2798,85,0.03
Lafayette,2006,2771,2850,79,0.028
Lafayette,2007,2833,2921,88,0.03
Lafayette,2008,2839,2978,139,0.047
Lafayette,2009,2844,3074,230,0.075
Lafayette,2010,3141,3379,238,0.07
Lafayette,2011,3390,3615,225,0.062
Lafayette,2012,3256,3460,204,0.059
Lafayette,2013,3300,3489,189,0.054
Lafayette,2014,3171,3348,177,0.053
Lafayette,2015,3068,3217,149,0.046
Lafayette,2016,2846,2977,131,0.044
Lafayette,2017,2827,2937,110,0.037
Lafayette,2018,2729,2825,96,0.034
Lafayette,2019,2760,2847,87,0.031
Lafayette,2020,2664,2781,117,0.042
Lake,2001,92899,97392,4493,0.046
Lake,2002,93581,99439,5858,0.059
Lake,2003,98199,103685,5486,0.053
Lake,2004,105453,110583,5130,0.046
Lake,2005,113846,118339,4493,0.038
Lake,2006,122105,126341,4236,0.034
Lake,2007,127162,132744,5582,0.042
Lake,2008,127816,136844,9028,0.066
Lake,2009,120749,135874,15125,0.111
Lake,2010,117680,132826,15146,0.114
Lake,2011,118993,133044,14051,0.106
Lake,2012,121063,133178,12115,0.091
Lake,2013,124697,135123,10426,0.077
Lake,2014,129049,138134,9085,0.066
Lake,2015,133475,141343,7868,0.056
Lake,2016,139389,146577,7188,0.049
Lake,2017,144477,150886,6409,0.042
Lake,2018,149808,155447,5639,0.036
Lake,2019,156335,161784,5449,0.034
Lake,2020,140383,154028,13645,0.089
Lee,2001,211335,219821,8486,0.039
Lee,2002,217154,228531,11377,0.05
Lee,2003,226562,237744,11182,0.047
Lee,2004,241399,251852,10453,0.042
Lee,2005,263972,272752,8780,0.032
Lee,2006,278772,287157,8385,0.029
Lee,2007,277066,290882,13816,0.047
Lee,2008,262214,286092,23878,0.083
Lee,2009,244526,278817,34291,0.123
Lee,2010,246599,280605,34006,0.121
Lee,2011,254435,285363,30928,0.108
Lee,2012,264043,290468,26425,0.091
Lee,2013,275689,298348,22659,0.076
Lee,2014,290623,309859,19236,0.062
Lee,2015,303892,320586,16694,0.052
Lee,2016,314990,330398,15408,0.047
Lee,2017,321049,334903,13854,0.041
Lee,2018,329120,341068,11948,0.035
Lee,2019,337412,349001,11589,0.033
Lee,2020,320161,345417,25256,0.073
Leon,2001,129594,134525,4931,0.037
Leon,2002,127314,133250,5936,0.045
Leon,2003,128524,134093,5569,0.042
Leon,2004,128757,133899,5142,0.038
Leon,2005,133367,137708,4341,0.032
Leon,2006,136722,140574,3852,0.027
Leon,2007,140326,144890,4564,0.031
Leon,2008,140372,147218,6846,0.047
Leon,2009,136962,147363,10401,0.071
Leon,2010,137411,148825,11414,0.077
Leon,2011,137538,149095,11557,0.078
Leon,2012,137606,148301,10695,0.072
Leon,2013,138410,147808,9398,0.064
Leon,2014,141074,149611,8537,0.057
Leon,2015,140607,148125,7518,0.051
Leon,2016,143808,150702,6894,0.046
Leon,2017,145999,152004,6005,0.04
Leon,2018,148505,153810,5305,0.034
Leon,2019,149917,154954,5037,0.033
Leon,2020,141883,150626,8743,0.058
Levy,2001,13865,14634,769,0.053
Levy,2002,13937,14816,879,0.059
Levy,2003,14419,15251,832,0.055
Levy,2004,14860,15616,756,0.048
Levy,2005,15948,16579,631,0.038
Levy,2006,15917,16500,583,0.035
Levy,2007,16072,16793,721,0.043
Levy,2008,15666,16891,1225,0.073
Levy,2009,14824,16742,1918,0.115
Levy,2010,15189,17175,1986,0.116
Levy,2011,15039,16872,1833,0.109
Levy,2012,15035,16630,1595,0.096
Levy,2013,14911,16299,1388,0.085
Levy,2014,15129,16276,1147,0.07
Levy,2015,15547,16510,963,0.058
Levy,2016,15831,16702,871,0.052
Levy,2017,16005,16762,757,0.045
Levy,2018,16136,16802,666,0.04
Levy,2019,16066,16722,656,0.039
Levy,2020,15568,16569,1001,0.06
Liberty,2001,2573,2706,133,0.049
Liberty,2002,2796,2930,134,0.046
Liberty,2003,2911,3026,115,0.038
Liberty,2004,3027,3141,114,0.036
Liberty,2005,3204,3297,93,0.028
Liberty,2006,3444,3537,93,0.026
Liberty,2007,3563,3667,104,0.028
Liberty,2008,3683,3851,168,0.044
Liberty,2009,3644,3867,223,0.058
Liberty,2010,2663,2910,247,0.085
Liberty,2011,2586,2846,260,0.091
Liberty,2012,2505,2729,224,0.082
Liberty,2013,2638,2838,200,0.07
Liberty,2014,2560,2748,188,0.068
Liberty,2015,2491,2648,157,0.059
Liberty,2016,2509,2646,137,0.052
Liberty,2017,2497,2618,121,0.046
Liberty,2018,2508,2612,104,0.04
Liberty,2019,2556,2653,97,0.037
Liberty,2020,2473,2598,125,0.048
Madison,2001,7031,7412,381,0.051
Madison,2002,6835,7220,385,0.053
Madison,2003,6845,7212,367,0.051
Madison,2004,6801,7192,391,0.054
Madison,2005,7091,7438,347,0.047
Madison,2006,6960,7339,379,0.052
Madison,2007,6526,6954,428,0.062
Madison,2008,6530,7034,504,0.072
Madison,2009,6378,7140,762,0.107
Madison,2010,7114,7878,764,0.097
Madison,2011,7262,8029,767,0.096
Madison,2012,7245,7947,702,0.088
Madison,2013,7252,7893,641,0.081
Madison,2014,7161,7727,566,0.073
Madison,2015,7039,7504,465,0.062
Madison,2016,6960,7350,390,0.053
Madison,2017,7032,7363,331,0.045
Madison,2018,6996,7286,290,0.04
Madison,2019,7168,7464,296,0.04
Madison,2020,7140,7599,459,0.06
Manatee,2001,120586,125865,5279,0.042
Manatee,2002,125956,132835,6879,0.052
Manatee,2003,129549,136093,6544,0.048
Manatee,2004,136478,142577,6099,0.043
Manatee,2005,139595,144617,5022,0.035
Manatee,2006,144644,149208,4564,0.031
Manatee,2007,141381,147550,6169,0.042
Manatee,2008,133932,144269,10337,0.072
Manatee,2009,125901,142403,16502,0.116
Manatee,2010,130121,146334,16213,0.111
Manatee,2011,132628,147279,14651,0.099
Manatee,2012,137215,149768,12553,0.084
Manatee,2013,144059,154900,10841,0.07
Manatee,2014,150831,160276,9445,0.059
Manatee,2015,157051,165527,8476,0.051
Manatee,2016,163281,171148,7867,0.046
Manatee,2017,167587,174624,7037,0.04
Manatee,2018,171719,177921,6202,0.035
Manatee,2019,174772,180737,5965,0.033
Manatee,2020,164571,176496,11925,0.068
Marion,2001,104286,109925,5639,0.051
Marion,2002,104907,111655,6748,0.06
Marion,2003,108099,114386,6287,0.055
Marion,2004,113984,119728,5744,0.048
Marion,2005,123011,127862,4851,0.038
Marion,2006,129573,134179,4606,0.034
Marion,2007,130851,137247,6396,0.047
Marion,2008,127220,138375,11155,0.081
Marion,2009,118007,135282,17275,0.128
Marion,2010,113748,131068,17320,0.132
Marion,2011,114256,130254,15998,0.123
Marion,2012,116046,129686,13640,0.105
Marion,2013,119141,130783,11642,0.089
Marion,2014,121579,131442,9863,0.075
Marion,2015,122131,130698,8567,0.066
Marion,2016,124689,132466,7777,0.059
Marion,2017,126814,133626,6812,0.051
Marion,2018,129708,135674,5966,0.044
Marion,2019,133676,139264,5588,0.04
Marion,2020,128709,138469,9760,0.07
Martin,2001,55511,58526,3015,0.052
Martin,2002,56135,59658,3523,0.059
Martin,2003,57777,61161,3384,0.055
Martin,2004,58991,62199,3208,0.052
Martin,2005,62084,64652,2568,0.04
Martin,2006,62964,65247,2283,0.035
Martin,2007,62057,64940,2883,0.044
Martin,2008,59125,63675,4550,0.071
Martin,2009,56024,62927,6903,0.11
Martin,2010,59186,66056,6870,0.104
Martin,2011,59867,66410,6543,0.099
Martin,2012,60993,66705,5712,0.086
Martin,2013,62256,67316,5060,0.075
Martin,2014,64296,68572,4276,0.062
Martin,2015,65987,69769,3782,0.054
Martin,2016,67646,71125,3479,0.049
Martin,2017,68947,71994,3047,0.042
Martin,2018,70174,72805,2631,0.036
Martin,2019,70924,73362,2438,0.033
Martin,2020,67796,72180,4384,0.061
Miami-Dade,2001,1026885,1075145,48260,0.045
Miami-Dade,2002,1008222,1053110,44888,0.043
Miami-Dade,2003,1026479,1065762,39283,0.037
Miami-Dade,2004,1046521,1080088,33567,0.031
Miami-Dade,2005,1106002,1133105,27103,0.024
Miami-Dade,2006,1155886,1180505,24619,0.021
Miami-Dade,2007,1194185,1227055,32870,0.027
Miami-Dade,2008,1169309,1222595,53286,0.044
Miami-Dade,2009,1083040,1191175,108135,0.091
Miami-Dade,2010,1085051,1229381,144330,0.117
Miami-Dade,2011,1140476,1261955,121479,0.096
Miami-Dade,2012,1185974,1287313,101339,0.079
Miami-Dade,2013,1176128,1272817,96689,0.076
Miami-Dade,2014,1210346,1298195,87849,0.068
Miami-Dade,2015,1215857,1295273,79416,0.061
Miami-Dade,2016,1233029,1305259,72230,0.055
Miami-Dade,2017,1287153,1349006,61853,0.046
Miami-Dade,2018,1303064,1351674,48610,0.036
Miami-Dade,2019,1336431,1371849,35418,0.026
Miami-Dade,2020,1188173,1291854,103681,0.08
Monroe,2001,45020,46671,1651,0.035
Monroe,2002,44849,46717,1868,0.04
Monroe,2003,45131,46720,1589,0.034
Monroe,2004,44527,45976,1449,0.032
Monroe,2005,44259,45496,1237,0.027
Monroe,2006,43396,44497,1101,0.025
Monroe,2007,43532,44757,1225,0.027
Monroe,2008,44710,46650,1940,0.042
Monroe,2009,42279,45385,3106,0.068
Monroe,2010,38716,41862,3146,0.075
Monroe,2011,39566,42535,2969,0.07
Monroe,2012,41044,43603,2559,0.059
Monroe,2013,41922,44153,2231,0.051
Monroe,2014,43038,44941,1903,0.042
Monroe,2015,44332,45948,1616,0.035
Monroe,2016,45095,46592,1497,0.032
Monroe,2017,44121,45626,1505,0.033
Monroe,2018,43910,45085,1175,0.026
Monroe,2019,45559,46557,998,0.021
Monroe,2020,41223,44755,3532,0.079
Nassau,2001,29450,30728,1278,0.042
Nassau,2002,29053,30576,1523,0.05
Nassau,2003,29203,30704,1501,0.049
Nassau,2004,29941,31256,1315,0.042
Nassau,2005,31631,32720,1089,0.033
Nassau,2006,33111,34093,982,0.029
Nassau,2007,33994,35191,1197,0.034
Nassau,2008,34261,36276,2015,0.056
Nassau,2009,32469,35920,3451,0.096
Nassau,2010,31842,35491,3649,0.103
Nassau,2011,32372,35806,3434,0.096
Nassau,2012,32750,35715,2965,0.083
Nassau,2013,33542,36074,2532,0.07
Nassau,2014,33989,36208,2219,0.061
Nassau,2015,34798,36703,1905,0.052
Nassau,2016,36176,37897,1721,0.045
Nassau,2017,37564,39104,1540,0.039
Nassau,2018,39148,40474,1326,0.033
Nassau,2019,40563,41854,1291,0.031
Nassau,2020,38991,41338,2347,0.057
Okaloosa,2001,79612,83055,3443,0.041
Okaloosa,2002,81940,85706,3766,0.044
Okaloosa,2003,85403,88742,3339,0.038
Okaloosa,2004,89920,93054,3134,0.034
Okaloosa,2005,93848,96570,2722,0.028
Okaloosa,2006,96352,98731,2379,0.024
Okaloosa,2007,94552,97527,2975,0.031
Okaloosa,2008,92269,96861,4592,0.047
Okaloosa,2009,89500,96418,6918,0.072
Okaloosa,2010,81155,88348,7193,0.081
Okaloosa,2011,83334,90385,7051,0.078
Okaloosa,2012,84517,90810,6293,0.069
Okaloosa,2013,86383,91866,5483,0.06
Okaloosa,2014,87023,91890,4867,0.053
Okaloosa,2015,87870,92079,4209,0.046
Okaloosa,2016,89740,93533,3793,0.041
Okaloosa,2017,90997,94307,3310,0.035
Okaloosa,2018,92280,95191,2911,0.031
Okaloosa,2019,93926,96675,2749,0.028
Okaloosa,2020,90729,96010,5281,0.055
Okeechobee,2001,14675,15675,1000,0.064
Okeechobee,2002,15015,16151,1136,0.07
Okeechobee,2003,15118,16219,1101,0.068
Okeechobee,2004,15144,16182,1038,0.064
Okeechobee,2005,16386,17220,834,0.048
Okeechobee,2006,16748,17473,725,0.041
Okeechobee,2007,16608,17537,929,0.053
Okeechobee,2008,16183,17662,1479,0.084
Okeechobee,2009,16040,18199,2159,0.119
Okeechobee,2010,15740,17934,2194,0.122
Okeechobee,2011,15607,17718,2111,0.119
Okeechobee,2012,16341,18211,1870,0.103
Okeechobee,2013,16421,18066,1645,0.091
Okeechobee,2014,16316,17652,1336,0.076
Okeechobee,2015,16216,17318,1102,0.064
Okeechobee,2016,17261,18205,944,0.052
Okeechobee,2017,17514,18325,811,0.044
Okeechobee,2018,17031,17700,669,0.038
Okeechobee,2019,17105,17753,648,0.037
Okeechobee,2020,16217,17138,921,0.054
Orange,2001,487402,509594,22192,0.044
Orange,2002,477859,507357,29498,0.058
Orange,2003,486989,514061,27072,0.053
Orange,2004,506346,530884,24538,0.046
Orange,2005,533969,553951,19982,0.036
Orange,2006,557220,575327,18107,0.031
Orange,2007,571946,594761,22815,0.038
Orange,2008,566854,603287,36433,0.06
Orange,2009,533867,596021,62154,0.104
Orange,2010,563766,629808,66042,0.105
Orange,2011,575967,638380,62413,0.098
Orange,2012,594652,649668,55016,0.085
Orange,2013,614487,661332,46845,0.071
Orange,2014,634818,675438,40620,0.06
Orange,2015,653788,688737,34949,0.051
Orange,2016,677671,708817,31146,0.044
Orange,2017,700650,728390,27740,0.038
Orange,2018,721325,745904,24579,0.033
Orange,2019,735997,759379,23382,0.031
Orange,2020,659050,737546,78496,0.106
Osceola,2001,89394,93700,4306,0.046
Osceola,2002,91003,96824,5821,0.06
Osceola,2003,96488,102110,5622,0.055
Osceola,2004,104334,109692,5358,0.049
Osceola,2005,111999,116456,4457,0.038
Osceola,2006,120750,124996,4246,0.034
Osceola,2007,127164,132902,5738,0.043
Osceola,2008,129094,138080,8986,0.065
Osceola,2009,123212,138807,15595,0.112
Osceola,2010,119677,136117,16440,0.121
Osceola,2011,123764,139454,15690,0.113
Osceola,2012,128766,142662,13896,0.097
Osceola,2013,135390,147566,12176,0.083
Osceola,2014,141903,152455,10552,0.069
Osceola,2015,148689,157892,9203,0.058
Osceola,2016,156541,164792,8251,0.05
Osceola,2017,165325,172886,7561,0.044
Osceola,2018,173744,180485,6741,0.037
Osceola,2019,179268,185694,6426,0.035
Osceola,2020,160638,185793,25155,0.135
Palm,2001,538842,568372,29530,0.052
Palm,2002,544442,581208,36766,0.063
Palm,2003,551385,585815,34430,0.059
Palm,2004,566247,598161,31914,0.053
Palm,2005,578769,604861,26092,0.043
Palm,2006,596415,619269,22854,0.037
Palm,2007,598221,626062,27841,0.044
Palm,2008,585947,628411,42464,0.068
Palm,2009,549671,615500,65829,0.107
Palm,2010,572130,640308,68178,0.106
Palm,2011,583845,648941,65096,0.1
Palm,2012,598903,656413,57510,0.088
Palm,2013,620621,670585,49964,0.075
Palm,2014,642418,683721,41303,0.06
Palm,2015,657771,693582,35811,0.052
Palm,2016,677839,711609,33770,0.047
Palm,2017,690987,721446,30459,0.042
Palm,2018,699897,726479,26582,0.037
Palm,2019,709883,735111,25228,0.034
Palm,2020,662945,717379,54434,0.076
Pasco,2001,147745,155216,7471,0.048
Pasco,2002,149351,159092,9741,0.061
Pasco,2003,154113,163533,9420,0.058
Pasco,2004,164628,173717,9089,0.052
Pasco,2005,169875,177737,7862,0.044
Pasco,2006,179799,187047,7248,0.039
Pasco,2007,183551,193243,9692,0.05
Pasco,2008,182473,197619,15146,0.077
Pasco,2009,172016,195279,23263,0.119
Pasco,2010,181719,205550,23831,0.116
Pasco,2011,183302,205503,22201,0.108
Pasco,2012,188053,207412,19359,0.093
Pasco,2013,193095,209918,16823,0.08
Pasco,2014,198120,212730,14610,0.069
Pasco,2015,203402,216242,12840,0.059
Pasco,2016,211693,223250,11557,0.052
Pasco,2017,217765,228053,10288,0.045
Pasco,2018,224188,233371,9183,0.039
Pasco,2019,231402,240250,8848,0.037
Pasco,2020,221185,238327,17142,0.072
Pinellas,2001,450408,471589,21181,0.045
Pinellas,2002,439107,465976,26869,0.058
Pinellas,2003,435958,460833,24875,0.054
Pinellas,2004,443802,465181,21379,0.046
Pinellas,2005,435761,453533,17772,0.039
Pinellas,2006,437883,453148,15265,0.034
Pinellas,2007,431617,450329,18712,0.042
Pinellas,2008,418214,447744,29530,0.066
Pinellas,2009,393139,440723,47584,0.108
Pinellas,2010,412869,461265,48396,0.105
Pinellas,2011,416575,461249,44674,0.097
Pinellas,2012,425850,463951,38101,0.082
Pinellas,2013,436393,468883,32490,0.069
Pinellas,2014,442921,470895,27974,0.059
Pinellas,2015,448842,472466,23624,0.05
Pinellas,2016,458724,479772,21048,0.044
Pinellas,2017,464978,483673,18695,0.039
Pinellas,2018,468312,484718,16406,0.034
Pinellas,2019,470700,486091,15391,0.032
Pinellas,2020,450266,484330,34064,0.07
Polk,2001,225189,237564,12375,0.052
Polk,2002,223792,237919,14127,0.059
Polk,2003,226315,239924,13609,0.057
Polk,2004,236570,249232,12662,0.051
Polk,2005,247679,258158,10479,0.041
Polk,2006,254605,264259,9654,0.037
Polk,2007,255915,268193,12278,0.046
Polk,2008,254490,273427,18937,0.069
Polk,2009,242326,273152,30826,0.113
Polk,2010,243488,275957,32469,0.118
Polk,2011,244352,275294,30942,0.112
Polk,2012,248119,275402,27283,0.099
Polk,2013,254278,278126,23848,0.086
Polk,2014,257543,278128,20585,0.074
Polk,2015,263119,281059,17940,0.064
Polk,2016,271786,287843,16057,0.056
Polk,2017,278914,293119,14205,0.048
Polk,2018,286050,298622,12572,0.042
Polk,2019,294499,306541,12042,0.039
Polk,2020,287979,316626,28647,0.09
Putnam,2001,27497,29128,1631,0.056
Putnam,2002,27725,29725,2000,0.067
Putnam,2003,28960,30712,1752,0.057
Putnam,2004,29075,30759,1684,0.055
Putnam,2005,29994,31351,1357,0.043
Putnam,2006,30597,31781,1184,0.037
Putnam,2007,30420,31945,1525,0.048
Putnam,2008,29618,32057,2439,0.076
Putnam,2009,28514,32311,3797,0.118
Putnam,2010,26307,30235,3928,0.13
Putnam,2011,25822,29603,3781,0.128
Putnam,2012,25274,28775,3501,0.122
Putnam,2013,25124,28179,3055,0.108
Putnam,2014,25416,27922,2506,0.09
Putnam,2015,25266,27376,2110,0.077
Putnam,2016,25332,27071,1739,0.064
Putnam,2017,25521,27008,1487,0.055
Putnam,2018,25410,26735,1325,0.05
Putnam,2019,25376,26581,1205,0.045
Putnam,2020,24378,26470,2092,0.079
Santa,2001,53115,55732,2617,0.047
Santa,2002,54275,57328,3053,0.053
Santa,2003,57230,60030,2800,0.047
Santa,2004,60368,63198,2830,0.045
Santa,2005,65003,67451,2448,0.036
Santa,2006,67688,69789,2101,0.03
Santa,2007,67061,69649,2588,0.037
Santa,2008,66289,70359,4070,0.058
Santa,2009,63859,70216,6357,0.091
Santa,2010,64403,70749,6346,0.09
Santa,2011,66024,72241,6217,0.086
Santa,2012,66565,72170,5605,0.078
Santa,2013,67968,72833,4865,0.067
Santa,2014,68881,72991,4110,0.056
Santa,2015,70622,74246,3624,0.049
Santa,2016,72892,76371,3479,0.046
Santa,2017,75852,78962,3110,0.039
Santa,2018,78518,81273,2755,0.034
Santa,2019,81208,83819,2611,0.031
Santa,2020,78348,82647,4299,0.052
Sarasota,2001,144808,150916,6108,0.04
Sarasota,2002,149946,157826,7880,0.05
Sarasota,2003,153394,160918,7524,0.047
Sarasota,2004,160928,167945,7017,0.042
Sarasota,2005,163509,169305,5796,0.034
Sarasota,2006,167383,172810,5427,0.031
Sarasota,2007,163784,171609,7825,0.046
Sarasota,2008,154823,167160,12337,0.074
Sarasota,2009,143465,161799,18334,0.113
Sarasota,2010,147114,165757,18643,0.112
Sarasota,2011,148948,165867,16919,0.102
Sarasota,2012,152422,166931,14509,0.087
Sarasota,2013,157879,170288,12409,0.073
Sarasota,2014,164132,174637,10505,0.06
Sarasota,2015,169363,178504,9141,0.051
Sarasota,2016,173272,181607,8335,0.046
Sarasota,2017,177095,184457,7362,0.04
Sarasota,2018,180552,187032,6480,0.035
Sarasota,2019,182804,189004,6200,0.033
Sarasota,2020,171875,184464,12589,0.068
Seminole,2001,205653,214534,8881,0.041
Seminole,2002,201686,213794,12108,0.057
Seminole,2003,203760,214905,11145,0.052
Seminole,2004,209455,219012,9557,0.044
Seminole,2005,219393,227032,7639,0.034
Seminole,2006,227390,234285,6895,0.029
Seminole,2007,229929,238644,8715,0.037
Seminole,2008,227205,241178,13973,0.058
Seminole,2009,212497,235674,23177,0.098
Seminole,2010,205181,228713,23532,0.103
Seminole,2011,207265,229263,21998,0.096
Seminole,2012,210480,229622,19142,0.083
Seminole,2013,216145,232309,16164,0.07
Seminole,2014,221800,235652,13852,0.059
Seminole,2015,225741,237549,11808,0.05
Seminole,2016,232335,242812,10477,0.043
Seminole,2017,237683,246987,9304,0.038
Seminole,2018,241785,249994,8209,0.033
Seminole,2019,246300,254124,7824,0.031
Seminole,2020,220602,237769,17167,0.072
St. Johns,2001,66453,69083,2630,0.038
St. Johns,2002,67123,70321,3198,0.045
St. Johns,2003,69518,72616,3098,0.043
St. Johns,2004,74386,77315,2929,0.038
St. Johns,2005,80952,83507,2555,0.031
St. Johns,2006,86169,88575,2406,0.027
St. Johns,2007,89382,92427,3045,0.033
St. Johns,2008,91366,96362,4996,0.052
St. Johns,2009,88459,96570,8111,0.084
St. Johns,2010,90007,98319,8312,0.085
St. Johns,2011,93024,100810,7786,0.077
St. Johns,2012,96348,103312,6964,0.067
St. Johns,2013,100940,107005,6065,0.057
St. Johns,2014,105091,110429,5338,0.048
St. Johns,2015,109271,113798,4527,0.04
St. Johns,2016,114422,118966,4544,0.038
St. Johns,2017,120488,124767,4279,0.034
St. Johns,2018,126213,130054,3841,0.03
St. Johns,2019,131995,135761,3766,0.028
St. Johns,2020,126772,133843,7071,0.053
St. Lucie,2001,85370,91292,5922,0.065
St. Lucie,2002,87697,94713,7016,0.074
St. Lucie,2003,91824,98471,6647,0.068
St. Lucie,2004,97567,104341,6774,0.065
St. Lucie,2005,107512,112948,5436,0.048
St. Lucie,2006,114472,119477,5005,0.042
St. Lucie,2007,116666,123851,7185,0.058
St. Lucie,2008,113354,124487,11133,0.089
St. Lucie,2009,107098,123665,16567,0.134
St. Lucie,2010,110442,127436,16994,0.133
St. Lucie,2011,111837,127910,16073,0.126
St. Lucie,2012,113893,128364,14471,0.113
St. Lucie,2013,115651,129041,13390,0.104
St. Lucie,2014,119663,130404,10741,0.082
St. Lucie,2015,123346,131823,8477,0.064
St. Lucie,2016,127736,135657,7921,0.058
St. Lucie,2017,131816,139075,7259,0.052
St. Lucie,2018,136218,142627,6409,0.045
St. Lucie,2019,140515,146578,6063,0.041
St. Lucie,2020,134060,145363,11303,0.078
Sumter,2001,16500,17481,981,0.056
Sumter,2002,17514,18632,1118,0.06
Sumter,2003,18461,19493,1032,0.053
Sumter,2004,20065,21051,986,0.047
Sumter,2005,24685,25555,870,0.034
Sumter,2006,28936,29768,832,0.028
Sumter,2007,30390,31509,1119,0.036
Sumter,2008,29145,30934,1789,0.058
Sumter,2009,28967,31877,2910,0.091
Sumter,2010,21850,25080,3230,0.129
Sumter,2011,22746,25901,3155,0.122
Sumter,2012,23804,26712,2908,0.109
Sumter,2013,24872,27530,2658,0.097
Sumter,2014,25819,28243,2424,0.086
Sumter,2015,26518,28750,2232,0.078
Sumter,2016,27358,29490,2132,0.072
Sumter,2017,28364,30233,1869,0.062
Sumter,2018,29657,31299,1642,0.052
Sumter,2019,31030,32638,1608,0.049
Sumter,2020,29691,32225,2534,0.079
Suwannee,2001,14775,15574,799,0.051
Suwannee,2002,15197,16028,831,0.052
Suwannee,2003,15331,16084,753,0.047
Suwannee,2004,15453,16163,710,0.044
Suwannee,2005,16031,16638,607,0.036
Suwannee,2006,16405,16956,551,0.032
Suwannee,2007,16707,17350,643,0.037
Suwannee,2008,15979,17008,1029,0.061
Suwannee,2009,15765,17450,1685,0.097
Suwannee,2010,17184,18988,1804,0.095
Suwannee,2011,17028,18751,1723,0.092
Suwannee,2012,16714,18220,1506,0.083
Suwannee,2013,16726,18028,1302,0.072
Suwannee,2014,16781,17944,1163,0.065
Suwannee,2015,17014,18005,991,0.055
Suwannee,2016,17342,18243,901,0.049
Suwannee,2017,17535,18326,791,0.043
Suwannee,2018,17474,18158,684,0.038
Suwannee,2019,17639,18288,649,0.035
Suwannee,2020,16758,17758,1000,0.056
Taylor,2001,7730,8297,567,0.068
Taylor,2002,7967,8547,580,0.068
Taylor,2003,7662,8220,558,0.068
Taylor,2004,7920,8379,459,0.055
Taylor,2005,8456,8813,357,0.041
Taylor,2006,8408,8755,347,0.04
Taylor,2007,8431,8814,383,0.043
Taylor,2008,8525,9139,614,0.067
Taylor,2009,8181,9167,986,0.108
Taylor,2010,8430,9390,960,0.102
Taylor,2011,8445,9388,943,0.1
Taylor,2012,8484,9350,866,0.093
Taylor,2013,8690,9464,774,0.082
Taylor,2014,8689,9349,660,0.071
Taylor,2015,8404,9015,611,0.068
Taylor,2016,8383,8866,483,0.054
Taylor,2017,8363,8761,398,0.045
Taylor,2018,8316,8652,336,0.039
Taylor,2019,7920,8231,311,0.038
Taylor,2020,7659,8169,510,0.062
Union,2001,4514,4760,246,0.052
Union,2002,4632,4819,187,0.039
Union,2003,4673,4858,185,0.038
Union,2004,4711,4893,182,0.037
Union,2005,4893,5045,152,0.03
Union,2006,4987,5122,135,0.026
Union,2007,4973,5136,163,0.032
Union,2008,5045,5309,264,0.05
Union,2009,4982,5388,406,0.075
Union,2010,4989,5436,447,0.082
Union,2011,4727,5148,421,0.082
Union,2012,4676,5052,376,0.074
Union,2013,4641,4968,327,0.066
Union,2014,4436,4727,291,0.062
Union,2015,4520,4753,233,0.049
Union,2016,4601,4811,210,0.044
Union,2017,4626,4808,182,0.038
Union,2018,4458,4610,152,0.033
Union,2019,4464,4609,145,0.031
Union,2020,4336,4552,216,0.047
Volusia,2001,206227,215774,9547,0.044
Volusia,2002,208182,220727,12545,0.057
Volusia,2003,214968,226951,11983,0.053
Volusia,2004,223275,234360,11085,0.047
Volusia,2005,235627,244688,9061,0.037
Volusia,2006,241875,250088,8213,0.033
Volusia,2007,241896,252491,10595,0.042
Volusia,2008,237301,254567,17266,0.068
Volusia,2009,225174,252474,27300,0.108
Volusia,2010,207981,236074,28093,0.119
Volusia,2011,209938,236526,26588,0.112
Volusia,2012,212873,235956,23083,0.098
Volusia,2013,215040,235149,20109,0.086
Volusia,2014,220799,237504,16705,0.07
Volusia,2015,225449,239604,14155,0.059
Volusia,2016,233701,246286,12585,0.051
Volusia,2017,238277,249477,11200,0.045
Volusia,2018,242874,252558,9684,0.038
Volusia,2019,244818,254049,9231,0.036
Volusia,2020,230585,249560,18975,0.076
Wakulla,2001,11854,12309,455,0.037
Wakulla,2002,12155,12712,557,0.044
Wakulla,2003,12562,13117,555,0.042
Wakulla,2004,13051,13536,485,0.036
Wakulla,2005,13997,14399,402,0.028
Wakulla,2006,15067,15450,383,0.025
Wakulla,2007,14650,15109,459,0.03
Wakulla,2008,15178,15916,738,0.046
Wakulla,2009,15569,16732,1163,0.07
Wakulla,2010,13304,14475,1171,0.081
Wakulla,2011,13322,14518,1196,0.082
Wakulla,2012,12970,14025,1055,0.075
Wakulla,2013,13160,14036,876,0.062
Wakulla,2014,13520,14282,762,0.053
Wakulla,2015,13353,14013,660,0.047
Wakulla,2016,13743,14342,599,0.042
Wakulla,2017,13947,14473,526,0.036
Wakulla,2018,14258,14730,472,0.032
Wakulla,2019,14933,15402,469,0.03
Wakulla,2020,14216,14885,669,0.045
Walton,2001,19935,20757,822,0.04
Walton,2002,20562,21553,991,0.046
Walton,2003,21875,22749,874,0.038
Walton,2004,23573,24444,871,0.036
Walton,2005,27174,27944,770,0.028
Walton,2006,30441,31122,681,0.022
Walton,2007,30380,31252,872,0.028
Walton,2008,29684,31129,1445,0.046
Walton,2009,28499,30837,2338,0.076
Walton,2010,23433,25774,2341,0.091
Walton,2011,23914,26136,2222,0.085
Walton,2012,24133,26092,1959,0.075
Walton,2013,25178,26890,1712,0.064
Walton,2014,25811,27301,1490,0.055
Walton,2015,26623,27949,1326,0.047
Walton,2016,27776,29035,1259,0.043
Walton,2017,28896,30007,1111,0.037
Walton,2018,29992,30984,992,0.032
Walton,2019,31156,32117,961,0.03
Walton,2020,30070,31957,1887,0.059
Washington,2001,8337,8848,511,0.058
Washington,2002,8346,8906,560,0.063
Washington,2003,8356,8832,476,0.054
Washington,2004,8670,9093,423,0.047
Washington,2005,8946,9291,345,0.037
Washington,2006,9279,9598,319,0.033
Washington,2007,9259,9652,393,0.041
Washington,2008,9234,9881,647,0.065
Washington,2009,8922,9920,998,0.101
Washington,2010,9166,10206,1040,0.102
Washington,2011,9316,10348,1032,0.1
Washington,2012,9090,9999,909,0.091
Washington,2013,9040,9830,790,0.08
Washington,2014,9010,9681,671,0.069
Washington,2015,9068,9648,580,0.06
Washington,2016,9228,9732,504,0.052
Washington,2017,9343,9775,432,0.044
Washington,2018,9365,9749,384,0.039
Washington,2019,9355,9709,354,0.036
Washington,2020,8929,9478,549,0.058
