county,Year,Murder,Rape,Robbery,Aggravated_assault,Burglary,Larceny,Motor_vehicle_theft,Index_per_100k
Alachua,2001,8,176,453,1240,2918,7736,1031,6083
Alachua,2002,7,189,335,1264,2768,7429,895,5637
Alachua,2003,7,160,304,1413,2542,6782,877,5225
Alachua,2004,8,194,310,1325,2533,6064,744,4733
Alachua,2005,7,233,291,1511,2442,6448,749,4852
Alachua,2006,13,239,382,1558,2779,7530,794,5454
Alachua,2007,7,197,409,1574,2920,7070,768,5229
Alachua,2008,4,173,353,1380,2747,7179,657,4950
Alachua,2009,5,191,374,1414,2858,7253,686,4988
Alachua,2010,12,154,298,1093,2297,6387,493,4198
Alachua,2011,12,156,281,1090,2023,6485,435,4238
Alachua,2012,10,168,253,1057,1919,6372,357,4107
Alachua,2013,9,114,236,1023,1486,5996,362,3720
Alachua,2014,3,164,236,1003,1339,5879,421,3607
Alachua,2015,3,183,312,999,1236,5722,411,3478
Alachua,2016,4,216,271,966,1256,5963,534,3583
Alachua,2017,9,249,290,1097,1120,5751,524,3477
Alachua,2018,14,285,337,1175,1144,6170,633,3706
Alachua,2019,,,,,,,,
Alachua,2020,,,,,,,,
Baker,2001,1,3,4,83,78,337,38,2411
Baker,2002,0,2,17,66,63,302,38,2122
Baker,2003,0,1,10,53,89,296,42,2100
Baker,2004,1,2,11,72,89,293,32,2087
Baker,2005,0,5,10,107,78,383,23,2530
Baker,2006,2,4,7,70,30,340,33,1944
Baker,2007,3,5,4,69,28,277,21,1588
Baker,2008,1,3,5,50,37,219,20,1294
Baker,2009,1,13,8,31,68,298,13,1668
Baker,2010,0,1,7,39,51,272,13,1476
Baker,2011,0,4,6,32,43,259,11,1318
Baker,2012,0,4,9,39,51,230,16,1296
Baker,2013,0,0,4,82,98,257,15,1696
Baker,2014,0,1,6,114,70,237,10,1623
Baker,2015,0,1,8,102,106,256,12,1795
Baker,2016,1,4,8,105,103,194,19,1610
Baker,2017,2,5,5,79,101,208,22,1552
Baker,2018,2,5,7,81,49,215,24,1385
Baker,2019,,,,,,,,
Baker,2020,,,,,,,,
Bay,2001,6,121,185,683,1455,6049,361,5895
Bay,2002,8,119,180,828,1722,6392,399,6340
Bay,2003,7,121,215,816,1855,6406,450,6375
Bay,2004,11,97,163,801,1632,5493,517,5500
Bay,2005,4,93,164,790,1373,5001,380,4826
Bay,2006,5,98,184,999,1386,4720,379,4695
Bay,2007,8,109,171,682,1569,4870,400,4658
Bay,2008,11,95,172,736,1615,4747,363,4571
Bay,2009,9,83,170,663,1725,5108,331,4771
Bay,2010,12,61,158,608,1646,5566,342,4921
Bay,2011,12,62,173,636,1628,5472,324,4907
Bay,2012,9,70,168,595,1558,5538,295,4860
Bay,2013,8,85,164,589,1278,5375,302,4592
Bay,2014,17,80,140,633,1274,5480,402,4700
Bay,2015,9,76,159,662,1214,5321,377,4511
Bay,2016,9,87,133,668,1127,5013,427,4241
Bay,2017,11,80,103,705,1190,5082,489,4284
Bay,2018,7,72,98,583,1173,4301,500,3716
Bay,2019,,,,,,,,
Bay,2020,,,,,,,,
Bradford,2001,1,15,15,112,226,452,55,3359
Bradford,2002,2,9,6,113,239,325,54,2821
Bradford,2003,0,2,11,93,179,321,48,2425
Bradford,2004,0,13,8,120,140,347,48,2437
Bradford,2005,1,9,6,111,121,281,35,2006
Bradford,2006,0,8,13,98,114,347,41,2175
Bradford,2007,1,8,12,119,209,393,61,2764
Bradford,2008,1,7,7,135,222,336,58,2636
Bradford,2009,0,11,12,127,240,341,56,2706
Bradford,2010,1,6,11,63,191,395,14,2378
Bradford,2011,0,4,6,109,152,457,37,2669
Bradford,2012,0,12,6,101,179,339,26,2434
Bradford,2013,1,11,11,100,110,259,19,1878
Bradford,2014,0,16,7,80,79,220,16,1530
Bradford,2015,0,8,14,71,89,201,12,1446
Bradford,2016,2,4,8,116,113,216,20,1746
Bradford,2017,0,3,5,92,117,244,27,1765
Bradford,2018,1,6,10,79,97,255,38,1707
Bradford,2019,,,,,,,,
Bradford,2020,,,,,,,,
Brevard,2001,15,270,659,2616,4263,14725,1419,4940
Brevard,2002,12,326,636,2964,4827,13058,1304,4681
Brevard,2003,22,338,539,2512,4798,12060,1324,4252
Brevard,2004,14,253,502,2502,4261,9935,1178,3576
Brevard,2005,18,297,499,2390,4348,11499,1188,3805
Brevard,2006,22,278,635,2585,4735,12270,1277,4015
Brevard,2007,32,233,710,2698,4728,12424,1359,4018
Brevard,2008,22,225,663,2685,4935,12445,1268,3999
Brevard,2009,26,242,598,2653,4137,12873,965,3868
Brevard,2010,20,231,531,2324,4273,12187,695,3649
Brevard,2011,15,241,561,2347,4616,12861,748,3923
Brevard,2012,30,265,505,2093,3945,11867,847,3583
Brevard,2013,20,277,470,2049,3751,10952,690,3320
Brevard,2014,17,247,414,1996,2874,10968,667,3110
Brevard,2015,24,338,449,2067,2855,11131,970,3175
Brevard,2016,20,255,451,2144,3249,10454,1154,3116
Brevard,2017,25,235,396,2047,2651,10588,1025,2950
Brevard,2018,29,216,336,1633,2262,9612,880,2565
Brevard,2019,,,,,,,,
Brevard,2020,,,,,,,,
Broward,2001,90,598,3203,5815,13321,45021,9165,4680
Broward,2002,90,582,2979,5311,12717,42822,8310,4362
Broward,2003,67,630,2877,5244,11726,41282,7487,4081
Broward,2004,63,665,3520,5917,13013,43933,7060,4304
Broward,2005,63,664,3372,6143,13414,44903,7213,4352
Broward,2006,87,587,3685,6152,13218,44240,7092,4281
Broward,2007,105,562,4051,5940,14183,47763,6993,4508
Broward,2008,85,590,4045,5611,15684,49866,6208,4668
Broward,2009,76,517,3374,5363,15952,48487,5129,4522
Broward,2010,63,510,3137,4673,17354,46243,4717,4381
Broward,2011,59,528,3474,4455,18814,47633,4502,4533
Broward,2012,80,522,3425,4509,17469,46079,4384,4318
Broward,2013,80,568,2980,4249,15937,43853,3921,4011
Broward,2014,75,614,2619,4201,11886,42114,3845,3623
Broward,2015,85,592,2474,4363,10258,42671,4927,3577
Broward,2016,81,559,2715,4195,8813,44436,5622,3582
Broward,2017,95,579,2522,4347,8186,43250,5955,3465
Broward,2018,96,628,2083,4264,6274,39804,5509,3091
Broward,2019,,,,,,,,
Broward,2020,,,,,,,,
Calhoun,2001,1,1,2,30,44,94,15,1430
Calhoun,2002,1,1,0,21,54,109,17,1534
Calhoun,2003,2,1,1,41,72,89,11,1615
Calhoun,2004,0,0,2,23,30,72,8,992
Calhoun,2005,1,3,0,19,41,67,15,1047
Calhoun,2006,0,0,1,19,37,58,13,907
Calhoun,2007,1,3,2,20,45,72,10,1057
Calhoun,2008,0,3,3,23,44,96,3,1202
Calhoun,2009,2,1,0,13,28,70,3,801
Calhoun,2010,0,1,1,17,25,84,2,899
Calhoun,2011,1,1,1,10,37,65,8,838
Calhoun,2012,0,2,0,18,33,75,6,915
Calhoun,2013,1,8,1,8,15,49,2,575
Calhoun,2014,0,3,0,17,42,73,4,953
Calhoun,2015,0,0,0,24,33,40,12,749
Calhoun,2016,0,1,1,28,20,60,4,782
Calhoun,2017,0,4,1,28,30,69,4,907
Calhoun,2018,2,0,1,28,33,70,8,941
Calhoun,2019,,,,,,,,
Calhoun,2020,,,,,,,,
Charlotte,2001,5,25,32,275,977,2769,260,3004
Charlotte,2002,2,38,54,387,1081,3013,255,3252
Charlotte,2003,4,29,51,338,1259,3027,248,3261
Charlotte,2004,5,41,82,490,1267,3118,272,3360
Charlotte,2005,2,44,64,598,1200,3437,312,3673
Charlotte,2006,2,19,95,617,1343,3754,357,3859
Charlotte,2007,10,29,73,518,1149,3365,258,3282
Charlotte,2008,3,15,72,438,1274,3506,227,3339
Charlotte,2009,3,21,62,376,1068,2906,177,2788
Charlotte,2010,1,29,47,303,1153,2934,112,2746
Charlotte,2011,2,32,53,300,1144,2780,113,2757
Charlotte,2012,1,24,37,326,910,2475,122,2384
Charlotte,2013,1,39,35,296,784,2511,114,2309
Charlotte,2014,2,25,28,230,560,2248,105,1944
Charlotte,2015,1,31,30,264,416,2064,110,1745
Charlotte,2016,5,35,20,331,432,2127,112,1796
Charlotte,2017,1,33,28,314,391,1781,127,1549
Charlotte,2018,2,32,19,308,255,1724,114,1379
Charlotte,2019,,,,,,,,
Charlotte,2020,,,,,,,,
Citrus,2001,5,54,24,232,710,1685,135,2362
Citrus,2002,4,40,24,297,785,1690,150,2431
Citrus,2003,3,56,20,279,576,1839,154,2327
Citrus,2004,2,40,22,293,607,1710,179,2210
Citrus,2005,6,33,28,284,545,1798,140,2137
Citrus,2006,1,48,36,316,643,2025,174,2371
Citrus,2007,4,37,41,314,700,1880,164,2241
Citrus,2008,7,32,59,354,776,2099,209,2489
Citrus,2009,2,40,46,411,815,2103,150,2501
Citrus,2010,7,41,54,355,916,2382,132,2733
Citrus,2011,5,34,69,303,832,2173,133,2518
Citrus,2012,5,35,57,324,737,1971,129,2315
Citrus,2013,5,45,65,363,631,1911,107,2225
Citrus,2014,4,50,50,339,528,1709,145,2006
Citrus,2015,2,49,37,304,405,1400,107,1628
Citrus,2016,4,40,39,255,426,1443,110,1620
Citrus,2017,3,42,40,314,431,1472,134,1694
Citrus,2018,2,19,42,282,369,1505,230,1681
Citrus,2019,,,,,,,,
Citrus,2020,,,,,,,,
Clay,2001,3,88,80,470,699,3723,257,3724
Clay,2002,2,71,73,428,787,2965,251,3053
Clay,2003,4,57,82,356,716,2356,262,2457
Clay,2004,6,73,61,462,833,2481,292,2574
Clay,2005,5,89,70,560,1019,2773,342,2864
Clay,2006,7,92,101,562,1018,3272,298,3024
Clay,2007,6,68,117,676,1040,3249,326,2969
Clay,2008,5,104,110,647,1234,3642,262,3242
Clay,2009,13,81,122,667,1070,3465,199,3033
Clay,2010,9,66,117,578,906,3322,162,2755
Clay,2011,5,57,110,545,986,3608,167,2866
Clay,2012,7,64,86,584,842,3330,126,2624
Clay,2013,3,69,91,462,757,3114,142,2405
Clay,2014,6,52,103,343,747,3243,123,2339
Clay,2015,5,101,86,354,612,2888,136,2078
Clay,2016,5,110,95,344,701,2718,187,2026
Clay,2017,4,92,92,399,592,2463,177,1831
Clay,2018,3,103,103,429,654,2578,243,1940
Clay,2019,,,,,,,,
Clay,2020,,,,,,,,
Collier,2001,10,103,264,908,2285,5974,551,3817
Collier,2002,7,120,280,916,2301,5517,505,3477
Collier,2003,10,139,236,945,1974,5372,460,3124
Collier,2004,14,114,218,887,1550,4868,416,2635
Collier,2005,9,114,218,932,1413,4569,422,2416
Collier,2006,7,116,291,876,1456,4379,364,2293
Collier,2007,16,88,242,936,1485,4216,392,2209
Collier,2008,8,73,234,807,1360,4502,321,2195
Collier,2009,14,61,199,731,1287,4346,228,2062
Collier,2010,11,61,204,689,1199,4344,196,2023
Collier,2011,10,63,215,688,1485,4377,215,2178
Collier,2012,6,48,151,570,1356,3932,243,1912
Collier,2013,12,82,114,557,1121,3884,231,1799
Collier,2014,5,83,164,613,904,3901,280,1767
Collier,2015,2,106,167,709,947,3601,270,1688
Collier,2016,10,70,169,713,807,3443,246,1559
Collier,2017,7,82,155,752,712,3447,233,1507
Collier,2018,9,109,141,654,535,3449,244,1400
Collier,2019,,,,,,,,
Collier,2020,,,,,,,,
Columbia,2001,5,26,62,341,689,1541,223,5059
Columbia,2002,5,24,58,336,746,1585,180,5026
Columbia,2003,1,27,42,338,724,1718,184,5152
Columbia,2004,2,30,55,330,569,1550,121,4395
Columbia,2005,5,47,46,354,489,1396,142,4033
Columbia,2006,2,27,43,340,499,1340,136,3757
Columbia,2007,2,18,58,323,745,1802,138,4721
Columbia,2008,2,27,56,357,767,1662,134,4545
Columbia,2009,6,14,51,263,776,1375,104,3899
Columbia,2010,3,31,40,298,561,1408,84,3603
Columbia,2011,3,12,39,375,796,1501,61,4127
Columbia,2012,3,20,46,356,812,1317,53,3849
Columbia,2013,7,11,45,387,760,1458,71,4058
Columbia,2014,2,33,47,302,692,1353,61,3671
Columbia,2015,6,21,45,392,615,1314,93,3647
Columbia,2016,3,20,36,314,562,1212,98,3274
Columbia,2017,4,29,44,299,588,1270,78,3354
Columbia,2018,5,32,33,265,489,1166,117,3022
Columbia,2019,,,,,,,,
Columbia,2020,,,,,,,,
DeSoto,2001,3,7,35,154,355,533,53,3482
DeSoto,2002,0,8,41,150,417,554,95,3857
DeSoto,2003,2,14,23,174,556,629,59,4322
DeSoto,2004,4,6,24,192,280,583,35,3296
DeSoto,2005,1,13,17,169,399,705,61,4186
DeSoto,2006,1,12,38,186,323,552,35,3459
DeSoto,2007,4,8,30,219,510,524,63,3996
DeSoto,2008,2,9,60,182,388,623,76,3886
DeSoto,2009,0,16,53,240,460,646,41,4185
DeSoto,2010,0,12,35,220,403,614,41,3810
DeSoto,2011,1,10,26,128,352,447,30,2864
DeSoto,2012,1,7,30,104,319,487,23,2822
DeSoto,2013,2,7,21,147,270,494,23,2805
DeSoto,2014,2,13,19,107,307,629,26,3204
DeSoto,2015,0,12,16,112,223,489,52,2599
DeSoto,2016,2,13,15,133,268,492,51,2772
DeSoto,2017,6,9,13,128,296,454,64,2723
DeSoto,2018,0,8,21,113,273,410,54,2475
DeSoto,2019,,,,,,,,
DeSoto,2020,,,,,,,,
Dixie,2001,0,12,1,61,173,258,38,3862
Dixie,2002,1,8,5,75,269,278,16,4509
Dixie,2003,1,14,4,71,179,317,21,4133
Dixie,2004,1,16,8,58,160,243,18,3376
Dixie,2005,0,13,6,76,130,266,22,3336
Dixie,2006,1,5,12,59,158,292,13,3445
Dixie,2007,2,11,5,68,164,273,28,3486
Dixie,2008,0,10,13,70,270,403,39,5043
Dixie,2009,0,13,6,69,247,325,18,4180
Dixie,2010,1,10,7,48,231,294,29,3770
Dixie,2011,0,17,5,47,167,246,25,3094
Dixie,2012,0,5,5,47,213,194,27,3013
Dixie,2013,1,7,6,53,201,245,11,3222
Dixie,2014,3,10,2,57,168,229,10,2929
Dixie,2015,1,5,4,61,150,191,19,2617
Dixie,2016,1,13,1,65,128,191,10,2438
Dixie,2017,1,4,2,88,118,130,27,2212
Dixie,2018,1,8,1,65,112,71,20,1686
Dixie,2019,,,,,,,,
Dixie,2020,,,,,,,,
Duval,2001,77,477,2275,4672,10346,30802,5310,6797
Duval,2002,93,394,2086,4532,9537,31027,5551,6575
Duval,2003,95,304,2412,3991,9311,31747,4999,6397
Duval,2004,105,302,2292,3945,9497,31357,4894,6234
Duval,2005,96,308,2349,4066,9454,31796,5166,6182
Duval,2006,115,333,2419,4070,10167,31675,4552,6066
Duval,2007,125,409,3245,4636,11837,32069,5082,6395
Duval,2008,116,403,3061,4594,12682,32922,4249,6412
Duval,2009,101,346,2491,4075,11978,30296,2869,5792
Duval,2010,81,440,1773,3283,9998,28095,2084,5077
Duval,2011,76,505,1664,3056,9011,27952,1974,5117
Duval,2012,94,507,1436,3177,8025,27335,1712,4862
Duval,2013,93,493,1483,3166,7441,26087,1674,4616
Duval,2014,96,518,1473,3762,7146,26494,2077,4670
Duval,2015,97,496,1454,3629,6335,25229,2446,4382
Duval,2016,106,540,1523,3586,6166,24466,3218,4288
Duval,2017,112,581,1425,3807,5929,24636,3143,4231
Duval,2018,112,561,1368,3570,5128,23732,3150,3948
Duval,2019,,,,,,,,
Duval,2020,,,,,,,,
Escambia,2001,17,193,544,1340,3326,8114,673,4788
Escambia,2002,16,210,506,1308,3640,8890,782,5126
Escambia,2003,12,203,389,1158,3164,8435,736,4648
Escambia,2004,19,180,370,1360,2852,7513,784,4257
Escambia,2005,10,206,463,1633,2787,8075,991,4665
Escambia,2006,11,214,561,1529,3210,8674,1039,4921
Escambia,2007,20,188,668,1567,3018,8758,975,4873
Escambia,2008,22,196,692,1741,2993,8525,835,4786
Escambia,2009,18,242,636,1731,3265,8750,753,4919
Escambia,2010,29,253,573,1391,3189,9313,609,4935
Escambia,2011,16,208,565,1279,3241,9908,726,5327
Escambia,2012,22,207,502,1601,3899,9920,680,5619
Escambia,2013,26,164,439,1446,3264,9702,768,5250
Escambia,2014,21,181,388,1454,2818,8850,660,4729
Escambia,2015,24,197,404,1439,2628,9101,644,4703
Escambia,2016,19,188,373,1400,1978,7767,655,3994
Escambia,2017,19,209,307,1198,2004,7628,556,3804
Escambia,2018,12,224,293,1181,1769,7203,679,3566
Escambia,2019,,,,,,,,
Escambia,2020,,,,,,,,
Flagler,2001,1,21,27,119,348,786,77,2595
Flagler,2002,2,14,19,152,365,722,71,2365
Flagler,2003,2,9,29,151,353,906,83,2488
Flagler,2004,0,14,19,145,347,982,102,2307
Flagler,2005,1,14,45,216,395,1153,135,2489
Flagler,2006,4,18,37,150,502,1391,170,2548
Flagler,2007,4,23,54,180,609,1660,167,2880
Flagler,2008,0,18,56,180,540,1510,135,2552
Flagler,2009,3,23,48,202,592,1590,110,2704
Flagler,2010,0,18,36,167,556,1591,104,2603
Flagler,2011,1,22,37,235,505,1485,75,2452
Flagler,2012,1,8,38,199,436,1433,74,2252
Flagler,2013,3,22,57,186,476,1343,83,2218
Flagler,2014,0,14,32,192,330,1399,76,2061
Flagler,2015,2,23,26,213,375,1324,109,2043
Flagler,2016,0,20,32,206,334,1405,105,2038
Flagler,2017,5,23,32,204,287,1425,106,1979
Flagler,2018,3,29,12,197,203,1145,73,1545
Flagler,2019,,,,,,,,
Flagler,2020,,,,,,,,
Franklin,2001,2,5,6,46,79,451,32,5546
Franklin,2002,0,8,10,40,63,342,33,4881
Franklin,2003,1,11,3,37,38,288,19,3788
Franklin,2004,1,7,7,22,54,247,18,3343
Franklin,2005,0,2,3,36,87,155,19,2785
Franklin,2006,1,0,3,23,105,154,16,2534
Franklin,2007,0,2,1,33,78,155,22,2376
Franklin,2008,0,1,0,28,46,112,16,1646
Franklin,2009,0,6,2,68,79,163,8,2626
Franklin,2010,1,13,2,85,44,121,17,2295
Franklin,2011,0,13,1,90,75,157,15,3045
Franklin,2012,1,16,1,74,84,130,11,2749
Franklin,2013,0,5,4,24,89,93,14,1981
Franklin,2014,1,3,1,29,51,119,7,1789
Franklin,2015,2,6,1,16,72,166,7,2280
Franklin,2016,0,1,0,27,37,83,16,1376
Franklin,2017,0,3,1,21,54,98,7,1513
Franklin,2018,1,3,1,52,48,182,1,2398
Franklin,2019,,,,,,,,
Franklin,2020,,,,,,,,
Gadsden,2001,7,30,68,299,426,971,94,4185
Gadsden,2002,5,30,62,249,393,913,68,3746
Gadsden,2003,4,24,43,219,457,872,75,3644
Gadsden,2004,6,23,38,284,390,880,81,3632
Gadsden,2005,6,18,55,393,600,815,73,4108
Gadsden,2006,1,24,35,353,537,802,108,3859
Gadsden,2007,1,22,45,345,640,540,92,3411
Gadsden,2008,1,11,46,478,748,591,39,3782
Gadsden,2009,2,4,27,397,425,423,12,2578
Gadsden,2010,4,18,39,408,500,718,48,3471
Gadsden,2011,2,14,41,190,396,668,35,2793
Gadsden,2012,5,13,25,189,444,659,42,2899
Gadsden,2013,3,9,20,149,361,575,39,2429
Gadsden,2014,0,16,16,148,376,511,40,2302
Gadsden,2015,2,12,14,144,300,511,39,2115
Gadsden,2016,3,11,13,75,229,247,23,1240
Gadsden,2017,3,27,22,161,309,414,50,2043
Gadsden,2018,4,21,21,165,233,343,63,1777
Gadsden,2019,,,,,,,,
Gadsden,2020,,,,,,,,
Gilchrist,2001,0,5,5,64,103,216,12,2755
Gilchrist,2002,0,5,6,96,83,192,18,2663
Gilchrist,2003,0,1,4,81,120,265,22,3177
Gilchrist,2004,0,3,2,24,114,185,28,2239
Gilchrist,2005,0,1,5,23,105,235,36,2497
Gilchrist,2006,1,1,0,19,101,125,30,1658
Gilchrist,2007,0,0,1,34,81,80,20,1263
Gilchrist,2008,2,0,5,38,111,152,17,1883
Gilchrist,2009,2,0,2,17,113,138,23,1696
Gilchrist,2010,1,1,0,35,59,64,11,966
Gilchrist,2011,1,2,2,28,96,157,8,1731
Gilchrist,2012,0,0,1,27,94,137,16,1623
Gilchrist,2013,1,1,2,30,62,99,4,1179
Gilchrist,2014,7,2,1,45,71,85,11,1317
Gilchrist,2015,0,0,1,7,2,7,1,107
Gilchrist,2016,0,0,0,3,2,9,0,
Gilchrist,2017,0,0,6,19,38,28,4,
Gilchrist,2018,2,4,2,20,63,69,7,958
Gilchrist,2019,,,,,,,,
Gilchrist,2020,,,,,,,,
Glades,2001,0,3,3,32,87,177,24,3072
Glades,2002,0,3,4,23,115,150,24,2991
Glades,2003,0,2,3,26,105,140,11,2675
Glades,2004,1,3,2,37,76,134,20,2544
Glades,2005,1,1,11,31,93,147,28,2908
Glades,2006,1,7,8,45,87,171,30,3233
Glades,2007,0,1,7,36,115,179,30,3329
Glades,2008,0,6,3,43,123,170,37,3374
Glades,2009,0,3,3,25,85,123,9,2193
Glades,2010,1,4,1,33,107,120,18,2630
Glades,2011,1,1,6,31,77,172,21,2412
Glades,2012,0,4,1,28,72,111,11,1791
Glades,2013,0,3,1,33,50,105,4,1548
Glades,2014,0,0,3,31,39,80,11,1276
Glades,2015,1,1,1,26,74,106,17,1758
Glades,2016,0,2,2,25,33,85,10,1203
Glades,2017,0,1,0,30,45,116,17,1597
Glades,2018,0,2,1,23,33,84,9,1169
Glades,2019,,,,,,,,
Glades,2020,,,,,,,,
Gulf,2001,0,6,1,48,68,125,21,1799
Gulf,2002,0,2,5,61,56,131,15,1776
Gulf,2003,0,2,6,59,55,154,15,1864
Gulf,2004,0,4,1,52,88,139,19,1874
Gulf,2005,1,6,5,96,82,138,13,2069
Gulf,2006,0,3,2,94,73,165,14,2126
Gulf,2007,0,5,3,97,120,173,14,2450
Gulf,2008,0,3,2,69,59,149,14,1749
Gulf,2009,1,3,1,71,47,114,10,1470
Gulf,2010,1,0,4,42,53,90,5,1170
Gulf,2011,1,0,1,56,74,119,4,1615
Gulf,2012,1,4,5,58,125,134,8,2104
Gulf,2013,0,5,0,80,155,176,20,2707
Gulf,2014,1,3,1,55,83,183,10,2031
Gulf,2015,1,5,3,63,95,145,8,1958
Gulf,2016,0,3,3,54,81,123,5,1618
Gulf,2017,0,2,3,39,101,122,10,1700
Gulf,2018,0,2,0,43,50,85,8,1140
Gulf,2019,,,,,,,,
Gulf,2020,,,,,,,,
Hamilton,2001,2,7,10,64,109,180,27,2906
Hamilton,2002,2,8,12,82,165,240,33,3892
Hamilton,2003,1,5,11,67,147,219,49,3558
Hamilton,2004,0,1,14,59,106,229,43,3160
Hamilton,2005,1,4,6,47,72,127,25,1970
Hamilton,2006,0,1,11,46,75,174,13,2204
Hamilton,2007,0,4,6,38,109,134,11,2054
Hamilton,2008,1,7,16,63,142,271,30,3586
Hamilton,2009,1,10,9,50,111,189,18,2625
Hamilton,2010,1,4,15,50,118,187,15,2655
Hamilton,2011,0,1,9,43,145,169,24,2652
Hamilton,2012,0,0,5,37,148,178,11,2555
Hamilton,2013,1,6,8,45,162,155,29,2799
Hamilton,2014,1,9,6,35,183,209,15,3191
Hamilton,2015,5,4,10,42,125,217,15,2857
Hamilton,2016,0,3,1,32,101,155,19,2121
Hamilton,2017,2,8,11,57,100,200,29,2776
Hamilton,2018,1,3,7,39,75,202,20,2373
Hamilton,2019,,,,,,,,
Hamilton,2020,,,,,,,,
Hardee,2001,1,8,28,111,363,497,67,3993
Hardee,2002,1,8,37,105,334,513,65,3874
Hardee,2003,0,6,25,136,245,542,64,3715
Hardee,2004,0,10,19,134,244,578,63,3772
Hardee,2005,2,16,13,160,175,514,54,3417
Hardee,2006,0,8,17,119,166,520,56,3259
Hardee,2007,3,13,27,90,259,622,81,3979
Hardee,2008,0,9,25,56,215,571,84,3440
Hardee,2009,0,12,18,47,253,509,44,3117
Hardee,2010,1,16,23,53,335,450,38,3229
Hardee,2011,4,12,13,50,297,467,32,3164
Hardee,2012,1,9,12,50,229,471,36,2910
Hardee,2013,1,10,6,55,209,444,34,2742
Hardee,2014,0,11,7,47,178,457,27,2623
Hardee,2015,0,12,4,54,154,273,32,1914
Hardee,2016,0,11,11,59,158,336,27,2178
Hardee,2017,0,7,5,60,154,285,32,1980
Hardee,2018,1,8,7,51,168,313,48,2184
Hardee,2019,,,,,,,,
Hardee,2020,,,,,,,,
Hendry,2001,1,24,69,204,366,815,172,4548
Hendry,2002,3,15,72,188,437,883,107,4716
Hendry,2003,9,14,56,191,310,844,103,4182
Hendry,2004,2,15,63,206,336,802,106,4092
Hendry,2005,3,9,78,230,460,903,114,4683
Hendry,2006,4,13,58,211,396,722,114,3925
Hendry,2007,6,12,64,225,529,766,158,4439
Hendry,2008,4,10,69,250,631,724,131,4413
Hendry,2009,5,8,34,181,693,582,85,3843
Hendry,2010,3,10,46,196,717,599,53,3976
Hendry,2011,7,13,28,191,539,727,51,3999
Hendry,2012,0,15,37,165,595,646,52,3960
Hendry,2013,2,16,24,209,502,632,62,3827
Hendry,2014,1,17,31,215,437,712,53,3869
Hendry,2015,3,21,46,203,484,737,55,4066
Hendry,2016,5,14,29,106,320,568,27,2786
Hendry,2017,4,13,34,118,410,533,58,2996
Hendry,2018,2,13,33,142,267,540,41,2622
Hendry,2019,,,,,,,,
Hendry,2020,,,,,,,,
Hernando,2001,4,66,86,713,1401,3335,279,4432
Hernando,2002,5,66,94,715,1576,3471,259,4532
Hernando,2003,5,83,89,826,1349,3444,319,4347
Hernando,2004,4,98,70,712,1320,2976,267,3751
Hernando,2005,0,83,56,541,1231,3331,329,3695
Hernando,2006,5,75,60,541,1573,3665,293,3957
Hernando,2007,1,83,82,544,1639,3429,346,3776
Hernando,2008,4,89,91,448,1739,4117,354,4149
Hernando,2009,4,69,80,444,1444,3599,200,3538
Hernando,2010,9,69,93,481,1309,3321,168,3292
Hernando,2011,8,46,85,406,1390,3605,177,3303
Hernando,2012,2,53,71,385,1249,3213,166,2969
Hernando,2013,8,40,70,349,1049,2753,176,2557
Hernando,2014,9,48,55,334,850,2933,223,2545
Hernando,2015,2,46,64,409,755,2938,222,2509
Hernando,2016,4,67,73,323,670,2524,228,2167
Hernando,2017,8,76,68,360,582,2462,205,2068
Hernando,2018,6,77,50,335,490,2170,203,1795
Hernando,2019,,,,,,,,
Hernando,2020,,,,,,,,
Highlands,2001,4,14,98,213,980,1810,188,3749
Highlands,2002,4,23,123,264,1184,2063,267,4412
Highlands,2003,4,45,66,260,1000,1666,167,3549
Highlands,2004,4,24,72,298,928,1735,174,3514
Highlands,2005,3,35,66,297,831,1797,158,3410
Highlands,2006,2,22,77,298,1157,1659,139,3469
Highlands,2007,6,26,65,314,1107,1616,159,3335
Highlands,2008,6,19,53,232,1010,1771,144,3228
Highlands,2009,4,16,65,192,948,1809,126,3169
Highlands,2010,6,18,54,183,804,1749,80,2917
Highlands,2011,2,20,46,205,956,1842,91,3203
Highlands,2012,3,28,65,151,840,1527,105,2748
Highlands,2013,4,23,52,258,861,1960,139,3327
Highlands,2014,11,20,57,172,760,1716,90,2831
Highlands,2015,5,35,46,192,578,1752,91,2679
Highlands,2016,7,27,49,244,674,1873,120,2949
Highlands,2017,7,38,42,242,693,1863,109,2931
Highlands,2018,2,44,39,229,568,1736,90,2641
Highlands,2019,,,,,,,,
Highlands,2020,,,,,,,,
Hillsborough,2001,58,572,3350,7245,12707,38619,11227,7184
Hillsborough,2002,72,582,3501,7186,13476,39488,11527,7184
Hillsborough,2003,72,649,2967,7513,13924,40651,9599,6982
Hillsborough,2004,58,538,2496,6837,13035,36836,7865,6105
Hillsborough,2005,47,620,2180,6934,11480,33863,6264,5425
Hillsborough,2006,61,424,2464,6102,11607,34179,7098,5319
Hillsborough,2007,67,425,2670,5375,11578,32527,5711,4892
Hillsborough,2008,75,463,2295,5083,12272,31264,4497,4660
Hillsborough,2009,56,353,2045,4254,11803,27542,3690,4156
Hillsborough,2010,65,279,1462,3588,9650,24758,2520,3517
Hillsborough,2011,60,264,1192,2934,8392,22134,1993,2984
Hillsborough,2012,53,266,1130,2875,7139,21548,1811,2772
Hillsborough,2013,63,260,1108,2765,6551,20245,1658,2558
Hillsborough,2014,57,237,1016,2793,5764,20170,1703,2438
Hillsborough,2015,70,292,1119,2948,5382,19562,1835,2354
Hillsborough,2016,63,280,903,2857,4493,17552,2008,2081
Hillsborough,2017,63,359,821,2884,4145,16743,1997,1958
Hillsborough,2018,62,374,673,2712,3191,16385,1827,1790
Hillsborough,2019,,,,,,,,
Hillsborough,2020,,,,,,,,
Holmes,2001,0,7,0,26,71,66,14,983
Holmes,2002,0,9,1,36,111,90,24,1449
Holmes,2003,1,9,2,28,105,115,13,1441
Holmes,2004,0,4,5,41,73,135,21,1467
Holmes,2005,0,4,0,49,57,143,24,1446
Holmes,2006,0,11,1,27,78,105,30,1292
Holmes,2007,2,12,6,31,64,134,21,1387
Holmes,2008,0,9,1,30,87,173,39,1716
Holmes,2009,0,6,2,40,84,145,27,1531
Holmes,2010,1,7,1,46,72,142,18,1478
Holmes,2011,3,6,1,51,63,177,19,1608
Holmes,2012,1,7,3,31,96,137,16,1456
Holmes,2013,0,1,6,57,85,175,19,1713
Holmes,2014,0,8,0,49,111,149,23,1698
Holmes,2015,2,1,3,38,82,97,24,1241
Holmes,2016,0,6,6,52,86,137,18,1525
Holmes,2017,0,10,1,62,77,175,31,1762
Holmes,2018,0,3,0,52,67,113,12,1227
Holmes,2019,,,,,,,,
Holmes,2020,,,,,,,,
Indian,2001,3,56,57,296,950,2649,187,3628
Indian,2002,2,63,65,314,998,3041,225,3985
Indian,2003,5,63,79,295,935,3127,220,3899
Indian,2004,1,56,65,360,869,2906,220,3530
Indian,2005,2,33,85,318,986,3035,272,3638
Indian,2006,7,39,121,300,888,2852,203,3260
Indian,2007,2,37,101,308,1046,2753,242,3212
Indian,2008,4,41,102,310,1088,3045,152,3347
Indian,2009,7,16,80,332,1034,2849,151,3155
Indian,2010,0,27,90,324,1193,2898,157,3302
Indian,2011,5,34,82,313,1107,2742,110,3167
Indian,2012,1,19,64,331,851,2830,102,3010
Indian,2013,4,40,41,319,680,2215,88,2426
Indian,2014,7,24,47,314,735,2341,97,2529
Indian,2015,2,36,40,303,707,2692,150,2742
Indian,2016,4,21,43,277,574,2044,158,2132
Indian,2017,3,39,51,364,532,2189,163,2243
Indian,2018,12,38,51,228,395,1884,119,1796
Indian,2019,,,,,,,,
Indian,2020,,,,,,,,
Jackson,2001,2,24,22,226,251,603,43,2466
Jackson,2002,2,19,27,163,359,696,63,2786
Jackson,2003,3,8,21,171,315,721,64,2660
Jackson,2004,4,21,13,218,296,637,76,2589
Jackson,2005,5,20,12,203,313,629,63,2505
Jackson,2006,1,6,18,241,290,558,66,2348
Jackson,2007,6,20,24,268,332,643,64,2692
Jackson,2008,6,16,22,217,311,583,61,2310
Jackson,2009,1,23,18,197,313,554,49,2194
Jackson,2010,3,33,33,220,289,900,48,2966
Jackson,2011,1,23,9,153,266,802,31,2572
Jackson,2012,0,17,27,163,245,577,24,2112
Jackson,2013,3,14,19,157,186,580,34,1979
Jackson,2014,1,14,17,147,170,592,15,1903
Jackson,2015,3,18,8,156,203,631,42,2103
Jackson,2016,0,23,7,123,242,600,48,2072
Jackson,2017,7,31,9,206,192,704,37,2352
Jackson,2018,4,28,9,139,211,624,83,2177
Jackson,2019,,,,,,,,
Jackson,2020,,,,,,,,
Jefferson,2001,2,7,12,82,141,157,19,3220
Jefferson,2002,0,7,10,67,100,167,28,2858
Jefferson,2003,0,10,7,70,43,126,18,2022
Jefferson,2004,0,11,3,85,53,86,9,1756
Jefferson,2005,0,11,5,63,69,120,18,2009
Jefferson,2006,0,8,11,106,94,83,11,2181
Jefferson,2007,1,8,9,125,89,70,6,2125
Jefferson,2008,0,8,10,197,85,69,11,2611
Jefferson,2009,0,6,6,100,118,79,13,2194
Jefferson,2010,0,5,7,151,138,69,16,2632
Jefferson,2011,0,5,2,92,113,79,16,2093
Jefferson,2012,0,3,6,77,103,64,9,1810
Jefferson,2013,0,7,2,91,59,59,8,1553
Jefferson,2014,0,6,2,129,100,64,18,2185
Jefferson,2015,0,10,1,128,82,70,12,2087
Jefferson,2016,1,10,3,93,82,89,16,2028
Jefferson,2017,0,5,3,55,82,140,15,2053
Jefferson,2018,2,4,5,74,120,129,21,2410
Jefferson,2019,,,,,,,,
Jefferson,2020,,,,,,,,
Lafayette,2001,0,2,0,9,4,2,0,241
Lafayette,2002,0,0,0,3,11,5,0,264
Lafayette,2003,0,3,0,15,30,47,6,1374
Lafayette,2004,1,9,2,28,34,56,6,1805
Lafayette,2005,0,0,0,10,10,31,2,665
Lafayette,2006,0,0,0,18,14,35,3,868
Lafayette,2007,0,1,0,17,29,29,3,962
Lafayette,2008,0,0,0,19,13,14,3,591
Lafayette,2009,1,1,3,16,37,36,3,1185
Lafayette,2010,0,0,2,18,11,28,0,685
Lafayette,2011,0,0,0,10,15,47,2,846
Lafayette,2012,1,1,1,23,28,38,1,1074
Lafayette,2013,0,1,2,26,13,12,0,627
Lafayette,2014,0,1,1,17,21,25,2,770
Lafayette,2015,0,2,0,19,24,32,2,912
Lafayette,2016,0,0,0,13,27,31,2,847
Lafayette,2017,1,3,0,31,12,21,2,826
Lafayette,2018,0,0,0,22,17,19,3,718
Lafayette,2019,,,,,,,,
Lafayette,2020,,,,,,,,
Lake,2001,14,92,163,1202,1976,4229,553,3735
Lake,2002,8,86,128,1050,1987,3878,520,3314
Lake,2003,1,89,148,992,2226,3981,506,3300
Lake,2004,9,125,135,1252,2134,3960,555,3244
Lake,2005,13,118,143,1222,2262,4468,587,3351
Lake,2006,9,114,209,1230,2250,4727,594,3300
Lake,2007,5,111,169,1130,2322,4827,664,3221
Lake,2008,12,120,216,1223,2337,5376,569,3417
Lake,2009,12,121,195,920,2071,5256,458,3094
Lake,2010,10,103,150,822,1670,5101,417,2781
Lake,2011,9,59,156,774,2110,5261,457,2959
Lake,2012,8,75,130,697,2003,4934,375,2744
Lake,2013,3,89,115,679,1850,4631,333,2539
Lake,2014,7,111,109,668,1953,4691,376,2555
Lake,2015,11,108,129,745,1909,5169,410,2679
Lake,2016,6,105,122,736,1606,4499,426,2315
Lake,2017,19,129,209,767,1599,4884,515,2448
Lake,2018,12,146,147,714,1434,4831,505,2271
Lake,2019,,,,,,,,
Lake,2020,,,,,,,,
Lee,2001,20,190,801,1778,4600,11740,2418,4736
Lee,2002,42,210,794,1796,4773,11453,2312,4500
Lee,2003,27,170,651,1610,4702,10715,1956,4006
Lee,2004,31,218,757,1743,4618,11432,2209,4030
Lee,2005,33,220,823,1770,4875,11341,2363,3899
Lee,2006,48,234,866,1869,5736,11998,2309,3938
Lee,2007,47,219,988,1928,6501,13983,2138,4191
Lee,2008,46,195,775,1693,6199,13520,1493,3835
Lee,2009,40,144,725,1514,5858,10844,1238,3310
Lee,2010,27,167,604,1423,4949,10348,911,3004
Lee,2011,38,140,602,1354,5326,11375,797,3140
Lee,2012,45,149,553,1381,4171,9927,923,2688
Lee,2013,25,150,577,1357,3779,9808,813,2566
Lee,2014,34,168,559,1453,3117,9591,846,2413
Lee,2015,31,206,565,1555,2844,8880,862,2244
Lee,2016,41,249,445,1827,2459,8359,819,2086
Lee,2017,45,249,541,1462,2294,8018,956,1942
Lee,2018,40,276,454,1356,1802,7938,1063,1811
Lee,2019,,,,,,,,
Lee,2020,,,,,,,,
Leon,2001,7,197,543,1619,3492,9254,1141,6655
Leon,2002,9,216,464,1355,3391,9252,1039,6340
Leon,2003,8,206,404,1192,3138,8381,927,5580
Leon,2004,13,217,391,1290,3611,6217,1024,4836
Leon,2005,11,184,461,1367,3385,6929,936,4896
Leon,2006,10,215,529,1300,3076,6616,778,4596
Leon,2007,5,212,654,1287,3421,6775,791,4817
Leon,2008,14,168,732,1337,3688,7223,654,5026
Leon,2009,10,162,541,1261,4010,6349,438,4647
Leon,2010,15,172,539,1304,3517,7019,464,4741
Leon,2011,14,152,575,1227,4062,7335,488,5014
Leon,2012,17,148,576,1085,3378,7002,641,4627
Leon,2013,14,197,429,1116,2778,7980,549,4693
Leon,2014,17,232,333,1456,2970,8281,819,5015
Leon,2015,21,274,442,1623,2687,8869,1144,5295
Leon,2016,12,258,456,1386,2834,10048,1275,5655
Leon,2017,22,242,382,1251,1956,9096,877,4802
Leon,2018,20,251,351,1167,1793,8518,926,4456
Leon,2019,,,,,,,,
Leon,2020,,,,,,,,
Levy,2001,1,32,26,253,393,793,84,4505
Levy,2002,0,27,15,196,497,745,63,4285
Levy,2003,2,37,11,197,376,839,84,4217
Levy,2004,1,36,15,222,353,764,81,3927
Levy,2005,3,23,8,249,353,851,58,4067
Levy,2006,0,21,17,188,395,823,65,3871
Levy,2007,0,28,10,202,311,646,92,3219
Levy,2008,0,29,15,234,440,764,122,3930
Levy,2009,1,16,13,239,486,685,72,3717
Levy,2010,0,11,15,134,513,805,101,3809
Levy,2011,1,12,21,125,468,829,55,3706
Levy,2012,0,18,5,88,323,590,45,2650
Levy,2013,0,0,6,12,146,224,5,975
Levy,2014,0,1,1,13,135,246,10,1003
Levy,2015,3,13,4,361,281,454,38,2853
Levy,2016,1,8,7,404,263,461,31,2897
Levy,2017,2,21,7,438,358,446,55,3235
Levy,2018,1,24,8,463,380,424,86,3376
Levy,2019,,,,,,,,
Levy,2020,,,,,,,,
Liberty,2001,0,8,1,18,30,29,7,1304
Liberty,2002,0,6,2,12,13,43,14,1258
Liberty,2003,0,2,7,28,17,38,6,1356
Liberty,2004,0,1,2,13,16,22,4,789
Liberty,2005,0,3,1,12,15,18,5,712
Liberty,2006,0,2,0,4,20,14,8,618
Liberty,2007,,,,,,,,
Liberty,2008,,,,,,,,
Liberty,2009,,,,,,,,
Liberty,2010,0,0,0,10,0,0,0,122
Liberty,2011,0,1,0,6,17,21,0,538
Liberty,2012,1,4,0,8,22,31,0,775
Liberty,2013,0,0,3,9,19,33,1,766
Liberty,2014,0,1,0,6,9,38,0,623
Liberty,2015,0,0,0,0,0,0,0,0
Liberty,2016,1,0,0,1,1,4,2,0
Liberty,2017,0,0,0,12,19,41,9,929
Liberty,2018,0,3,0,6,13,28,6,628
Liberty,2019,,,,,,,,
Liberty,2020,,,,,,,,
Madison,2001,1,2,19,101,156,882,21,6267
Madison,2002,0,7,19,79,211,820,12,6064
Madison,2003,1,16,19,87,226,453,30,4347
Madison,2004,0,13,12,130,180,410,23,3939
Madison,2005,3,6,25,95,205,396,17,3793
Madison,2006,3,11,11,109,198,369,33,3704
Madison,2007,0,8,10,166,191,366,31,3871
Madison,2008,2,6,20,154,221,320,26,3717
Madison,2009,4,10,31,123,175,327,13,3359
Madison,2010,1,8,13,140,197,305,22,3440
Madison,2011,1,4,14,115,160,294,15,3125
Madison,2012,1,7,13,133,153,317,16,3329
Madison,2013,0,6,12,138,126,304,6,3052
Madison,2014,1,9,15,124,132,266,8,2875
Madison,2015,2,6,9,186,158,279,3,3349
Madison,2016,2,9,5,157,168,247,8,3098
Madison,2017,0,12,11,192,144,235,9,3112
Madison,2018,0,13,3,122,76,113,3,1695
Madison,2019,,,,,,,,
Madison,2020,,,,,,,,
Manatee,2001,11,166,450,1708,3518,8715,1188,5713
Manatee,2002,16,136,515,1639,3609,9868,1049,5960
Manatee,2003,15,120,562,1697,3653,9538,1150,5732
Manatee,2004,13,131,512,1802,3527,9965,1130,5688
Manatee,2005,14,118,537,2089,3201,10076,1150,5554
Manatee,2006,20,133,642,2290,3521,10481,1161,5823
Manatee,2007,22,143,692,2134,3329,10132,1095,5467
Manatee,2008,12,116,758,1977,3766,10151,849,5462
Manatee,2009,26,134,615,1741,3323,9374,674,4837
Manatee,2010,13,137,529,1397,3607,8768,489,4607
Manatee,2011,15,138,462,1382,3334,9056,475,4560
Manatee,2012,26,166,389,1354,2731,7768,404,3835
Manatee,2013,13,209,385,1322,2642,7558,422,3709
Manatee,2014,14,213,318,1328,2158,7300,434,3420
Manatee,2015,20,206,291,1516,2035,6756,426,3180
Manatee,2016,23,165,259,1330,1479,5884,421,2641
Manatee,2017,24,185,274,1399,1236,5179,414,2334
Manatee,2018,19,169,285,1331,1129,5710,474,2384
Manatee,2019,,,,,,,,
Manatee,2020,,,,,,,,
Marion,2001,15,153,233,1499,2495,5883,591,4113
Marion,2002,16,180,230,1550,2613,5492,553,3923
Marion,2003,10,193,254,1424,2513,5619,588,3760
Marion,2004,17,191,208,1463,2405,5730,659,3639
Marion,2005,17,192,253,1494,2520,5463,616,3461
Marion,2006,15,199,277,1706,2118,5376,570,3257
Marion,2007,14,171,275,1561,2489,5931,584,3392
Marion,2008,22,184,312,1417,2365,5469,504,3119
Marion,2009,12,183,266,1316,2384,5724,372,3104
Marion,2010,9,163,243,1259,2371,5659,314,3035
Marion,2011,14,182,191,1203,2540,5549,292,3006
Marion,2012,21,187,162,1174,1989,5080,242,2659
Marion,2013,17,148,170,1031,1864,4877,275,2502
Marion,2014,19,131,171,1031,1655,5013,260,2454
Marion,2015,10,113,195,867,1712,5088,333,2438
Marion,2016,18,90,213,853,1926,5384,613,2631
Marion,2017,17,143,253,975,1947,5435,689,2708
Marion,2018,29,244,199,1003,1611,5175,642,2516
Marion,2019,,,,,,,,
Marion,2020,,,,,,,,
Martin,2001,2,33,125,328,878,2911,199,3473
Martin,2002,6,43,117,400,1011,3009,259,3697
Martin,2003,4,29,122,377,893,3012,230,3470
Martin,2004,7,32,107,376,806,2907,224,3240
Martin,2005,3,14,144,438,710,2461,249,2849
Martin,2006,7,17,161,427,779,2885,208,3143
Martin,2007,3,17,156,389,808,3094,229,3267
Martin,2008,2,18,164,295,887,3128,174,3245
Martin,2009,8,16,156,286,928,2639,150,2908
Martin,2010,2,16,113,269,796,2585,118,2712
Martin,2011,3,23,93,224,797,2784,103,2745
Martin,2012,4,38,88,244,721,2369,133,2444
Martin,2013,0,19,61,161,699,2436,126,2365
Martin,2014,5,48,77,215,579,1969,98,2013
Martin,2015,0,55,60,259,383,1980,105,1894
Martin,2016,6,58,59,248,394,2013,87,1899
Martin,2017,1,73,53,258,569,2229,101,2146
Martin,2018,3,80,76,238,263,1810,64,1629
Martin,2019,,,,,,,,
Martin,2020,,,,,,,,
Miami-Dade,2001,190,1111,8397,16238,26827,98426,23784,7655
Miami-Dade,2002,204,1143,8435,15830,26120,95340,21205,7277
Miami-Dade,2003,205,1241,8559,14880,25811,97027,20650,7177
Miami-Dade,2004,218,1195,7774,14608,24627,92351,19052,6716
Miami-Dade,2005,171,1024,7387,14764,25585,84229,17275,6211
Miami-Dade,2006,240,1058,7538,14160,24525,80282,17019,5943
Miami-Dade,2007,228,941,8872,13251,26713,87420,17177,6279
Miami-Dade,2008,228,883,8047,12305,26030,88930,16100,6157
Miami-Dade,2009,215,741,7054,11398,25345,85359,12150,5754
Miami-Dade,2010,224,701,5958,11216,23111,84061,10906,5490
Miami-Dade,2011,218,853,6157,10642,24227,84714,10848,5470
Miami-Dade,2012,210,769,6006,9745,21109,83124,9459,5112
Miami-Dade,2013,229,813,6370,9497,18935,82528,8332,4906
Miami-Dade,2014,212,801,5706,9842,17115,80448,8478,4691
Miami-Dade,2015,217,756,5366,9896,14534,76400,8800,4370
Miami-Dade,2016,198,796,4831,9810,11774,75242,8568,4118
Miami-Dade,2017,188,874,4032,9364,11628,72384,8702,3907
Miami-Dade,2018,198,916,3653,8965,9178,69295,8336,3618
Miami-Dade,2019,,,,,,,,
Miami-Dade,2020,,,,,,,,
Monroe,2001,3,40,111,350,936,3467,422,6613
Monroe,2002,2,38,100,311,852,3472,409,6389
Monroe,2003,5,32,97,266,790,3117,308,5730
Monroe,2004,1,47,91,307,791,2984,367,5648
Monroe,2005,1,46,69,230,637,2547,257,4595
Monroe,2006,1,46,103,292,788,2495,362,5076
Monroe,2007,4,40,68,321,690,2602,311,5110
Monroe,2008,4,45,90,249,880,2870,271,5795
Monroe,2009,3,31,80,293,954,2858,219,5695
Monroe,2010,6,32,82,220,892,2695,188,5352
Monroe,2011,3,26,68,254,611,2491,124,4922
Monroe,2012,3,36,66,276,638,2549,144,5092
Monroe,2013,2,35,52,294,568,2264,151,4576
Monroe,2014,0,28,61,295,489,2074,184,4229
Monroe,2015,2,35,30,290,426,1903,144,3814
Monroe,2016,2,33,33,213,321,1624,134,3103
Monroe,2017,9,19,29,235,271,1452,116,2772
Monroe,2018,2,29,23,210,187,1350,124,2604
Monroe,2019,,,,,,,,
Monroe,2020,,,,,,,,
Nassau,2001,7,15,43,675,697,774,173,4013
Nassau,2002,2,12,29,718,674,808,213,4020
Nassau,2003,4,19,21,769,514,747,130,3495
Nassau,2004,2,35,25,716,435,876,122,3401
Nassau,2005,0,20,21,720,407,946,120,3397
Nassau,2006,4,11,25,936,571,1154,141,4168
Nassau,2007,2,16,30,959,497,1018,153,3845
Nassau,2008,1,10,39,571,569,1267,118,3581
Nassau,2009,2,6,35,351,498,1119,96,2903
Nassau,2010,0,7,24,162,455,979,54,2349
Nassau,2011,0,4,12,109,410,1021,74,2212
Nassau,2012,1,4,21,86,412,926,72,2064
Nassau,2013,1,5,13,61,318,828,51,1710
Nassau,2014,1,2,20,60,297,864,71,1746
Nassau,2015,2,16,12,66,375,586,47,1442
Nassau,2016,5,22,9,135,533,616,51,1761
Nassau,2017,1,21,15,170,409,677,78,1704
Nassau,2018,2,24,7,168,410,760,115,1796
Nassau,2019,,,,,,,,
Nassau,2020,,,,,,,,
Okaloosa,2001,5,64,117,371,921,3812,232,3184
Okaloosa,2002,4,67,108,384,911,3644,278,3049
Okaloosa,2003,3,60,118,389,940,3646,294,3009
Okaloosa,2004,3,49,102,402,1197,3712,321,3114
Okaloosa,2005,3,50,106,400,1081,3909,388,3142
Okaloosa,2006,5,58,106,507,1039,3867,433,3122
Okaloosa,2007,4,68,144,481,1182,4125,363,3240
Okaloosa,2008,3,63,139,455,1047,4198,294,3137
Okaloosa,2009,5,71,138,287,1038,3876,262,2893
Okaloosa,2010,3,67,114,451,1168,3832,244,3010
Okaloosa,2011,4,71,113,546,997,4037,217,3294
Okaloosa,2012,2,93,108,635,920,3889,219,3132
Okaloosa,2013,4,105,119,568,815,3399,189,2760
Okaloosa,2014,3,91,112,547,960,3601,195,2889
Okaloosa,2015,12,78,86,564,908,3812,205,2952
Okaloosa,2016,10,108,84,597,842,3792,281,2962
Okaloosa,2017,6,100,80,542,899,3513,332,2799
Okaloosa,2018,9,104,59,546,638,3366,306,2537
Okaloosa,2019,,,,,,,,
Okaloosa,2020,,,,,,,,
Okeechobee,2001,2,24,26,191,293,919,55,4177
Okeechobee,2002,1,16,54,172,350,824,89,4120
Okeechobee,2003,1,22,37,187,368,717,63,3746
Okeechobee,2004,1,26,12,242,482,555,91,3708
Okeechobee,2005,2,18,21,301,431,630,88,3948
Okeechobee,2006,6,17,38,239,467,674,87,3952
Okeechobee,2007,1,20,12,207,369,597,71,3272
Okeechobee,2008,2,19,36,236,589,816,53,4377
Okeechobee,2009,4,15,19,213,512,810,47,4080
Okeechobee,2010,2,17,43,164,564,756,36,3973
Okeechobee,2011,0,27,17,157,493,857,48,4011
Okeechobee,2012,0,19,30,150,550,786,51,3984
Okeechobee,2013,3,14,18,115,345,1139,46,4225
Okeechobee,2014,1,14,19,115,271,883,63,3430
Okeechobee,2015,0,7,12,128,235,887,52,3298
Okeechobee,2016,5,19,17,115,246,939,87,3500
Okeechobee,2017,1,27,15,93,235,924,76,3333
Okeechobee,2018,1,20,25,156,218,863,98,3359
Okeechobee,2019,,,,,,,,
Okeechobee,2020,,,,,,,,
Orange,2001,45,541,2618,6561,12795,38660,7273,7365
Orange,2002,56,534,2667,6262,12801,36634,7588,6961
Orange,2003,64,577,2369,5956,12306,34868,6335,6354
Orange,2004,61,615,2407,6212,11820,33464,6393,6013
Orange,2005,74,620,3215,6826,12735,33772,6727,6131
Orange,2006,121,653,4280,7358,13382,34691,7738,6320
Orange,2007,105,690,4359,6894,14608,36423,7325,6368
Orange,2008,126,678,3967,6833,15950,38762,6027,6488
Orange,2009,76,612,2652,5960,14460,35422,4345,5729
Orange,2010,74,567,2303,5503,13783,31055,3754,5138
Orange,2011,92,596,2232,5434,14504,32535,3962,5129
Orange,2012,76,605,1977,5146,14034,32034,4013,4922
Orange,2013,73,637,2149,5176,12703,34439,3329,4863
Orange,2014,90,746,2216,5251,11257,34426,3327,4667
Orange,2015,89,759,2051,5529,11297,33261,3716,4527
Orange,2016,154,786,1789,5404,11083,32270,3843,4321
Orange,2017,70,692,1736,4700,8188,33622,3839,4022
Orange,2018,94,749,1862,5100,6238,31034,3490,3599
Orange,2019,,,,,,,,
Orange,2020,,,,,,,,
Osceola,2001,4,86,233,718,2825,5316,586,5441
Osceola,2002,7,107,219,741,2830,5224,650,5057
Osceola,2003,6,100,238,920,2811,5421,607,4801
Osceola,2004,5,106,221,824,2960,5323,633,4460
Osceola,2005,9,104,271,976,3124,5502,682,4537
Osceola,2006,13,77,324,967,3287,5362,744,4210
Osceola,2007,16,26,396,1121,3951,5900,765,4575
Osceola,2008,10,56,309,1143,3643,6229,644,4397
Osceola,2009,11,55,256,1308,3491,6064,475,4274
Osceola,2010,8,50,241,1289,3262,6265,458,4198
Osceola,2011,9,73,227,1270,2767,6490,439,4117
Osceola,2012,8,76,209,1143,2801,5962,367,3762
Osceola,2013,7,94,224,1060,2543,5902,320,3520
Osceola,2014,6,129,184,910,2088,5855,280,3198
Osceola,2015,12,121,199,972,1925,5796,367,3046
Osceola,2016,11,137,209,1121,2014,5638,443,2965
Osceola,2017,19,144,182,932,1482,5405,482,2561
Osceola,2018,15,144,154,767,1398,5106,389,2262
Osceola,2019,,,,,,,,
Osceola,2020,,,,,,,,
Palm,2001,51,578,2377,5337,14759,41628,7183,6229
Palm,2002,36,527,2513,5577,15095,43302,7807,6327
Palm,2003,61,553,2632,5233,14077,42502,7435,5984
Palm,2004,89,551,2570,5581,13239,38658,6913,5442
Palm,2005,69,563,2452,5261,12776,35620,6151,4968
Palm,2006,92,524,2909,5636,12868,35571,6058,4942
Palm,2007,96,457,3152,5478,13666,36635,5529,5020
Palm,2008,96,440,2847,5074,13246,36299,4637,4838
Palm,2009,86,464,2667,4649,13203,35361,3403,4648
Palm,2010,83,422,2018,4291,11534,31827,2812,4119
Palm,2011,67,420,1881,4064,11326,31628,2830,3939
Palm,2012,74,473,1883,3956,10230,31147,2641,3774
Palm,2013,74,447,1731,3819,9717,30688,2740,3657
Palm,2014,78,473,1693,3888,8722,29667,2631,3466
Palm,2015,97,520,1650,4089,7646,30376,3194,3451
Palm,2016,76,511,1753,4195,7770,30926,3382,3493
Palm,2017,92,550,1674,3939,6033,30048,3559,3245
Palm,2018,91,566,1510,3698,4202,27576,3138,2845
Palm,2019,,,,,,,,
Palm,2020,,,,,,,,
Pasco,2001,16,163,319,1257,3990,8253,874,4220
Pasco,2002,12,163,285,1201,4022,8179,1023,4118
Pasco,2003,16,208,233,1222,3381,8589,971,3895
Pasco,2004,17,156,242,1176,3793,8736,1081,3900
Pasco,2005,15,159,213,1136,3872,8340,1051,3634
Pasco,2006,28,151,335,1270,4430,9559,1280,4019
Pasco,2007,18,170,360,1352,4449,10075,1169,4050
Pasco,2008,24,167,402,1248,4795,11414,1225,4394
Pasco,2009,12,157,416,1136,4461,10417,939,3988
Pasco,2010,10,128,408,1027,4396,9987,668,3773
Pasco,2011,13,146,320,962,4062,9852,668,3434
Pasco,2012,12,137,304,998,3597,8943,657,3126
Pasco,2013,21,136,243,873,3314,8662,612,2927
Pasco,2014,19,139,226,897,2673,8142,726,2675
Pasco,2015,17,135,237,1187,2370,8253,758,2657
Pasco,2016,12,183,216,1242,2041,7758,752,2461
Pasco,2017,6,204,236,1202,1811,6631,695,2133
Pasco,2018,9,250,263,1239,1365,6517,632,1995
Pasco,2019,,,,,,,,
Pasco,2020,,,,,,,,
Pinellas,2001,44,547,1865,5016,9604,28813,3895,5358
Pinellas,2002,45,569,1758,5070,9381,29037,4116,5351
Pinellas,2003,41,528,1847,4729,9408,28891,3945,5255
Pinellas,2004,37,510,1676,4872,9295,28344,4548,5223
Pinellas,2005,50,470,1538,5062,8634,27579,4195,5015
Pinellas,2006,40,554,1652,4770,8407,27002,4659,4966
Pinellas,2007,57,520,1865,4879,9040,25955,3992,4904
Pinellas,2008,50,491,2040,4328,9677,28356,2828,5090
Pinellas,2009,27,460,1749,4414,9380,29241,3606,5249
Pinellas,2010,35,473,1543,3763,8247,26996,2276,4670
Pinellas,2011,53,429,1363,3587,8152,25370,1703,4426
Pinellas,2012,44,450,1206,3253,7392,24499,1755,4194
Pinellas,2013,30,447,1185,3295,6849,24637,1968,4145
Pinellas,2014,42,434,1166,2978,6440,25634,2375,4186
Pinellas,2015,31,495,1173,2728,5492,27461,2846,4257
Pinellas,2016,39,457,1091,2484,4694,25381,2390,3828
Pinellas,2017,34,498,979,2475,4112,23315,2109,3485
Pinellas,2018,42,506,736,2254,2970,20492,1749,2962
Pinellas,2019,,,,,,,,
Pinellas,2020,,,,,,,,
Polk,2001,18,343,708,1649,6338,15354,2080,5340
Polk,2002,27,300,660,1727,5780,15271,1920,5113
Polk,2003,22,265,611,1722,5837,15221,1809,4979
Polk,2004,15,207,511,1628,5442,13917,1714,4435
Polk,2005,19,258,509,1726,5316,14647,1784,4477
Polk,2006,21,304,731,1868,5966,13349,1564,4213
Polk,2007,31,245,731,1925,6292,14337,1622,4334
Polk,2008,44,203,702,1785,6635,15264,1634,4484
Polk,2009,25,236,593,1737,6781,13720,1107,4141
Polk,2010,30,171,525,1556,5758,14080,988,3955
Polk,2011,25,174,528,1679,6057,13213,836,3722
Polk,2012,39,174,421,1421,5796,12467,825,3484
Polk,2013,21,176,396,1579,4928,12279,906,3304
Polk,2014,16,174,421,1517,4638,11666,989,3116
Polk,2015,25,214,382,1493,3670,11198,1104,2857
Polk,2016,26,258,350,1565,3214,11201,1152,2746
Polk,2017,12,206,289,1429,2585,9739,988,2305
Polk,2018,24,193,286,1569,2214,9131,990,2141
Polk,2019,,,,,,,,
Polk,2020,,,,,,,,
Putnam,2001,5,70,87,704,1703,2215,280,7151
Putnam,2002,3,77,89,657,1398,2356,259,6784
Putnam,2003,3,43,90,700,941,1852,238,5373
Putnam,2004,5,49,80,669,1147,1969,242,5682
Putnam,2005,2,50,58,815,1201,1941,286,5901
Putnam,2006,6,33,76,705,1116,1897,247,5483
Putnam,2007,10,45,91,630,1416,2030,261,5993
Putnam,2008,7,40,105,620,1576,2245,264,6477
Putnam,2009,4,54,124,635,1403,1830,185,5676
Putnam,2010,2,54,106,559,1580,2004,104,5949
Putnam,2011,2,45,90,455,1312,1972,105,5376
Putnam,2012,5,39,51,414,1029,1952,80,4880
Putnam,2013,2,20,63,341,765,1646,112,4062
Putnam,2014,4,17,50,332,647,1431,80,3531
Putnam,2015,8,24,44,352,549,1539,76,3563
Putnam,2016,6,35,54,273,530,1284,90,3114
Putnam,2017,4,22,47,179,373,1150,90,2549
Putnam,2018,7,25,35,187,388,1324,89,2816
Putnam,2019,,,,,,,,
Putnam,2020,,,,,,,,
Santa,2001,2,51,28,297,677,1598,119,2284
Santa,2002,4,67,34,248,635,1589,119,2158
Santa,2003,0,52,28,211,692,1625,107,2106
Santa,2004,5,62,32,246,605,1501,112,1917
Santa,2005,2,49,16,194,576,1547,181,1880
Santa,2006,3,43,52,218,784,1598,142,2008
Santa,2007,4,57,31,232,583,1467,106,1745
Santa,2008,2,25,26,194,518,1484,125,1647
Santa,2009,0,34,21,161,480,1386,97,1508
Santa,2010,6,48,28,151,609,1346,75,1548
Santa,2011,2,33,16,137,722,1621,102,1700
Santa,2012,0,31,27,159,597,1549,100,1585
Santa,2013,3,33,19,114,618,1397,87,1444
Santa,2014,5,30,24,167,481,1238,105,1283
Santa,2015,4,40,27,196,412,1316,93,1282
Santa,2016,6,55,23,155,463,1370,105,1304
Santa,2017,5,37,30,198,396,1399,93,1263
Santa,2018,1,62,18,180,405,1281,112,1177
Santa,2019,,,,,,,,
Santa,2020,,,,,,,,
Sarasota,2001,7,109,325,1149,3203,8958,641,4375
Sarasota,2002,6,126,340,987,3051,9230,735,4326
Sarasota,2003,13,125,323,996,3186,9939,749,4461
Sarasota,2004,5,105,253,1019,3069,9469,805,4168
Sarasota,2005,9,125,271,972,3041,8718,844,3853
Sarasota,2006,10,91,355,1023,3317,8877,840,3877
Sarasota,2007,21,116,370,1015,3285,10320,828,4173
Sarasota,2008,16,109,396,965,3531,10468,663,4156
Sarasota,2009,16,106,332,986,3383,9816,589,4015
Sarasota,2010,12,87,335,952,3421,9033,466,3733
Sarasota,2011,17,100,369,951,3437,9264,431,3821
Sarasota,2012,17,91,287,793,2730,7832,378,3198
Sarasota,2013,7,86,261,746,2290,7327,376,2913
Sarasota,2014,9,92,224,673,1828,6767,337,2595
Sarasota,2015,11,103,200,710,1654,6634,340,2490
Sarasota,2016,9,76,169,647,1343,6354,389,2275
Sarasota,2017,8,82,166,715,1204,6013,325,2114
Sarasota,2018,10,79,155,703,1076,6141,407,2076
Sarasota,2019,,,,,,,,
Sarasota,2020,,,,,,,,
Seminole,2001,7,119,352,1641,2721,9438,1227,4102
Seminole,2002,7,125,348,1224,2541,8349,1149,3545
Seminole,2003,19,134,279,1160,2529,8499,898,3423
Seminole,2004,18,136,282,932,2412,7578,869,3031
Seminole,2005,7,149,325,949,2622,8416,1230,3327
Seminole,2006,17,120,363,806,2675,8127,1318,3192
Seminole,2007,20,142,437,874,2680,7503,1137,3005
Seminole,2008,15,109,442,971,3057,8438,1048,3302
Seminole,2009,12,126,435,1017,2762,7905,743,3068
Seminole,2010,11,135,375,929,2668,7598,542,2918
Seminole,2011,13,117,353,936,2691,7489,538,2859
Seminole,2012,17,106,357,834,2478,7200,504,2685
Seminole,2013,6,116,288,992,2785,7599,574,2867
Seminole,2014,12,134,240,1042,2194,7325,472,2613
Seminole,2015,9,190,248,1066,2201,7370,486,2612
Seminole,2016,25,194,292,1184,1936,7764,516,2652
Seminole,2017,17,214,226,1044,1590,7266,505,2389
Seminole,2018,18,242,227,968,1354,6611,494,2139
Seminole,2019,,,,,,,,
Seminole,2020,,,,,,,,
St. Johns,2001,7,20,67,485,811,2449,210,3148
St. Johns,2002,0,10,25,127,131,901,56,933
St. Johns,2003,4,10,77,489,704,2591,220,2928
St. Johns,2004,2,11,68,526,999,2780,259,3110
St. Johns,2005,3,22,69,499,973,2737,249,2894
St. Johns,2006,6,30,72,544,1020,2864,261,2902
St. Johns,2007,4,30,90,544,1348,3452,306,3320
St. Johns,2008,4,27,71,581,1085,4010,266,3336
St. Johns,2009,3,29,73,482,1133,3711,273,3107
St. Johns,2010,7,21,77,483,1000,3355,182,2763
St. Johns,2011,6,12,78,494,979,3526,212,2752
St. Johns,2012,8,17,58,500,929,3514,167,2649
St. Johns,2013,2,16,55,451,839,3192,161,2340
St. Johns,2014,4,24,57,458,699,2994,169,2123
St. Johns,2015,4,28,31,352,569,2882,170,1890
St. Johns,2016,8,21,46,385,693,2840,148,1880
St. Johns,2017,4,25,63,337,630,2564,187,1659
St. Johns,2018,4,42,39,286,390,2387,214,1408
St. Johns,2019,,,,,,,,
St. Johns,2020,,,,,,,,
St. Lucie,2001,24,95,363,960,2130,4931,528,4555
St. Lucie,2002,11,99,316,943,2387,5208,684,4744
St. Lucie,2003,17,111,334,985,2441,5319,587,4622
St. Lucie,2004,8,102,244,890,2324,4880,596,3998
St. Lucie,2005,11,90,256,955,2186,4628,773,3707
St. Lucie,2006,12,109,301,979,2443,5372,624,3795
St. Lucie,2007,12,138,327,1053,2391,5244,529,3564
St. Lucie,2008,11,109,348,951,2559,5548,393,3586
St. Lucie,2009,9,103,238,812,2435,5131,276,3300
St. Lucie,2010,18,105,233,704,2168,4930,258,3085
St. Lucie,2011,19,80,305,672,2563,5463,353,3380
St. Lucie,2012,7,110,223,715,2001,4673,273,2854
St. Lucie,2013,15,68,173,893,1891,4304,279,2711
St. Lucie,2014,20,64,174,651,1353,4460,281,2476
St. Lucie,2015,14,74,185,580,1148,4405,294,2328
St. Lucie,2016,13,74,157,581,1129,4211,285,2203
St. Lucie,2017,12,83,142,484,881,3885,299,1944
St. Lucie,2018,18,97,132,556,702,3465,294,1741
St. Lucie,2019,,,,,,,,
St. Lucie,2020,,,,,,,,
Sumter,2001,1,21,34,188,405,646,95,2442
Sumter,2002,1,20,34,194,373,729,118,2395
Sumter,2003,4,14,27,168,297,710,85,2071
Sumter,2004,3,33,22,248,299,752,87,2174
Sumter,2005,0,44,13,206,326,667,69,1789
Sumter,2006,2,37,39,191,357,651,65,1625
Sumter,2007,3,23,35,177,404,715,63,1582
Sumter,2008,2,21,29,171,370,819,77,1600
Sumter,2009,1,32,19,153,369,712,48,1399
Sumter,2010,3,26,15,161,296,575,45,1151
Sumter,2011,1,19,19,138,298,614,47,1176
Sumter,2012,0,16,17,116,321,559,45,1072
Sumter,2013,2,14,22,137,317,612,53,1101
Sumter,2014,2,27,18,141,353,687,54,1154
Sumter,2015,1,18,20,218,311,763,61,1204
Sumter,2016,1,25,12,254,277,763,53,1168
Sumter,2017,6,24,24,251,310,782,66,1212
Sumter,2018,8,23,16,180,263,729,159,1103
Sumter,2019,,,,,,,,
Sumter,2020,,,,,,,,
Suwannee,2001,1,22,38,149,393,818,85,4219
Suwannee,2002,1,23,41,166,482,643,73,4000
Suwannee,2003,1,9,31,124,394,562,87,3247
Suwannee,2004,0,16,17,153,405,596,81,3362
Suwannee,2005,1,26,14,159,272,525,53,2751
Suwannee,2006,0,10,20,154,263,451,62,2474
Suwannee,2007,3,5,21,223,322,472,109,2916
Suwannee,2008,3,11,34,178,306,444,60,2531
Suwannee,2009,0,13,53,160,306,435,65,2565
Suwannee,2010,4,7,24,144,351,488,58,2632
Suwannee,2011,1,6,17,151,329,487,41,2388
Suwannee,2012,1,2,17,131,337,402,26,2092
Suwannee,2013,3,8,23,132,319,455,25,2200
Suwannee,2014,0,5,19,176,242,400,27,1967
Suwannee,2015,1,4,19,116,171,325,26,1489
Suwannee,2016,4,11,33,193,247,355,52,2018
Suwannee,2017,0,15,8,166,188,296,35,1584
Suwannee,2018,1,14,14,135,212,320,29,1616
Suwannee,2019,,,,,,,,
Suwannee,2020,,,,,,,,
Taylor,2001,0,10,19,107,262,347,26,3950
Taylor,2002,1,6,14,139,292,416,57,4672
Taylor,2003,2,14,15,143,296,405,55,4505
Taylor,2004,1,15,13,107,292,340,27,3796
Taylor,2005,0,9,6,178,237,256,19,3308
Taylor,2006,1,12,9,160,154,136,18,2282
Taylor,2007,0,10,14,272,196,252,24,3411
Taylor,2008,1,21,14,238,256,282,28,3621
Taylor,2009,4,23,11,183,253,253,21,3229
Taylor,2010,3,21,8,126,181,228,7,2483
Taylor,2011,3,11,7,135,199,167,14,2382
Taylor,2012,3,10,6,134,117,164,15,1961
Taylor,2013,2,18,4,178,116,215,11,2363
Taylor,2014,0,17,5,135,112,216,18,2193
Taylor,2015,2,10,8,235,127,294,20,3049
Taylor,2016,3,14,4,240,157,275,23,3185
Taylor,2017,0,19,13,235,186,284,27,3427
Taylor,2018,3,12,6,221,186,262,32,3240
Taylor,2019,,,,,,,,
Taylor,2020,,,,,,,,
Union,2001,0,2,4,55,42,49,14,1228
Union,2002,0,3,5,48,27,42,20,1051
Union,2003,1,3,2,43,113,105,21,2098
Union,2004,0,5,2,60,111,156,22,2435
Union,2005,0,10,4,47,80,131,33,2027
Union,2006,1,6,9,36,71,118,22,1750
Union,2007,0,4,4,57,73,72,18,1450
Union,2008,1,1,4,50,60,55,15,1164
Union,2009,1,4,2,25,51,59,12,989
Union,2010,0,2,1,44,73,66,3,1194
Union,2011,0,2,5,28,80,85,5,1325
Union,2012,1,1,7,29,64,80,9,1231
Union,2013,3,2,2,43,39,66,3,1020
Union,2014,0,3,1,42,58,51,6,1029
Union,2015,0,1,1,16,30,38,6,578
Union,2016,2,0,2,33,25,34,1,611
Union,2017,1,0,3,27,60,48,4,897
Union,2018,0,2,3,28,29,36,2,630
Union,2019,,,,,,,,
Union,2020,,,,,,,,
Volusia,2001,20,256,611,2162,4862,11749,1616,4707
Volusia,2002,30,280,694,1882,5222,12088,1837,4793
Volusia,2003,18,273,725,1933,5148,12087,2098,4734
Volusia,2004,19,205,649,2029,4626,11343,2173,4346
Volusia,2005,28,218,617,1787,4282,11093,1800,4009
Volusia,2006,21,180,636,1800,5406,11874,1855,4322
Volusia,2007,20,190,728,1890,4719,11749,1767,4147
Volusia,2008,15,190,722,1895,5067,12645,1434,4302
Volusia,2009,19,162,702,1772,4858,12074,1426,4144
Volusia,2010,17,170,492,1972,4812,12264,1314,4167
Volusia,2011,22,145,507,1760,4676,12526,1022,4170
Volusia,2012,19,122,422,1522,4095,12071,1046,3883
Volusia,2013,24,162,404,1433,3691,12418,1031,3840
Volusia,2014,12,179,351,1585,3033,11667,1003,3539
Volusia,2015,22,155,352,1872,2813,11938,1072,3570
Volusia,2016,19,148,337,1709,2768,12245,1201,3562
Volusia,2017,27,113,308,1586,2368,10833,1068,3115
Volusia,2018,22,142,302,1530,2013,10221,959,2860
Volusia,2019,,,,,,,,
Volusia,2020,,,,,,,,
Wakulla,2001,2,24,10,119,187,331,39,2991
Wakulla,2002,1,32,9,105,274,387,37,3489
Wakulla,2003,0,17,5,85,173,348,46,2703
Wakulla,2004,0,18,2,62,168,344,33,2458
Wakulla,2005,3,16,5,65,182,307,25,2244
Wakulla,2006,0,10,5,77,167,361,42,2332
Wakulla,2007,1,10,6,58,229,372,50,2468
Wakulla,2008,0,13,8,51,167,437,44,2344
Wakulla,2009,1,11,12,86,188,503,24,2595
Wakulla,2010,0,11,5,53,138,516,25,2308
Wakulla,2011,2,13,7,48,167,569,14,2656
Wakulla,2012,0,14,4,57,149,513,22,2467
Wakulla,2013,0,10,4,56,102,435,23,2041
Wakulla,2014,1,11,2,56,102,481,28,2177
Wakulla,2015,2,11,6,67,87,407,23,1928
Wakulla,2016,1,3,4,44,134,350,20,1760
Wakulla,2017,0,12,2,74,174,308,26,1868
Wakulla,2018,1,5,5,47,127,372,27,1828
Wakulla,2019,,,,,,,,
Wakulla,2020,,,,,,,,
Walton,2001,0,3,12,160,382,672,66,3044
Walton,2002,0,5,22,228,464,748,61,3357
Walton,2003,1,8,8,146,344,864,78,3079
Walton,2004,3,10,5,196,326,869,96,2978
Walton,2005,3,12,13,230,264,792,77,2599
Walton,2006,2,10,2,99,180,659,80,1850
Walton,2007,0,6,12,110,250,869,67,2302
Walton,2008,1,16,18,204,298,755,75,2366
Walton,2009,5,11,12,191,463,788,74,2666
Walton,2010,2,14,9,189,443,822,75,2721
Walton,2011,3,14,3,152,429,967,71,2956
Walton,2012,1,15,18,162,375,980,70,2846
Walton,2013,3,15,6,170,382,1070,74,2977
Walton,2014,0,25,10,182,413,1021,65,2870
Walton,2015,1,14,10,163,333,946,69,2531
Walton,2016,4,18,12,190,342,967,79,2561
Walton,2017,1,17,13,145,317,823,86,2147
Walton,2018,3,20,2,129,236,712,81,1749
Walton,2019,,,,,,,,
Walton,2020,,,,,,,,
Washington,2001,1,4,3,17,51,167,25,1250
Washington,2002,0,0,2,18,81,169,26,1367
Washington,2003,1,0,1,17,81,235,34,1684
Washington,2004,0,4,6,25,65,236,33,1645
Washington,2005,2,5,0,38,112,242,38,1892
Washington,2006,1,1,5,35,98,173,33,1500
Washington,2007,1,2,0,34,95,171,31,1408
Washington,2008,0,5,4,37,97,193,30,1477
Washington,2009,0,7,1,21,63,148,7,999
Washington,2010,3,1,0,31,122,185,18,1459
Washington,2011,2,1,6,52,88,220,20,1579
Washington,2012,0,4,4,55,100,283,17,1858
Washington,2013,0,1,7,46,122,247,21,1791
Washington,2014,1,6,5,34,97,241,23,1631
Washington,2015,0,5,7,29,95,230,24,1562
Washington,2016,0,3,6,35,92,225,20,1531
Washington,2017,2,1,4,46,57,235,20,1461
Washington,2018,1,3,3,36,86,164,13,1218
Washington,2019,,,,,,,,
Washington,2020,,,,,,,,
