County,Year,Employment,Employment Over The Year Change,Labor Force,Labor Force Over The Year Change,Unemployment,Unemployment Over The Year Change,Unemployment Rate,Unemployment Rate Over The Year Change
,,,,,,,,,
Alachua County,2000,112640,5839,116143,6887,3503,1048,0.03,0.8
Alachua County,2001,114284,1644,118547,2404,4263,760,0.036,0.6
Alachua County,2002,113387,-897,118163,-384,4776,513,0.04,0.4
Alachua County,2003,114641,1254,119087,924,4446,-330,0.037,-0.3
Alachua County,2004,115973,1332,120256,1169,4283,-163,0.036,-0.1
Alachua County,2005,119924,3951,123550,3294,3626,-657,0.029,-0.7
Alachua County,2006,122471,2547,125843,2293,3372,-254,0.027,-0.2
Alachua County,2007,125102,2631,129010,3167,3908,536,0.03,0.3
Alachua County,2008,125425,323,131246,2236,5821,1913,0.044,1.4
Alachua County,2009,120579,-4846,129815,-1431,9236,3415,0.071,2.7
Alachua County,2010,117504,-3075,127384,-2431,9880,644,0.078,0.7
Alachua County,2011,,1070,128282,898,9708,-172,0.076,-0.2
Alachua County,2012,120238,1664,129079,797,8841,-867,0.068,-0.8
Alachua County,2013,121314,1076,129007,-72,7693,-1148,0.06,-0.8
Alachua County,2014,122367,1053,129301,294,6934,-759,0.054,-0.6
Alachua County,2015,123941,1574,129993,692,6052,-882,0.047,-0.7
Alachua County,2016,127302,3361,133055,3062,5753,-299,0.043,-0.4
Alachua County,2017,130056,2754,135272,2217,5216,-537,0.039,-0.4
Alachua County,2018,132658,2602,137230,1958,4572,-644,0.033,-0.6
Alachua County,2019,134690,2032,138972,1742,4282,-290,0.031,-0.2
Alachua County,2020,127696,-6994,134931,-4041,7235,2953,0.054,2.3
,,,,,,,,,
Baker County,2000,10078,1330,10392,1328,314,-2,0.03,-0.5
Baker County,2001,10060,-18,10503,111,443,129,0.042,1.2
Baker County,2002,9957,-103,10459,-44,502,59,0.048,0.6
Baker County,2003,9922,-35,10426,-33,504,2,0.048,0
Baker County,2004,10171,249,10601,175,430,-74,0.041,-0.7
Baker County,2005,10751,580,11112,511,361,-69,0.032,-0.9
Baker County,2006,11219,468,11548,436,329,-32,0.028,-0.4
Baker County,2007,11477,258,11913,365,436,107,0.037,0.9
Baker County,2008,11531,54,12245,332,714,278,0.058,2.1
Baker County,2009,10887,-644,12111,-134,1224,510,0.101,4.3
Baker County,2010,10197,-690,11453,-658,1256,32,0.11,0.9
Baker County,2011,10274,77,11441,-12,1167,-89,0.102,-0.8
Baker County,2012,10277,3,11275,-166,998,-169,0.089,-1.3
Baker County,2013,10377,100,11246,-29,869,-129,0.077,-1.2
Baker County,2014,10454,77,11192,-54,738,-131,0.066,-1.1
Baker County,2015,10584,130,11217,25,633,-105,0.056,-1
Baker County,2016,10892,308,11456,239,564,-69,0.049,-0.7
Baker County,2017,11149,257,11641,185,492,-72,0.042,-0.7
Baker County,2018,11228,79,11635,-6,407,-85,0.035,-0.7
Baker County,2019,11624,396,12016,381,392,-15,0.033,-0.2
Baker County,2020,11179,-445,11759,-257,580,188,0.049,1.6
,,,,,,,,,
Bay County,2000,68623,4398,71968,3359,3345,-1039,0.046,-1.8
Bay County,2001,68857,234,72692,724,3835,490,0.053,0.7
Bay County,2002,69782,925,74110,1418,4328,493,0.058,0.5
Bay County,2003,71922,2140,75980,1870,4058,-270,0.053,-0.5
Bay County,2004,75238,3316,78802,2822,3564,-494,0.045,-0.8
Bay County,2005,79474,4236,82406,3604,2932,-632,0.036,-0.9
Bay County,2006,83077,3603,85748,3342,2671,-261,0.031,-0.5
Bay County,2007,83532,455,86754,1006,3222,551,0.037,0.6
Bay County,2008,83626,94,88653,1899,5027,1805,0.057,2
Bay County,2009,80695,-2931,88810,157,8115,3088,0.091,3.4
Bay County,2010,76683,-4012,85366,-3444,8683,568,0.102,1.1
Bay County,2011,77872,1189,86727,1361,8855,172,0.102,0
Bay County,2012,78467,595,86154,-573,7687,-1168,0.089,-1.3
Bay County,2013,79650,1183,86210,56,6560,-1127,0.076,-1.3
Bay County,2014,81720,2070,87426,1216,5706,-854,0.065,-1.1
Bay County,2015,83026,1306,87884,458,4858,-848,0.055,-1
Bay County,2016,83963,937,88209,325,4246,-612,0.048,-0.7
Bay County,2017,84453,490,88151,-58,3698,-548,0.042,-0.6
Bay County,2018,84306,-147,87934,-217,3628,-70,0.041,-0.1
Bay County,2019,81202,-3104,84487,-3447,3285,-343,0.039,-0.2
Bay County,2020,77746,-3456,82763,-1724,5017,1732,0.061,2.2
,,,,,,,,,
Bradford County,2000,10183,477,10581,524,398,47,0.038,0.3
Bradford County,2001,10313,130,10805,224,492,94,0.046,0.8
Bradford County,2002,10470,157,10960,155,490,-2,0.045,-0.1
Bradford County,2003,10855,385,11322,362,467,-23,0.041,-0.4
Bradford County,2004,11123,268,11582,260,459,-8,0.04,-0.1
Bradford County,2005,11334,211,11709,127,375,-84,0.032,-0.8
Bradford County,2006,11843,509,12191,482,348,-27,0.029,-0.3
Bradford County,2007,11917,74,12341,150,424,76,0.034,0.5
Bradford County,2008,11856,-61,12475,134,619,195,0.05,1.6
Bradford County,2009,11467,-389,12473,-2,1006,387,0.081,3.1
Bradford County,2010,10393,-1074,11490,-983,1097,91,0.095,1.4
Bradford County,2011,10403,10,11439,-51,1036,-61,0.091,-0.4
Bradford County,2012,10210,-193,11074,-365,864,-172,0.078,-1.3
Bradford County,2013,10232,22,10951,-123,719,-145,0.066,-1.2
Bradford County,2014,10110,-122,10733,-218,623,-96,0.058,-0.8
Bradford County,2015,10260,150,10786,53,526,-97,0.049,-0.9
Bradford County,2016,10427,167,10896,110,469,-57,0.043,-0.6
Bradford County,2017,10827,400,11241,345,414,-55,0.037,-0.6
Bradford County,2018,10754,-73,11137,-104,383,-31,0.034,-0.3
Bradford County,2019,10577,-177,10948,-189,371,-12,0.034,0
Bradford County,2020,10150,-427,10791,-157,641,270,0.059,2.5
,,,,,,,,,
Brevard County,2000,223468,18065,231904,17748,8436,-317,0.036,-0.5
Brevard County,2001,226249,2781,237019,5115,10770,2334,0.045,0.9
Brevard County,2002,224093,-2156,238028,1009,13935,3165,0.059,1.4
Brevard County,2003,229392,5299,242235,4207,12843,-1092,0.053,-0.6
Brevard County,2004,237866,8474,249353,7118,11487,-1356,0.046,-0.7
Brevard County,2005,250969,13103,260435,11082,9466,-2021,0.036,-1
Brevard County,2006,256936,5967,265618,5183,8682,-784,0.033,-0.3
Brevard County,2007,254099,-2837,265782,164,11683,3001,0.044,1.1
Brevard County,2008,250742,-3357,268840,3058,18098,6415,0.067,2.3
Brevard County,2009,238983,-11759,266755,-2085,27772,9674,0.104,3.7
Brevard County,2010,234627,-4356,263342,-3413,28715,943,0.109,0.5
Brevard County,2011,235001,374,263679,337,28678,-37,0.109,0
Brevard County,2012,235751,750,261046,-2633,25295,-3383,0.097,-1.2
Brevard County,2013,235821,70,258158,-2888,22337,-2958,0.087,-1
Brevard County,2014,239073,3252,257569,-589,18496,-3841,0.072,-1.5
Brevard County,2015,241882,2809,257457,-112,15575,-2921,0.06,-1.2
Brevard County,2016,249817,7935,263418,5961,13601,-1974,0.052,-0.8
Brevard County,2017,256861,7044,268605,5187,11744,-1857,0.044,-0.8
Brevard County,2018,266546,9685,276488,7883,9942,-1802,0.036,-0.8
Brevard County,2019,274329,7783,283857,7369,9528,-414,0.034,-0.2
Brevard County,2020,262867,-11462,281591,-2266,18724,9196,0.066,3.2
,,,,,,,,,
Broward County,2000,823673,59988,854842,57149,31169,-2839,0.036,-0.7
Broward County,2001,846010,22337,887522,32680,41512,10343,0.047,1.1
Broward County,2002,844709,-1301,898709,11187,54000,12488,0.06,1.3
Broward County,2003,855456,10747,905406,6697,49950,-4050,0.055,-0.5
Broward County,2004,880488,25032,924362,18956,43874,-6076,0.047,-0.8
Broward County,2005,922294,41806,957619,33257,35325,-8549,0.037,-1
Broward County,2006,952640,30346,983211,25592,30571,-4754,0.031,-0.6
Broward County,2007,964482,11842,1000426,17215,35944,5373,0.036,0.5
Broward County,2008,950763,-13719,1006721,6295,55958,20014,0.056,2
Broward County,2009,891041,-59722,980551,-26170,89510,33552,0.091,3.5
Broward County,2010,837443,-53598,928815,-51736,91372,1862,0.098,0.7
Broward County,2011,856799,19356,946171,17356,89372,-2000,0.094,-0.4
Broward County,2012,878506,21707,957268,11097,78762,-10610,0.082,-1.2
Broward County,2013,903073,24567,971733,14465,68660,-10102,0.071,-1.1
Broward County,2014,925482,22409,985640,13907,60158,-8502,0.061,-1
Broward County,2015,940668,15186,992033,6393,51365,-8793,0.052,-0.9
Broward County,2016,961500,20832,1007259,15226,45759,-5606,0.045,-0.7
Broward County,2017,980078,18578,1021018,13759,40940,-4819,0.04,-0.5
Broward County,2018,996114,16036,1031568,10550,35454,-5486,0.034,-0.6
Broward County,2019,1008095,11981,1041334,9766,33239,-2215,0.032,-0.2
Broward County,2020,930297,-77798,1020586,-20748,90289,57050,0.088,5.6
,,,,,,,,,
Calhoun County,2000,4909,258,5152,156,243,-102,0.047,-2.2
Calhoun County,2001,4977,68,5248,96,271,28,0.052,0.5
Calhoun County,2002,5085,108,5369,121,284,13,0.053,0.1
Calhoun County,2003,5073,-12,5337,-32,264,-20,0.049,-0.4
Calhoun County,2004,5029,-44,5288,-49,259,-5,0.049,0
Calhoun County,2005,5050,21,5247,-41,197,-62,0.038,-1.1
Calhoun County,2006,5216,166,5386,139,170,-27,0.032,-0.6
Calhoun County,2007,5345,129,5550,164,205,35,0.037,0.5
Calhoun County,2008,5439,94,5757,207,318,113,0.055,1.8
Calhoun County,2009,5413,-26,5917,160,504,186,0.085,3
Calhoun County,2010,4754,-659,5269,-648,515,11,0.098,1.3
Calhoun County,2011,4672,-82,5212,-57,540,25,0.104,0.6
Calhoun County,2012,4583,-89,5060,-152,477,-63,0.094,-1
Calhoun County,2013,4503,-80,4906,-154,403,-74,0.082,-1.2
Calhoun County,2014,4586,83,4939,33,353,-50,0.071,-1.1
Calhoun County,2015,4654,68,4960,21,306,-47,0.062,-0.9
Calhoun County,2016,4713,59,5003,43,290,-16,0.058,-0.4
Calhoun County,2017,4724,11,4969,-34,245,-45,0.049,-0.9
Calhoun County,2018,4726,2,4940,-29,214,-31,0.043,-0.6
Calhoun County,2019,4604,-122,4803,-137,199,-15,0.041,-0.2
Calhoun County,2020,4508,-96,4754,-49,246,47,0.052,1.1
,,,,,,,,,
Charlotte County,2000,53090,4757,55138,5152,2048,395,0.037,0.4
Charlotte County,2001,53641,551,56187,1049,2546,498,0.045,0.8
Charlotte County,2002,56180,2539,59632,3445,3452,906,0.058,1.3
Charlotte County,2003,56570,390,59862,230,3292,-160,0.055,-0.3
Charlotte County,2004,58148,1578,61519,1657,3371,79,0.055,0
Charlotte County,2005,63430,5282,66088,4569,2658,-713,0.04,-1.5
Charlotte County,2006,67201,3771,69533,3445,2332,-326,0.034,-0.6
Charlotte County,2007,66269,-932,69876,343,3607,1275,0.052,1.8
Charlotte County,2008,63728,-2541,69531,-345,5803,2196,0.083,3.1
Charlotte County,2009,60681,-3047,68858,-673,8177,2374,0.119,3.6
Charlotte County,2010,57567,-3114,65696,-3162,8129,-48,0.124,0.5
Charlotte County,2011,57979,412,65342,-354,7363,-766,0.113,-1.1
Charlotte County,2012,59064,1085,65484,142,6420,-943,0.098,-1.5
Charlotte County,2013,60527,1463,66055,571,5528,-892,0.084,-1.4
Charlotte County,2014,62075,1548,66794,739,4719,-809,0.071,-1.3
Charlotte County,2015,63810,1735,67928,1134,4118,-601,0.061,-1
Charlotte County,2016,65781,1971,69519,1591,3738,-380,0.054,-0.7
Charlotte County,2017,66612,831,69962,443,3350,-388,0.048,-0.6
Charlotte County,2018,67839,1227,70743,781,2904,-446,0.041,-0.7
Charlotte County,2019,69158,1319,71946,1203,2788,-116,0.039,-0.2
Charlotte County,2020,65968,-3190,71182,-764,5214,2426,0.073,3.4
,,,,,,,,,
Citrus County,2000,41677,5820,43726,6044,2049,224,0.047,-0.1
Citrus County,2001,42040,363,44653,927,2613,564,0.059,1.2
Citrus County,2002,43120,1080,46276,1623,3156,543,0.068,0.9
Citrus County,2003,44264,1144,47248,972,2984,-172,0.063,-0.5
Citrus County,2004,45536,1272,48233,985,2697,-287,0.056,-0.7
Citrus County,2005,49126,3590,51324,3091,2198,-499,0.043,-1.3
Citrus County,2006,52465,3339,54552,3228,2087,-111,0.038,-0.5
Citrus County,2007,52797,332,55641,1089,2844,757,0.051,1.3
Citrus County,2008,51889,-908,56616,975,4727,1883,0.083,3.2
Citrus County,2009,49892,-1997,56762,146,6870,2143,0.121,3.8
Citrus County,2010,45375,-4517,52351,-4411,6976,106,0.133,1.2
Citrus County,2011,45289,-86,51756,-595,6467,-509,0.125,-0.8
Citrus County,2012,45575,286,51257,-499,5682,-785,0.111,-1.4
Citrus County,2013,44323,-1252,49302,-1955,4979,-703,0.101,-1
Citrus County,2014,43951,-372,48186,-1116,4235,-744,0.088,-1.3
Citrus County,2015,44364,413,48006,-180,3642,-593,0.076,-1.2
Citrus County,2016,44748,384,48006,0,3258,-384,0.068,-0.8
Citrus County,2017,44981,233,47822,-184,2841,-417,0.059,-0.9
Citrus County,2018,44941,-40,47473,-349,2532,-309,0.053,-0.6
Citrus County,2019,44971,30,47382,-91,2411,-121,0.051,-0.2
Citrus County,2020,42582,-2389,46500,-882,3918,1507,0.084,3.3
,,,,,,,,,
Clay County,2000,71600,-460,73838,-216,2238,244,0.03,0.3
Clay County,2001,72749,1149,75746,1908,2997,759,0.04,1
Clay County,2002,72821,72,76705,959,3884,887,0.051,1.1
Clay County,2003,74524,1703,78118,1413,3594,-290,0.046,-0.5
Clay County,2004,78118,3594,81664,3546,3546,-48,0.043,-0.3
Clay County,2005,83661,5543,86643,4979,2982,-564,0.034,-0.9
Clay County,2006,88878,5217,91630,4987,2752,-230,0.03,-0.4
Clay County,2007,90475,1597,93804,2174,3329,577,0.035,0.5
Clay County,2008,90706,231,95993,2189,5287,1958,0.055,2
Clay County,2009,85993,-4713,94785,-1208,8792,3505,0.093,3.8
Clay County,2010,85944,-49,95069,284,9125,333,0.096,0.3
Clay County,2011,86914,970,95595,526,8681,-444,0.091,-0.5
Clay County,2012,88172,1258,95686,91,7514,-1167,0.079,-1.2
Clay County,2013,90255,2083,96658,972,6403,-1111,0.066,-1.3
Clay County,2014,91867,1612,97643,985,5776,-627,0.059,-0.7
Clay County,2015,93804,1937,98837,1194,5033,-743,0.051,-0.8
Clay County,2016,96747,2943,101345,2508,4598,-435,0.045,-0.6
Clay County,2017,99963,3216,104051,2706,4088,-510,0.039,-0.6
Clay County,2018,102183,2220,105747,1696,3564,-524,0.034,-0.5
Clay County,2019,104069,1886,107500,1753,3431,-133,0.032,-0.2
Clay County,2020,100004,-4065,105658,-1842,5654,2223,0.054,2.2
,,,,,,,,,
Collier County,2000,111735,16593,116066,17044,4331,451,0.037,-0.2
Collier County,2001,119036,7301,124316,8250,5280,949,0.042,0.5
Collier County,2002,122728,3692,129514,5198,6786,1506,0.052,1
Collier County,2003,126494,3766,133208,3694,6714,-72,0.05,-0.2
Collier County,2004,132878,6384,138907,5699,6029,-685,0.043,-0.7
Collier County,2005,140087,7209,145136,6229,5049,-980,0.035,-0.8
Collier County,2006,147706,7619,152464,7328,4758,-291,0.031,-0.4
Collier County,2007,145183,-2523,151925,-539,6742,1984,0.044,1.3
Collier County,2008,137814,-7369,148368,-3557,10554,3812,0.071,2.7
Collier County,2009,127434,-10380,143337,-5031,15903,5349,0.111,4
Collier County,2010,127810,376,144056,719,16246,343,0.113,0.2
Collier County,2011,132970,5160,147941,3885,14971,-1275,0.101,-1.2
Collier County,2012,138572,5602,151770,3829,13198,-1773,0.087,-1.4
Collier County,2013,143731,5159,155187,3417,11456,-1742,0.074,-1.3
Collier County,2014,149982,6251,159799,4612,9817,-1639,0.061,-1.3
Collier County,2015,155607,5625,164330,4531,8723,-1094,0.053,-0.8
Collier County,2016,161752,6145,169758,5428,8006,-717,0.047,-0.6
Collier County,2017,165888,4136,173133,3375,7245,-761,0.042,-0.5
Collier County,2018,171332,5444,177597,4464,6265,-980,0.035,-0.7
Collier County,2019,174635,3303,180558,2961,5923,-342,0.033,-0.2
Collier County,2020,165287,-9348,177497,-3061,12210,6287,0.069,3.6
,,,,,,,,,
Columbia County,2000,24657,578,25668,433,1011,-145,0.039,-0.7
Columbia County,2001,24451,-206,25903,235,1452,441,0.056,1.7
Columbia County,2002,24606,155,26038,135,1432,-20,0.055,-0.1
Columbia County,2003,25345,739,26626,588,1281,-151,0.048,-0.7
Columbia County,2004,26070,725,27269,643,1199,-82,0.044,-0.4
Columbia County,2005,27757,1687,28740,1471,983,-216,0.034,-1
Columbia County,2006,28844,1087,29805,1065,961,-22,0.032,-0.2
Columbia County,2007,29823,979,30955,1150,1132,171,0.037,0.5
Columbia County,2008,29763,-60,31560,605,1797,665,0.057,2
Columbia County,2009,28674,-1089,31597,37,2923,1126,0.093,3.6
Columbia County,2010,25546,-3128,28547,-3050,3001,78,0.105,1.2
Columbia County,2011,25194,-352,28080,-467,2886,-115,0.103,-0.2
Columbia County,2012,25329,135,27864,-216,2535,-351,0.091,-1.2
Columbia County,2013,25607,278,27805,-59,2198,-337,0.079,-1.2
Columbia County,2014,26384,777,28321,516,1937,-261,0.068,-1.1
Columbia County,2015,27474,1090,29089,768,1615,-322,0.056,-1.2
Columbia County,2016,28387,913,29856,767,1469,-146,0.049,-0.7
Columbia County,2017,28004,-383,29297,-559,1293,-176,0.044,-0.5
Columbia County,2018,28267,263,29398,101,1131,-162,0.038,-0.6
Columbia County,2019,28802,535,29825,427,1023,-108,0.034,-0.4
Columbia County,2020,27840,-962,29566,-259,1726,703,0.058,2.4
,,,,,,,,,
DeSoto County,2000,12679,4118,13270,4088,591,-30,0.045,-2.3
DeSoto County,2001,12744,65,13429,159,685,94,0.051,0.6
DeSoto County,2002,12642,-102,13495,66,853,168,0.063,1.2
DeSoto County,2003,12981,339,13780,285,799,-54,0.058,-0.5
DeSoto County,2004,12690,-291,13484,-296,794,-5,0.059,0.1
DeSoto County,2005,12937,247,13556,72,619,-175,0.046,-1.3
DeSoto County,2006,13691,754,14209,653,518,-101,0.036,-1
DeSoto County,2007,13620,-71,14328,119,708,190,0.049,1.3
DeSoto County,2008,13758,138,14778,450,1020,312,0.069,2
DeSoto County,2009,13458,-300,14967,189,1509,489,0.101,3.2
DeSoto County,2010,11425,-2033,12965,-2002,1540,31,0.119,1.8
DeSoto County,2011,12378,953,13811,846,1433,-107,0.104,-1.5
DeSoto County,2012,11507,-871,12823,-988,1316,-117,0.103,-0.1
DeSoto County,2013,11984,477,13106,283,1122,-194,0.086,-1.7
DeSoto County,2014,12185,201,13152,46,967,-155,0.074,-1.2
DeSoto County,2015,12643,458,13431,279,788,-179,0.059,-1.5
DeSoto County,2016,12797,154,13516,85,719,-69,0.053,-0.6
DeSoto County,2017,13401,604,14034,518,633,-86,0.045,-0.8
DeSoto County,2018,13148,-253,13699,-335,551,-82,0.04,-0.5
DeSoto County,2019,13694,546,14222,523,528,-23,0.037,-0.3
DeSoto County,2020,13615,-79,14356,134,741,213,0.052,1.5
,,,,,,,,,
Dixie County,2000,4899,1270,5128,1290,229,20,0.045,-0.9
Dixie County,2001,4972,73,5273,145,301,72,0.057,1.2
Dixie County,2002,5666,694,5983,710,317,16,0.053,-0.4
Dixie County,2003,5300,-366,5592,-391,292,-25,0.052,-0.1
Dixie County,2004,4800,-500,5069,-523,269,-23,0.053,0.1
Dixie County,2005,5339,539,5550,481,211,-58,0.038,-1.5
Dixie County,2006,5499,160,5698,148,199,-12,0.035,-0.3
Dixie County,2007,5290,-209,5535,-163,245,46,0.044,0.9
Dixie County,2008,5080,-210,5496,-39,416,171,0.076,3.2
Dixie County,2009,4944,-136,5582,86,638,222,0.114,3.8
Dixie County,2010,4983,39,5694,112,711,73,0.125,1.1
Dixie County,2011,5018,35,5720,26,702,-9,0.123,-0.2
Dixie County,2012,5166,148,5774,54,608,-94,0.105,-1.8
Dixie County,2013,5316,150,5834,60,518,-90,0.089,-1.6
Dixie County,2014,5126,-190,5549,-285,423,-95,0.076,-1.3
Dixie County,2015,5256,130,5609,60,353,-70,0.063,-1.3
Dixie County,2016,5358,102,5669,60,311,-42,0.055,-0.8
Dixie County,2017,5467,109,5743,74,276,-35,0.048,-0.7
Dixie County,2018,5528,61,5775,32,247,-29,0.043,-0.5
Dixie County,2019,5623,95,5855,80,232,-15,0.04,-0.3
Dixie County,2020,5565,-58,5886,31,321,89,0.055,1.5
,,,,,,,,,
Duval County,2000,394593,11008,408161,11637,13568,629,0.033,0
Duval County,2001,394619,26,412753,4592,18134,4566,0.044,1.1
Duval County,2002,385707,-8912,409007,-3746,23300,5166,0.057,1.3
Duval County,2003,385700,-7,408062,-945,22362,-938,0.055,-0.2
Duval County,2004,390042,4342,411112,3050,21070,-1292,0.051,-0.4
Duval County,2005,404681,14639,421549,10437,16868,-4202,0.04,-1.1
Duval County,2006,416893,12212,432151,10602,15258,-1610,0.035,-0.5
Duval County,2007,422676,5783,441216,9065,18540,3282,0.042,0.7
Duval County,2008,418438,-4238,446829,5613,28391,9851,0.064,2.2
Duval County,2009,395185,-23253,441641,-5188,46456,18065,0.105,4.1
Duval County,2010,401244,6059,450860,9219,49616,3160,0.11,0.5
Duval County,2011,407240,5996,453697,2837,46457,-3159,0.102,-0.8
Duval County,2012,412793,5553,453464,-233,40671,-5786,0.09,-1.2
Duval County,2013,420747,7954,456507,3043,35760,-4911,0.078,-1.2
Duval County,2014,427557,6810,459322,2815,31765,-3995,0.069,-0.9
Duval County,2015,435287,7730,462381,3059,27094,-4671,0.059,-1
Duval County,2016,445908,10621,469165,6784,23257,-3837,0.05,-0.9
Duval County,2017,457198,11290,477717,8552,20519,-2738,0.043,-0.7
Duval County,2018,465411,8213,483192,5475,17781,-2738,0.037,-0.6
Duval County,2019,470643,5232,487538,4346,16895,-886,0.035,-0.2
Duval County,2020,452481,-18162,485114,-2424,32633,15738,0.067,3.2
,,,,,,,,,
Escambia County,2000,127082,7044,132433,7737,5351,693,0.04,0.3
Escambia County,2001,125012,-2070,131677,-756,6665,1314,0.051,1.1
Escambia County,2002,122747,-2265,129838,-1839,7091,426,0.055,0.4
Escambia County,2003,124650,1903,131277,1439,6627,-464,0.05,-0.5
Escambia County,2004,125535,885,131998,721,6463,-164,0.049,-0.1
Escambia County,2005,130436,4901,135677,3679,5241,-1222,0.039,-1
Escambia County,2006,133846,3410,138216,2539,4370,-871,0.032,-0.7
Escambia County,2007,135212,1366,140808,2592,5596,1226,0.04,0.8
Escambia County,2008,129494,-5718,138002,-2806,8508,2912,0.062,2.2
Escambia County,2009,123507,-5987,137044,-958,13537,5029,0.099,3.7
Escambia County,2010,125154,1647,138672,1628,13518,-19,0.097,-0.2
Escambia County,2011,126413,1259,139891,1219,13478,-40,0.096,-0.1
Escambia County,2012,126754,341,138780,-1111,12026,-1452,0.087,-0.9
Escambia County,2013,128161,1407,138641,-139,10480,-1546,0.076,-1.1
Escambia County,2014,129917,1756,139128,487,9211,-1269,0.066,-1
Escambia County,2015,130843,926,138671,-457,7828,-1383,0.056,-1
Escambia County,2016,134347,3504,141419,2748,7072,-756,0.05,-0.6
Escambia County,2017,135943,1596,141954,535,6011,-1061,0.042,-0.8
Escambia County,2018,137755,1812,142974,1020,5219,-792,0.037,-0.5
Escambia County,2019,139939,2184,144858,1884,4919,-300,0.034,-0.3
Escambia County,2020,135108,-4831,144779,-79,9671,4752,0.067,3.3
,,,,,,,,,
Flagler County,2000,20245,2610,21000,2752,755,142,0.036,0.2
Flagler County,2001,21118,873,22175,1175,1057,302,0.048,1.2
Flagler County,2002,22158,1040,23591,1416,1433,376,0.061,1.3
Flagler County,2003,23489,1331,24930,1339,1441,8,0.058,-0.3
Flagler County,2004,25913,2424,27368,2438,1455,14,0.053,-0.5
Flagler County,2005,28668,2755,29981,2613,1313,-142,0.044,-0.9
Flagler County,2006,29335,667,30723,742,1388,75,0.045,0.1
Flagler County,2007,28887,-448,30928,205,2041,653,0.066,2.1
Flagler County,2008,28769,-118,31935,1007,3166,1125,0.099,3.3
Flagler County,2009,27910,-859,32733,798,4823,1657,0.147,4.8
Flagler County,2010,36034,8124,40956,8223,4922,99,0.12,-2.7
Flagler County,2011,36957,923,41691,735,4734,-188,0.114,-0.6
Flagler County,2012,37643,686,41902,211,4259,-475,0.102,-1.2
Flagler County,2013,40101,2458,43931,2029,3830,-429,0.087,-1.5
Flagler County,2014,39906,-195,43164,-767,3258,-572,0.075,-1.2
Flagler County,2015,41064,1158,43845,681,2781,-477,0.063,-1.2
Flagler County,2016,42967,1903,45492,1647,2525,-256,0.056,-0.7
Flagler County,2017,43871,904,46111,619,2240,-285,0.049,-0.7
Flagler County,2018,44670,799,46622,511,1952,-288,0.042,-0.7
Flagler County,2019,45827,1157,47747,1125,1920,-32,0.04,-0.2
Flagler County,2020,43083,-2744,46636,-1111,3553,1633,0.076,3.6
,,,,,,,,,
Franklin County,2000,4237,-268,4411,-322,174,-54,0.039,-0.9
Franklin County,2001,4400,163,4600,189,200,26,0.043,0.4
Franklin County,2002,4649,249,4896,296,247,47,0.05,0.7
Franklin County,2003,4732,83,4955,59,223,-24,0.045,-0.5
Franklin County,2004,4909,177,5095,140,186,-37,0.037,-0.8
Franklin County,2005,4950,41,5136,41,186,0,0.036,-0.1
Franklin County,2006,4903,-47,5054,-82,151,-35,0.03,-0.6
Franklin County,2007,4763,-140,4922,-132,159,8,0.032,0.2
Franklin County,2008,4582,-181,4817,-105,235,76,0.049,1.7
Franklin County,2009,4555,-27,4919,102,364,129,0.074,2.5
Franklin County,2010,4522,-33,4899,-20,377,13,0.077,0.3
Franklin County,2011,4639,117,5022,123,383,6,0.076,-0.1
Franklin County,2012,4680,41,5015,-7,335,-48,0.067,-0.9
Franklin County,2013,4688,8,4975,-40,287,-48,0.058,-0.9
Franklin County,2014,4650,-38,4936,-39,286,-1,0.058,0
Franklin County,2015,4563,-87,4791,-145,228,-58,0.048,-1
Franklin County,2016,4544,-19,4752,-39,208,-20,0.044,-0.4
Franklin County,2017,4524,-20,4696,-56,172,-36,0.037,-0.7
Franklin County,2018,4554,30,4722,26,168,-4,0.036,-0.1
Franklin County,2019,4489,-65,4665,-57,176,8,0.038,0.2
Franklin County,2020,4429,-60,4681,16,252,76,0.054,1.6
,,,,,,,,,
Gadsden County,2000,19145,-610,19945,-579,800,31,0.04,0.3
Gadsden County,2001,19285,140,20290,345,1005,205,0.05,1
Gadsden County,2002,18863,-422,20000,-290,1137,132,0.057,0.7
Gadsden County,2003,18699,-164,19737,-263,1038,-99,0.053,-0.4
Gadsden County,2004,19022,323,19987,250,965,-73,0.048,-0.5
Gadsden County,2005,19692,670,20488,501,796,-169,0.039,-0.9
Gadsden County,2006,20303,611,21029,541,726,-70,0.035,-0.4
Gadsden County,2007,19853,-450,20770,-259,917,191,0.044,0.9
Gadsden County,2008,19783,-70,21106,336,1323,406,0.063,1.9
Gadsden County,2009,19147,-636,21270,164,2123,800,0.1,3.7
Gadsden County,2010,17629,-1518,19897,-1373,2268,145,0.114,1.4
Gadsden County,2011,17244,-385,19500,-397,2256,-12,0.116,0.2
Gadsden County,2012,16794,-450,18790,-710,1996,-260,0.106,-1
Gadsden County,2013,17037,243,18835,45,1798,-198,0.095,-1.1
Gadsden County,2014,17202,165,18794,-41,1592,-206,0.085,-1
Gadsden County,2015,16957,-245,18285,-509,1328,-264,0.073,-1.2
Gadsden County,2016,17114,157,18269,-16,1155,-173,0.063,-1
Gadsden County,2017,17140,26,18146,-123,1006,-149,0.055,-0.8
Gadsden County,2018,17511,371,18364,218,853,-153,0.046,-0.9
Gadsden County,2019,17764,253,18569,205,805,-48,0.043,-0.3
Gadsden County,2020,17176,-588,18421,-148,1245,440,0.068,2.5
,,,,,,,,,
Gilchrist County,2000,6196,1736,6427,1777,231,41,0.036,-0.5
Gilchrist County,2001,6293,97,6589,162,296,65,0.045,0.9
Gilchrist County,2002,6390,97,6726,137,336,40,0.05,0.5
Gilchrist County,2003,6673,283,6984,258,311,-25,0.045,-0.5
Gilchrist County,2004,6847,174,7135,151,288,-23,0.04,-0.5
Gilchrist County,2005,7251,404,7489,354,238,-50,0.032,-0.8
Gilchrist County,2006,7505,254,7728,239,223,-15,0.029,-0.3
Gilchrist County,2007,7318,-187,7613,-115,295,72,0.039,1
Gilchrist County,2008,7373,55,7828,215,455,160,0.058,1.9
Gilchrist County,2009,6993,-380,7712,-116,719,264,0.093,3.5
Gilchrist County,2010,6102,-891,6814,-898,712,-7,0.104,1.1
Gilchrist County,2011,6116,14,6817,3,701,-11,0.103,-0.1
Gilchrist County,2012,6051,-65,6675,-142,624,-77,0.093,-1
Gilchrist County,2013,6066,15,6608,-67,542,-82,0.082,-1.1
Gilchrist County,2014,6094,28,6548,-60,454,-88,0.069,-1.3
Gilchrist County,2015,6151,57,6524,-24,373,-81,0.057,-1.2
Gilchrist County,2016,6360,209,6698,174,338,-35,0.05,-0.7
Gilchrist County,2017,6509,149,6814,116,305,-33,0.045,-0.5
Gilchrist County,2018,6754,245,7023,209,269,-36,0.038,-0.7
Gilchrist County,2019,7043,289,7303,280,260,-9,0.036,-0.2
Gilchrist County,2020,6683,-360,7028,-275,345,85,0.049,1.3
,,,,,,,,,
Glades County,2000,3892,242,4085,133,193,-109,0.047,-2.9
Glades County,2001,4072,180,4329,244,257,64,0.059,1.2
Glades County,2002,4290,218,4566,237,276,19,0.06,0.1
Glades County,2003,4245,-45,4499,-67,254,-22,0.056,-0.4
Glades County,2004,4249,4,4499,0,250,-4,0.056,0
Glades County,2005,4085,-164,4295,-204,210,-40,0.049,-0.7
Glades County,2006,4509,424,4691,396,182,-28,0.039,-1
Glades County,2007,4559,50,4789,98,230,48,0.048,0.9
Glades County,2008,4345,-214,4675,-114,330,100,0.071,2.3
Glades County,2009,4394,49,4843,168,449,119,0.093,2.2
Glades County,2010,4993,599,5498,655,505,56,0.092,-0.1
Glades County,2011,4761,-232,5261,-237,500,-5,0.095,0.3
Glades County,2012,5213,452,5663,402,450,-50,0.079,-1.6
Glades County,2013,5032,-181,5455,-208,423,-27,0.078,-0.1
Glades County,2014,4527,-505,4915,-540,388,-35,0.079,0.1
Glades County,2015,4388,-139,4729,-186,341,-47,0.072,-0.7
Glades County,2016,4436,48,4734,5,298,-43,0.063,-0.9
Glades County,2017,4679,243,4947,213,268,-30,0.054,-0.9
Glades County,2018,5014,335,5224,277,210,-58,0.04,-1.4
Glades County,2019,5128,114,5350,126,222,12,0.041,0.1
Glades County,2020,4903,-225,5192,-158,289,67,0.056,1.5
,,,,,,,,,
Gulf County,2000,4928,196,5245,-271,317,-467,0.06,-8.2
Gulf County,2001,5025,97,5342,97,317,0,0.059,-0.1
Gulf County,2002,5194,169,5502,160,308,-9,0.056,-0.3
Gulf County,2003,5561,367,5842,340,281,-27,0.048,-0.8
Gulf County,2004,5728,167,5964,122,236,-45,0.04,-0.8
Gulf County,2005,6110,382,6321,357,211,-25,0.033,-0.7
Gulf County,2006,6221,111,6419,98,198,-13,0.031,-0.2
Gulf County,2007,6027,-194,6269,-150,242,44,0.039,0.8
Gulf County,2008,5957,-70,6368,99,411,169,0.065,2.6
Gulf County,2009,5753,-204,6361,-7,608,197,0.096,3.1
Gulf County,2010,5564,-189,6180,-181,616,8,0.1,0.4
Gulf County,2011,5606,42,6203,23,597,-19,0.096,-0.4
Gulf County,2012,5546,-60,6050,-153,504,-93,0.083,-1.3
Gulf County,2013,5712,166,6145,95,433,-71,0.07,-1.3
Gulf County,2014,5732,20,6114,-31,382,-51,0.062,-0.8
Gulf County,2015,5699,-33,6019,-95,320,-62,0.053,-0.9
Gulf County,2016,5704,5,5985,-34,281,-39,0.047,-0.6
Gulf County,2017,5770,66,6007,22,237,-44,0.039,-0.8
Gulf County,2018,5720,-50,5993,-14,273,36,0.046,0.7
Gulf County,2019,4943,-777,5201,-792,258,-15,0.05,0.4
Gulf County,2020,4724,-219,5022,-179,298,40,0.059,0.9
,,,,,,,,,
Hamilton County,2000,4335,1029,4580,1033,245,4,0.053,-1.5
Hamilton County,2001,4052,-283,4393,-187,341,96,0.078,2.5
Hamilton County,2002,4091,39,4364,-29,273,-68,0.063,-1.5
Hamilton County,2003,4266,175,4517,153,251,-22,0.056,-0.7
Hamilton County,2004,4333,67,4558,41,225,-26,0.049,-0.7
Hamilton County,2005,4429,96,4616,58,187,-38,0.041,-0.8
Hamilton County,2006,4463,34,4641,25,178,-9,0.038,-0.3
Hamilton County,2007,4411,-52,4627,-14,216,38,0.047,0.9
Hamilton County,2008,4441,30,4791,164,350,134,0.073,2.6
Hamilton County,2009,4306,-135,4848,57,542,192,0.112,3.9
Hamilton County,2010,4238,-68,4766,-82,528,-14,0.111,-0.1
Hamilton County,2011,4364,126,4869,103,505,-23,0.104,-0.7
Hamilton County,2012,4673,309,5142,273,469,-36,0.091,-1.3
Hamilton County,2013,4211,-462,4625,-517,414,-55,0.09,-0.1
Hamilton County,2014,4241,30,4602,-23,361,-53,0.078,-1.2
Hamilton County,2015,4243,2,4540,-62,297,-64,0.065,-1.3
Hamilton County,2016,4406,163,4673,133,267,-30,0.057,-0.8
Hamilton County,2017,4098,-308,4309,-364,211,-56,0.049,-0.8
Hamilton County,2018,4182,84,4368,59,186,-25,0.043,-0.6
Hamilton County,2019,4120,-62,4307,-61,187,1,0.043,0
Hamilton County,2020,3880,-240,4199,-108,319,132,0.076,3.3
,,,,,,,,,
Hardee County,2000,10114,1355,10751,953,637,-402,0.059,-4.7
Hardee County,2001,10010,-104,10778,27,768,131,0.071,1.2
Hardee County,2002,10184,174,10997,219,813,45,0.074,0.3
Hardee County,2003,10364,180,11115,118,751,-62,0.068,-0.6
Hardee County,2004,10245,-119,10934,-181,689,-62,0.063,-0.5
Hardee County,2005,10834,589,11378,444,544,-145,0.048,-1.5
Hardee County,2006,11506,672,11982,604,476,-68,0.04,-0.8
Hardee County,2007,11313,-193,11858,-124,545,69,0.046,0.6
Hardee County,2008,10952,-361,11758,-100,806,261,0.069,2.3
Hardee County,2009,10701,-251,11962,204,1261,455,0.105,3.6
Hardee County,2010,10359,-342,11664,-298,1305,44,0.112,0.7
Hardee County,2011,10658,299,11851,187,1193,-112,0.101,-1.1
Hardee County,2012,10690,32,11769,-82,1079,-114,0.092,-0.9
Hardee County,2013,10080,-610,11028,-741,948,-131,0.086,-0.6
Hardee County,2014,9516,-564,10332,-696,816,-132,0.079,-0.7
Hardee County,2015,9416,-100,10131,-201,715,-101,0.071,-0.8
Hardee County,2016,8664,-752,9287,-844,623,-92,0.067,-0.4
Hardee County,2017,8427,-237,8958,-329,531,-92,0.059,-0.8
Hardee County,2018,8334,-93,8802,-156,468,-63,0.053,-0.6
Hardee County,2019,7932,-402,8378,-424,446,-22,0.053,0
Hardee County,2020,7915,-17,8466,88,551,105,0.065,1.2
,,,,,,,,,
Hendry County,2000,15116,958,16295,47,1179,-911,0.072,-5.7
Hendry County,2001,15770,654,17101,806,1331,152,0.078,0.6
Hendry County,2002,15828,58,17318,217,1490,159,0.086,0.8
Hendry County,2003,15696,-132,17176,-142,1480,-10,0.086,0
Hendry County,2004,15543,-153,17001,-175,1458,-22,0.086,0
Hendry County,2005,16088,545,17375,374,1287,-171,0.074,-1.2
Hendry County,2006,16578,490,17698,323,1120,-167,0.063,-1.1
Hendry County,2007,16654,76,18008,310,1354,234,0.075,1.2
Hendry County,2008,15619,-1035,17565,-443,1946,592,0.111,3.6
Hendry County,2009,14744,-875,17192,-373,2448,502,0.142,3.1
Hendry County,2010,15707,963,18174,982,2467,19,0.136,-0.6
Hendry County,2011,15394,-313,17853,-321,2459,-8,0.138,0.2
Hendry County,2012,14690,-704,16911,-942,2221,-238,0.131,-0.7
Hendry County,2013,14574,-116,16644,-267,2070,-151,0.124,-0.7
Hendry County,2014,13984,-590,15825,-819,1841,-229,0.116,-0.8
Hendry County,2015,13535,-449,15162,-663,1627,-214,0.107,-0.9
Hendry County,2016,14133,598,15462,300,1329,-298,0.086,-2.1
Hendry County,2017,14817,684,15995,533,1178,-151,0.074,-1.2
Hendry County,2018,14643,-174,15618,-377,975,-203,0.062,-1.2
Hendry County,2019,14412,-231,15376,-242,964,-11,0.063,0.1
Hendry County,2020,14332,-80,15589,213,1257,293,0.081,1.8
,,,,,,,,,
Hernando County,2000,47411,-480,49574,-47,2163,433,0.044,0.9
Hernando County,2001,47829,418,50567,993,2738,575,0.054,1
Hernando County,2002,47944,115,51545,978,3601,863,0.07,1.6
Hernando County,2003,49323,1379,52747,1202,3424,-177,0.065,-0.5
Hernando County,2004,52578,3255,55841,3094,3263,-161,0.058,-0.7
Hernando County,2005,54294,1716,57093,1252,2799,-464,0.049,-0.9
Hernando County,2006,57191,2897,59884,2791,2693,-106,0.045,-0.4
Hernando County,2007,58059,868,61681,1797,3622,929,0.059,1.4
Hernando County,2008,57578,-481,63163,1482,5585,1963,0.088,2.9
Hernando County,2009,54056,-3522,62318,-845,8262,2677,0.133,4.5
Hernando County,2010,57188,3132,65828,3510,8640,378,0.131,-0.2
Hernando County,2011,57597,409,65807,-21,8210,-430,0.125,-0.6
Hernando County,2012,58728,1131,65910,103,7182,-1028,0.109,-1.6
Hernando County,2013,60023,1295,66220,310,6197,-985,0.094,-1.5
Hernando County,2014,60781,758,66188,-32,5407,-790,0.082,-1.2
Hernando County,2015,61707,926,66373,185,4666,-741,0.07,-1.2
Hernando County,2016,63991,2284,68152,1779,4161,-505,0.061,-0.9
Hernando County,2017,65650,1659,69327,1175,3677,-484,0.053,-0.8
Hernando County,2018,67324,1674,70594,1267,3270,-407,0.046,-0.7
Hernando County,2019,68756,1432,71932,1338,3176,-94,0.044,-0.2
Hernando County,2020,65765,-2991,71534,-398,5769,2593,0.081,3.7
,,,,,,,,,
Highlands County,2000,31569,6584,33162,6256,1593,-328,0.048,-2.3
Highlands County,2001,32679,1110,34522,1360,1843,250,0.053,0.5
Highlands County,2002,33986,1307,36262,1740,2276,433,0.063,1
Highlands County,2003,35768,1782,37938,1676,2170,-106,0.057,-0.6
Highlands County,2004,35723,-45,37751,-187,2028,-142,0.054,-0.3
Highlands County,2005,38293,2570,39983,2232,1690,-338,0.042,-1.2
Highlands County,2006,39270,977,40797,814,1527,-163,0.037,-0.5
Highlands County,2007,38284,-986,40249,-548,1965,438,0.049,1.2
Highlands County,2008,37916,-368,40939,690,3023,1058,0.074,2.5
Highlands County,2009,36113,-1803,40483,-456,4370,1347,0.108,3.4
Highlands County,2010,32428,-3685,36899,-3584,4471,101,0.121,1.3
Highlands County,2011,33583,1155,37930,1031,4347,-124,0.115,-0.6
Highlands County,2012,33227,-356,37162,-768,3935,-412,0.106,-0.9
Highlands County,2013,32494,-733,36075,-1087,3581,-354,0.099,-0.7
Highlands County,2014,32705,211,35813,-262,3108,-473,0.087,-1.2
Highlands County,2015,32799,94,35485,-328,2686,-422,0.076,-1.1
Highlands County,2016,33481,682,35846,361,2365,-321,0.066,-1
Highlands County,2017,34290,809,36370,524,2080,-285,0.057,-0.9
Highlands County,2018,34656,366,36460,90,1804,-276,0.049,-0.8
Highlands County,2019,34082,-574,35813,-647,1731,-73,0.048,-0.1
Highlands County,2020,31967,-2115,34641,-1172,2674,943,0.077,2.9
,,,,,,,,,
Hillsborough County,2000,511461,-43735,528746,-42092,17285,1643,0.033,0.6
Hillsborough County,2001,516621,5160,539862,11116,23241,5956,0.043,1
Hillsborough County,2002,515356,-1265,545558,5696,30202,6961,0.055,1.2
Hillsborough County,2003,521627,6271,550232,4674,28605,-1597,0.052,-0.3
Hillsborough County,2004,543533,21906,569195,18963,25662,-2943,0.045,-0.7
Hillsborough County,2005,548804,5271,570252,1057,21448,-4214,0.038,-0.7
Hillsborough County,2006,566146,17342,585548,15296,19402,-2046,0.033,-0.5
Hillsborough County,2007,570539,4393,595244,9696,24705,5303,0.042,0.9
Hillsborough County,2008,560054,-10485,599256,4012,39202,14497,0.065,2.3
Hillsborough County,2009,533687,-26367,596872,-2384,63185,23983,0.106,4.1
Hillsborough County,2010,573638,39951,640114,43242,66476,3291,0.104,-0.2
Hillsborough County,2011,594729,21091,657569,17455,62840,-3636,0.096,-0.8
Hillsborough County,2012,609993,15264,664074,6505,54081,-8759,0.081,-1.5
Hillsborough County,2013,625343,15350,671504,7430,46161,-7920,0.069,-1.2
Hillsborough County,2014,641101,15758,681695,10191,40594,-5567,0.06,-0.9
Hillsborough County,2015,656690,15589,692032,10337,35342,-5252,0.051,-0.9
Hillsborough County,2016,677812,21122,709538,17506,31726,-3616,0.045,-0.6
Hillsborough County,2017,695123,17311,723819,14281,28696,-3030,0.04,-0.5
Hillsborough County,2018,710408,15285,735930,12111,25522,-3174,0.035,-0.5
Hillsborough County,2019,732354,21946,757044,21114,24690,-832,0.033,-0.2
Hillsborough County,2020,700764,-31590,754552,-2492,53788,29098,0.071,3.8
,,,,,,,,,
Holmes County,2000,7364,956,7737,939,373,-17,0.048,-0.9
Holmes County,2001,7271,-93,7754,17,483,110,0.062,1.4
Holmes County,2002,7210,-61,7660,-94,450,-33,0.059,-0.3
Holmes County,2003,7363,153,7744,84,381,-69,0.049,-1
Holmes County,2004,7619,256,7987,243,368,-13,0.046,-0.3
Holmes County,2005,8064,445,8366,379,302,-66,0.036,-1
Holmes County,2006,8362,298,8625,259,263,-39,0.03,-0.6
Holmes County,2007,8455,93,8769,144,314,51,0.036,0.6
Holmes County,2008,8531,76,8999,230,468,154,0.052,1.6
Holmes County,2009,8173,-358,8884,-115,711,243,0.08,2.8
Holmes County,2010,6414,-1759,7130,-1754,716,5,0.1,2
Holmes County,2011,6452,38,7156,26,704,-12,0.098,-0.2
Holmes County,2012,6473,21,7122,-34,649,-55,0.091,-0.7
Holmes County,2013,6422,-51,6996,-126,574,-75,0.082,-0.9
Holmes County,2014,6361,-61,6852,-144,491,-83,0.072,-1
Holmes County,2015,6301,-60,6718,-134,417,-74,0.062,-1
Holmes County,2016,6367,66,6734,16,367,-50,0.054,-0.8
Holmes County,2017,6554,187,6885,151,331,-36,0.048,-0.6
Holmes County,2018,6603,49,6880,-5,277,-54,0.04,-0.8
Holmes County,2019,6689,86,6947,67,258,-19,0.037,-0.3
Holmes County,2020,6472,-217,6850,-97,378,120,0.055,1.8
,,,,,,,,,
Indian River County,2000,48426,4998,51043,3903,2617,-1095,0.051,-2.8
Indian River County,2001,49612,1186,52803,1760,3191,574,0.06,0.9
Indian River County,2002,49958,346,53979,1176,4021,830,0.074,1.4
Indian River County,2003,52242,2284,56163,2184,3921,-100,0.07,-0.4
Indian River County,2004,52264,22,56200,37,3936,15,0.07,0
Indian River County,2005,56638,4374,59484,3284,2846,-1090,0.048,-2.2
Indian River County,2006,59163,2525,61703,2219,2540,-306,0.041,-0.7
Indian River County,2007,59155,-8,62723,1020,3568,1028,0.057,1.6
Indian River County,2008,57748,-1407,62940,217,5192,1624,0.082,2.5
Indian River County,2009,54261,-3487,62299,-641,8038,2846,0.129,4.7
Indian River County,2010,52594,-1667,60783,-1516,8189,151,0.135,0.6
Indian River County,2011,53791,1197,61573,790,7782,-407,0.126,-0.9
Indian River County,2012,54700,909,61660,87,6960,-822,0.113,-1.3
Indian River County,2013,55238,538,61401,-259,6163,-797,0.1,-1.3
Indian River County,2014,56676,1438,61680,279,5004,-1159,0.081,-1.9
Indian River County,2015,57212,536,61460,-220,4248,-756,0.069,-1.2
Indian River County,2016,58604,1392,62394,934,3790,-458,0.061,-0.8
Indian River County,2017,60640,2036,63889,1495,3249,-541,0.051,-1
Indian River County,2018,62044,1404,64901,1012,2857,-392,0.044,-0.7
Indian River County,2019,62985,941,65635,734,2650,-207,0.04,-0.4
Indian River County,2020,59482,-3503,64233,-1402,4751,2101,0.074,3.4
,,,,,,,,,
Jackson County,2000,18499,1181,19391,829,892,-352,0.046,-2.1
Jackson County,2001,18645,146,19641,250,996,104,0.051,0.5
Jackson County,2002,19117,472,20079,438,962,-34,0.048,-0.3
Jackson County,2003,19309,192,20181,102,872,-90,0.043,-0.5
Jackson County,2004,20015,706,20873,692,858,-14,0.041,-0.2
Jackson County,2005,20313,298,21058,185,745,-113,0.035,-0.6
Jackson County,2006,20527,214,21288,230,761,16,0.036,0.1
Jackson County,2007,20679,152,21538,250,859,98,0.04,0.4
Jackson County,2008,20973,294,22155,617,1182,323,0.053,1.3
Jackson County,2009,20328,-645,21958,-197,1630,448,0.074,2.1
Jackson County,2010,17131,-3197,18782,-3176,1651,21,0.088,1.4
Jackson County,2011,16438,-693,18151,-631,1713,62,0.094,0.6
Jackson County,2012,16348,-90,17949,-202,1601,-112,0.089,-0.5
Jackson County,2013,16340,-8,17735,-214,1395,-206,0.079,-1
Jackson County,2014,16256,-84,17458,-277,1202,-193,0.069,-1
Jackson County,2015,16345,89,17379,-79,1034,-168,0.059,-1
Jackson County,2016,16480,135,17396,17,916,-118,0.053,-0.6
Jackson County,2017,16499,19,17287,-109,788,-128,0.046,-0.7
Jackson County,2018,16524,25,17227,-60,703,-85,0.041,-0.5
Jackson County,2019,16477,-47,17106,-121,629,-74,0.037,-0.4
Jackson County,2020,16298,-179,17231,125,933,304,0.054,1.7
,,,,,,,,,
Jefferson County,2000,5841,1030,6065,1031,224,1,0.037,-0.7
Jefferson County,2001,6030,189,6318,253,288,64,0.046,0.9
Jefferson County,2002,6108,78,6407,89,299,11,0.047,0.1
Jefferson County,2003,6223,115,6511,104,288,-11,0.044,-0.3
Jefferson County,2004,6377,154,6627,116,250,-38,0.038,-0.6
Jefferson County,2005,6599,222,6814,187,215,-35,0.032,-0.6
Jefferson County,2006,6863,264,7066,252,203,-12,0.029,-0.3
Jefferson County,2007,6519,-344,6749,-317,230,27,0.034,0.5
Jefferson County,2008,6491,-28,6844,95,353,123,0.052,1.8
Jefferson County,2009,6042,-449,6578,-266,536,183,0.081,2.9
Jefferson County,2010,5417,-625,5992,-586,575,39,0.096,1.5
Jefferson County,2011,5293,-124,5884,-108,591,16,0.1,0.4
Jefferson County,2012,4950,-343,5472,-412,522,-69,0.095,-0.5
Jefferson County,2013,5015,65,5456,-16,441,-81,0.081,-1.4
Jefferson County,2014,5116,101,5489,33,373,-68,0.068,-1.3
Jefferson County,2015,5071,-45,5395,-94,324,-49,0.06,-0.8
Jefferson County,2016,5117,46,5404,9,287,-37,0.053,-0.7
Jefferson County,2017,5250,133,5493,89,243,-44,0.044,-0.9
Jefferson County,2018,5352,102,5567,74,215,-28,0.039,-0.5
Jefferson County,2019,5347,-5,5541,-26,194,-21,0.035,-0.4
Jefferson County,2020,5049,-298,5347,-194,298,104,0.056,2.1
,,,,,,,,,
Lafayette County,2000,2607,-371,2718,-332,111,39,0.041,1.7
Lafayette County,2001,2518,-89,2663,-55,145,34,0.054,1.3
Lafayette County,2002,2624,106,2761,98,137,-8,0.05,-0.4
Lafayette County,2003,2686,62,2804,43,118,-19,0.042,-0.8
Lafayette County,2004,2702,16,2797,-7,95,-23,0.034,-0.8
Lafayette County,2005,2713,11,2798,1,85,-10,0.03,-0.4
Lafayette County,2006,2771,58,2850,52,79,-6,0.028,-0.2
Lafayette County,2007,2833,62,2921,71,88,9,0.03,0.2
Lafayette County,2008,2839,6,2978,57,139,51,0.047,1.7
Lafayette County,2009,2844,5,3074,96,230,91,0.075,2.8
Lafayette County,2010,3141,297,3379,305,238,8,0.07,-0.5
Lafayette County,2011,3390,249,3615,236,225,-13,0.062,-0.8
Lafayette County,2012,3256,-134,3460,-155,204,-21,0.059,-0.3
Lafayette County,2013,3300,44,3489,29,189,-15,0.054,-0.5
Lafayette County,2014,3171,-129,3348,-141,177,-12,0.053,-0.1
Lafayette County,2015,3068,-103,3217,-131,149,-28,0.046,-0.7
Lafayette County,2016,2846,-222,2977,-240,131,-18,0.044,-0.2
Lafayette County,2017,2827,-19,2937,-40,110,-21,0.037,-0.7
Lafayette County,2018,2729,-98,2825,-112,96,-14,0.034,-0.3
Lafayette County,2019,2760,31,2847,22,87,-9,0.031,-0.3
Lafayette County,2020,2664,-96,2781,-66,117,30,0.042,1.1
,,,,,,,,,
Lake County,2000,89912,-3152,93264,-2352,3352,800,0.036,0.9
Lake County,2001,92899,2987,97392,4128,4493,1141,0.046,1
Lake County,2002,93581,682,99439,2047,5858,1365,0.059,1.3
Lake County,2003,98199,4618,103685,4246,5486,-372,0.053,-0.6
Lake County,2004,105453,7254,110583,6898,5130,-356,0.046,-0.7
Lake County,2005,113846,8393,118339,7756,4493,-637,0.038,-0.8
Lake County,2006,122105,8259,126341,8002,4236,-257,0.034,-0.4
Lake County,2007,127162,5057,132744,6403,5582,1346,0.042,0.8
Lake County,2008,127816,654,136844,4100,9028,3446,0.066,2.4
Lake County,2009,120749,-7067,135874,-970,15125,6097,0.111,4.5
Lake County,2010,117680,-3069,132826,-3048,15146,21,0.114,0.3
Lake County,2011,118993,1313,133044,218,14051,-1095,0.106,-0.8
Lake County,2012,121063,2070,133178,134,12115,-1936,0.091,-1.5
Lake County,2013,124697,3634,135123,1945,10426,-1689,0.077,-1.4
Lake County,2014,129049,4352,138134,3011,9085,-1341,0.066,-1.1
Lake County,2015,133475,4426,141343,3209,7868,-1217,0.056,-1
Lake County,2016,139389,5914,146577,5234,7188,-680,0.049,-0.7
Lake County,2017,144477,5088,150886,4309,6409,-779,0.042,-0.7
Lake County,2018,149808,5331,155447,4561,5639,-770,0.036,-0.6
Lake County,2019,156335,6527,161784,6337,5449,-190,0.034,-0.2
Lake County,2020,140383,-15952,154028,-7756,13645,8196,0.089,5.5
,,,,,,,,,
Lee County,2000,200939,19915,207658,21615,6719,1700,0.032,0.5
Lee County,2001,211335,10396,219821,12163,8486,1767,0.039,0.7
Lee County,2002,217154,5819,228531,8710,11377,2891,0.05,1.1
Lee County,2003,226562,9408,237744,9213,11182,-195,0.047,-0.3
Lee County,2004,241399,14837,251852,14108,10453,-729,0.042,-0.5
Lee County,2005,263972,22573,272752,20900,8780,-1673,0.032,-1
Lee County,2006,278772,14800,287157,14405,8385,-395,0.029,-0.3
Lee County,2007,277066,-1706,290882,3725,13816,5431,0.047,1.8
Lee County,2008,262214,-14852,286092,-4790,23878,10062,0.083,3.6
Lee County,2009,244526,-17688,278817,-7275,34291,10413,0.123,4
Lee County,2010,246599,2073,280605,1788,34006,-285,0.121,-0.2
Lee County,2011,254435,7836,285363,4758,30928,-3078,0.108,-1.3
Lee County,2012,264043,9608,290468,5105,26425,-4503,0.091,-1.7
Lee County,2013,275689,11646,298348,7880,22659,-3766,0.076,-1.5
Lee County,2014,290623,14934,309859,11511,19236,-3423,0.062,-1.4
Lee County,2015,303892,13269,320586,10727,16694,-2542,0.052,-1
Lee County,2016,314990,11098,330398,9812,15408,-1286,0.047,-0.5
Lee County,2017,321049,6059,334903,4505,13854,-1554,0.041,-0.6
Lee County,2018,329120,8071,341068,6165,11948,-1906,0.035,-0.6
Lee County,2019,337412,8292,349001,7933,11589,-359,0.033,-0.2
Lee County,2020,320161,-17251,345417,-3584,25256,13667,0.073,4
,,,,,,,,,
Leon County,2000,130656,-767,134773,-133,4117,634,0.031,0.5
Leon County,2001,129594,-1062,134525,-248,4931,814,0.037,0.6
Leon County,2002,127314,-2280,133250,-1275,5936,1005,0.045,0.8
Leon County,2003,128524,1210,134093,843,5569,-367,0.042,-0.3
Leon County,2004,128757,233,133899,-194,5142,-427,0.038,-0.4
Leon County,2005,133367,4610,137708,3809,4341,-801,0.032,-0.6
Leon County,2006,136722,3355,140574,2866,3852,-489,0.027,-0.5
Leon County,2007,140326,3604,144890,4316,4564,712,0.031,0.4
Leon County,2008,140372,46,147218,2328,6846,2282,0.047,1.6
Leon County,2009,136962,-3410,147363,145,10401,3555,0.071,2.4
Leon County,2010,137411,449,148825,1462,11414,1013,0.077,0.6
Leon County,2011,137538,127,149095,270,11557,143,0.078,0.1
Leon County,2012,137606,68,148301,-794,10695,-862,0.072,-0.6
Leon County,2013,138410,804,147808,-493,9398,-1297,0.064,-0.8
Leon County,2014,141074,2664,149611,1803,8537,-861,0.057,-0.7
Leon County,2015,140607,-467,148125,-1486,7518,-1019,0.051,-0.6
Leon County,2016,143808,3201,150702,2577,6894,-624,0.046,-0.5
Leon County,2017,145999,2191,152004,1302,6005,-889,0.04,-0.6
Leon County,2018,148505,2506,153810,1806,5305,-700,0.034,-0.6
Leon County,2019,149917,1412,154954,1144,5037,-268,0.033,-0.1
Leon County,2020,141883,-8034,150626,-4328,8743,3706,0.058,2.5
,,,,,,,,,
Levy County,2000,13834,874,14394,990,560,116,0.039,0.6
Levy County,2001,13865,31,14634,240,769,209,0.053,1.4
Levy County,2002,13937,72,14816,182,879,110,0.059,0.6
Levy County,2003,14419,482,15251,435,832,-47,0.055,-0.4
Levy County,2004,14860,441,15616,365,756,-76,0.048,-0.7
Levy County,2005,15948,1088,16579,963,631,-125,0.038,-1
Levy County,2006,15917,-31,16500,-79,583,-48,0.035,-0.3
Levy County,2007,16072,155,16793,293,721,138,0.043,0.8
Levy County,2008,15666,-406,16891,98,1225,504,0.073,3
Levy County,2009,14824,-842,16742,-149,1918,693,0.115,4.2
Levy County,2010,15189,365,17175,433,1986,68,0.116,0.1
Levy County,2011,15039,-150,16872,-303,1833,-153,0.109,-0.7
Levy County,2012,15035,-4,16630,-242,1595,-238,0.096,-1.3
Levy County,2013,14911,-124,16299,-331,1388,-207,0.085,-1.1
Levy County,2014,15129,218,16276,-23,1147,-241,0.07,-1.5
Levy County,2015,15547,418,16510,234,963,-184,0.058,-1.2
Levy County,2016,15831,284,16702,192,871,-92,0.052,-0.6
Levy County,2017,16005,174,16762,60,757,-114,0.045,-0.7
Levy County,2018,16136,131,16802,40,666,-91,0.04,-0.5
Levy County,2019,16066,-70,16722,-80,656,-10,0.039,-0.1
Levy County,2020,15568,-498,16569,-153,1001,345,0.06,2.1
,,,,,,,,,
Liberty County,2000,2512,241,2621,232,109,-9,0.042,-0.7
Liberty County,2001,2573,61,2706,85,133,24,0.049,0.7
Liberty County,2002,2796,223,2930,224,134,1,0.046,-0.3
Liberty County,2003,2911,115,3026,96,115,-19,0.038,-0.8
Liberty County,2004,3027,116,3141,115,114,-1,0.036,-0.2
Liberty County,2005,3204,177,3297,156,93,-21,0.028,-0.8
Liberty County,2006,3444,240,3537,240,93,0,0.026,-0.2
Liberty County,2007,3563,119,3667,130,104,11,0.028,0.2
Liberty County,2008,3683,120,3851,184,168,64,0.044,1.6
Liberty County,2009,3644,-39,3867,16,223,55,0.058,1.4
Liberty County,2010,2663,-981,2910,-957,247,24,0.085,2.7
Liberty County,2011,2586,-77,2846,-64,260,13,0.091,0.6
Liberty County,2012,2505,-81,2729,-117,224,-36,0.082,-0.9
Liberty County,2013,2638,133,2838,109,200,-24,0.07,-1.2
Liberty County,2014,2560,-78,2748,-90,188,-12,0.068,-0.2
Liberty County,2015,2491,-69,2648,-100,157,-31,0.059,-0.9
Liberty County,2016,2509,18,2646,-2,137,-20,0.052,-0.7
Liberty County,2017,2497,-12,2618,-28,121,-16,0.046,-0.6
Liberty County,2018,2508,11,2612,-6,104,-17,0.04,-0.6
Liberty County,2019,2556,48,2653,41,97,-7,0.037,-0.3
Liberty County,2020,2473,-83,2598,-55,125,28,0.048,1.1
,,,,,,,,,
Madison County,2000,7381,2,7695,23,314,21,0.041,0.3
Madison County,2001,7031,-350,7412,-283,381,67,0.051,1
Madison County,2002,6835,-196,7220,-192,385,4,0.053,0.2
Madison County,2003,6845,10,7212,-8,367,-18,0.051,-0.2
Madison County,2004,6801,-44,7192,-20,391,24,0.054,0.3
Madison County,2005,7091,290,7438,246,347,-44,0.047,-0.7
Madison County,2006,6960,-131,7339,-99,379,32,0.052,0.5
Madison County,2007,6526,-434,6954,-385,428,49,0.062,1
Madison County,2008,6530,4,7034,80,504,76,0.072,1
Madison County,2009,6378,-152,7140,106,762,258,0.107,3.5
Madison County,2010,7114,736,7878,738,764,2,0.097,-1
Madison County,2011,7262,148,8029,151,767,3,0.096,-0.1
Madison County,2012,7245,-17,7947,-82,702,-65,0.088,-0.8
Madison County,2013,7252,7,7893,-54,641,-61,0.081,-0.7
Madison County,2014,7161,-91,7727,-166,566,-75,0.073,-0.8
Madison County,2015,7039,-122,7504,-223,465,-101,0.062,-1.1
Madison County,2016,6960,-79,7350,-154,390,-75,0.053,-0.9
Madison County,2017,7032,72,7363,13,331,-59,0.045,-0.8
Madison County,2018,6996,-36,7286,-77,290,-41,0.04,-0.5
Madison County,2019,7168,172,7464,178,296,6,0.04,0
Madison County,2020,7140,-28,7599,135,459,163,0.06,2
,,,,,,,,,
Manatee County,2000,119262,-2881,123188,-1868,3926,1013,0.032,0.9
Manatee County,2001,120586,1324,125865,2677,5279,1353,0.042,1
Manatee County,2002,125956,5370,132835,6970,6879,1600,0.052,1
Manatee County,2003,129549,3593,136093,3258,6544,-335,0.048,-0.4
Manatee County,2004,136478,6929,142577,6484,6099,-445,0.043,-0.5
Manatee County,2005,139595,3117,144617,2040,5022,-1077,0.035,-0.8
Manatee County,2006,144644,5049,149208,4591,4564,-458,0.031,-0.4
Manatee County,2007,141381,-3263,147550,-1658,6169,1605,0.042,1.1
Manatee County,2008,133932,-7449,144269,-3281,10337,4168,0.072,3
Manatee County,2009,125901,-8031,142403,-1866,16502,6165,0.116,4.4
Manatee County,2010,130121,4220,146334,3931,16213,-289,0.111,-0.5
Manatee County,2011,132628,2507,147279,945,14651,-1562,0.099,-1.2
Manatee County,2012,137215,4587,149768,2489,12553,-2098,0.084,-1.5
Manatee County,2013,144059,6844,154900,5132,10841,-1712,0.07,-1.4
Manatee County,2014,150831,6772,160276,5376,9445,-1396,0.059,-1.1
Manatee County,2015,157051,6220,165527,5251,8476,-969,0.051,-0.8
Manatee County,2016,163281,6230,171148,5621,7867,-609,0.046,-0.5
Manatee County,2017,167587,4306,174624,3476,7037,-830,0.04,-0.6
Manatee County,2018,171719,4132,177921,3297,6202,-835,0.035,-0.5
Manatee County,2019,174772,3053,180737,2816,5965,-237,0.033,-0.2
Manatee County,2020,164571,-10201,176496,-4241,11925,5960,0.068,3.5
,,,,,,,,,
Marion County,2000,104748,6572,109171,7103,4423,531,0.041,0.3
Marion County,2001,104286,-462,109925,754,5639,1216,0.051,1
Marion County,2002,104907,621,111655,1730,6748,1109,0.06,0.9
Marion County,2003,108099,3192,114386,2731,6287,-461,0.055,-0.5
Marion County,2004,113984,5885,119728,5342,5744,-543,0.048,-0.7
Marion County,2005,123011,9027,127862,8134,4851,-893,0.038,-1
Marion County,2006,129573,6562,134179,6317,4606,-245,0.034,-0.4
Marion County,2007,130851,1278,137247,3068,6396,1790,0.047,1.3
Marion County,2008,127220,-3631,138375,1128,11155,4759,0.081,3.4
Marion County,2009,118007,-9213,135282,-3093,17275,6120,0.128,4.7
Marion County,2010,113748,-4259,131068,-4214,17320,45,0.132,0.4
Marion County,2011,114256,508,130254,-814,15998,-1322,0.123,-0.9
Marion County,2012,116046,1790,129686,-568,13640,-2358,0.105,-1.8
Marion County,2013,119141,3095,130783,1097,11642,-1998,0.089,-1.6
Marion County,2014,121579,2438,131442,659,9863,-1779,0.075,-1.4
Marion County,2015,122131,552,130698,-744,8567,-1296,0.066,-0.9
Marion County,2016,124689,2558,132466,1768,7777,-790,0.059,-0.7
Marion County,2017,126814,2125,133626,1160,6812,-965,0.051,-0.8
Marion County,2018,129708,2894,135674,2048,5966,-846,0.044,-0.7
Marion County,2019,133676,3968,139264,3590,5588,-378,0.04,-0.4
Marion County,2020,128709,-4967,138469,-795,9760,4172,0.07,3
,,,,,,,,,
Martin County,2000,53983,6384,56333,6129,2350,-255,0.042,-1
Martin County,2001,55511,1528,58526,2193,3015,665,0.052,1
Martin County,2002,56135,624,59658,1132,3523,508,0.059,0.7
Martin County,2003,57777,1642,61161,1503,3384,-139,0.055,-0.4
Martin County,2004,58991,1214,62199,1038,3208,-176,0.052,-0.3
Martin County,2005,62084,3093,64652,2453,2568,-640,0.04,-1.2
Martin County,2006,62964,880,65247,595,2283,-285,0.035,-0.5
Martin County,2007,62057,-907,64940,-307,2883,600,0.044,0.9
Martin County,2008,59125,-2932,63675,-1265,4550,1667,0.071,2.7
Martin County,2009,56024,-3101,62927,-748,6903,2353,0.11,3.9
Martin County,2010,59186,3162,66056,3129,6870,-33,0.104,-0.6
Martin County,2011,59867,681,66410,354,6543,-327,0.099,-0.5
Martin County,2012,60993,1126,66705,295,5712,-831,0.086,-1.3
Martin County,2013,62256,1263,67316,611,5060,-652,0.075,-1.1
Martin County,2014,64296,2040,68572,1256,4276,-784,0.062,-1.3
Martin County,2015,65987,1691,69769,1197,3782,-494,0.054,-0.8
Martin County,2016,67646,1659,71125,1356,3479,-303,0.049,-0.5
Martin County,2017,68947,1301,71994,869,3047,-432,0.042,-0.7
Martin County,2018,70174,1227,72805,811,2631,-416,0.036,-0.6
Martin County,2019,70924,750,73362,557,2438,-193,0.033,-0.3
Martin County,2020,67796,-3128,72180,-1182,4384,1946,0.061,2.8
,,,,,,,,,
Miami-Dade County,2000,1043046,2435,1091659,-2997,48613,-5432,0.045,-0.4
Miami-Dade County,2001,1026885,-16161,1075145,-16514,48260,-353,0.045,0
Miami-Dade County,2002,1008222,-18663,1053110,-22035,44888,-3372,0.043,-0.2
Miami-Dade County,2003,1026479,18257,1065762,12652,39283,-5605,0.037,-0.6
Miami-Dade County,2004,1046521,20042,1080088,14326,33567,-5716,0.031,-0.6
Miami-Dade County,2005,1106002,59481,1133105,53017,27103,-6464,0.024,-0.7
Miami-Dade County,2006,1155886,49884,1180505,47400,24619,-2484,0.021,-0.3
Miami-Dade County,2007,1194185,38299,1227055,46550,32870,8251,0.027,0.6
Miami-Dade County,2008,1169309,-24876,1222595,-4460,53286,20416,0.044,1.7
Miami-Dade County,2009,1083040,-86269,1191175,-31420,108135,54849,0.091,4.7
Miami-Dade County,2010,1085051,2011,1229381,38206,144330,36195,0.117,2.6
Miami-Dade County,2011,1140476,55425,1261955,32574,121479,-22851,0.096,-2.1
Miami-Dade County,2012,1185974,45498,1287313,25358,101339,-20140,0.079,-1.7
Miami-Dade County,2013,1176128,-9846,1272817,-14496,96689,-4650,0.076,-0.3
Miami-Dade County,2014,1210346,34218,1298195,25378,87849,-8840,0.068,-0.8
Miami-Dade County,2015,1215857,5511,1295273,-2922,79416,-8433,0.061,-0.7
Miami-Dade County,2016,1233029,17172,1305259,9986,72230,-7186,0.055,-0.6
Miami-Dade County,2017,1287153,54124,1349006,43747,61853,-10377,0.046,-0.9
Miami-Dade County,2018,1303064,15911,1351674,2668,48610,-13243,0.036,-1
Miami-Dade County,2019,1336431,33367,1371849,20175,35418,-13192,0.026,-1
Miami-Dade County,2020,1188173,-148258,1291854,-79995,103681,68263,0.08,5.4
,,,,,,,,,
Monroe County,2000,43877,-2666,45170,-2490,1293,176,0.029,0.6
Monroe County,2001,45020,1143,46671,1501,1651,358,0.035,0.6
Monroe County,2002,44849,-171,46717,46,1868,217,0.04,0.5
Monroe County,2003,45131,282,46720,3,1589,-279,0.034,-0.6
Monroe County,2004,44527,-604,45976,-744,1449,-140,0.032,-0.2
Monroe County,2005,44259,-268,45496,-480,1237,-212,0.027,-0.5
Monroe County,2006,43396,-863,44497,-999,1101,-136,0.025,-0.2
Monroe County,2007,43532,136,44757,260,1225,124,0.027,0.2
Monroe County,2008,44710,1178,46650,1893,1940,715,0.042,1.5
Monroe County,2009,42279,-2431,45385,-1265,3106,1166,0.068,2.6
Monroe County,2010,38716,-3563,41862,-3523,3146,40,0.075,0.7
Monroe County,2011,39566,850,42535,673,2969,-177,0.07,-0.5
Monroe County,2012,41044,1478,43603,1068,2559,-410,0.059,-1.1
Monroe County,2013,41922,878,44153,550,2231,-328,0.051,-0.8
Monroe County,2014,43038,1116,44941,788,1903,-328,0.042,-0.9
Monroe County,2015,44332,1294,45948,1007,1616,-287,0.035,-0.7
Monroe County,2016,45095,763,46592,644,1497,-119,0.032,-0.3
Monroe County,2017,44121,-974,45626,-966,1505,8,0.033,0.1
Monroe County,2018,43910,-211,45085,-541,1175,-330,0.026,-0.7
Monroe County,2019,45559,1649,46557,1472,998,-177,0.021,-0.5
Monroe County,2020,41223,-4336,44755,-1802,3532,2534,0.079,5.8
,,,,,,,,,
Nassau County,2000,29267,324,30268,284,1001,-40,0.033,-0.2
Nassau County,2001,29450,183,30728,460,1278,277,0.042,0.9
Nassau County,2002,29053,-397,30576,-152,1523,245,0.05,0.8
Nassau County,2003,29203,150,30704,128,1501,-22,0.049,-0.1
Nassau County,2004,29941,738,31256,552,1315,-186,0.042,-0.7
Nassau County,2005,31631,1690,32720,1464,1089,-226,0.033,-0.9
Nassau County,2006,33111,1480,34093,1373,982,-107,0.029,-0.4
Nassau County,2007,33994,883,35191,1098,1197,215,0.034,0.5
Nassau County,2008,34261,267,36276,1085,2015,818,0.056,2.2
Nassau County,2009,32469,-1792,35920,-356,3451,1436,0.096,4
Nassau County,2010,31842,-627,35491,-429,3649,198,0.103,0.7
Nassau County,2011,32372,530,35806,315,3434,-215,0.096,-0.7
Nassau County,2012,32750,378,35715,-91,2965,-469,0.083,-1.3
Nassau County,2013,33542,792,36074,359,2532,-433,0.07,-1.3
Nassau County,2014,33989,447,36208,134,2219,-313,0.061,-0.9
Nassau County,2015,34798,809,36703,495,1905,-314,0.052,-0.9
Nassau County,2016,36176,1378,37897,1194,1721,-184,0.045,-0.7
Nassau County,2017,37564,1388,39104,1207,1540,-181,0.039,-0.6
Nassau County,2018,39148,1584,40474,1370,1326,-214,0.033,-0.6
Nassau County,2019,40563,1415,41854,1380,1291,-35,0.031,-0.2
Nassau County,2020,38991,-1572,41338,-516,2347,1056,0.057,2.6
,,,,,,,,,
Okaloosa County,2000,77412,-3460,80375,-3370,2963,90,0.037,0.3
Okaloosa County,2001,79612,2200,83055,2680,3443,480,0.041,0.4
Okaloosa County,2002,81940,2328,85706,2651,3766,323,0.044,0.3
Okaloosa County,2003,85403,3463,88742,3036,3339,-427,0.038,-0.6
Okaloosa County,2004,89920,4517,93054,4312,3134,-205,0.034,-0.4
Okaloosa County,2005,93848,3928,96570,3516,2722,-412,0.028,-0.6
Okaloosa County,2006,96352,2504,98731,2161,2379,-343,0.024,-0.4
Okaloosa County,2007,94552,-1800,97527,-1204,2975,596,0.031,0.7
Okaloosa County,2008,92269,-2283,96861,-666,4592,1617,0.047,1.6
Okaloosa County,2009,89500,-2769,96418,-443,6918,2326,0.072,2.5
Okaloosa County,2010,81155,-8345,88348,-8070,7193,275,0.081,0.9
Okaloosa County,2011,83334,2179,90385,2037,7051,-142,0.078,-0.3
Okaloosa County,2012,84517,1183,90810,425,6293,-758,0.069,-0.9
Okaloosa County,2013,86383,1866,91866,1056,5483,-810,0.06,-0.9
Okaloosa County,2014,87023,640,91890,24,4867,-616,0.053,-0.7
Okaloosa County,2015,87870,847,92079,189,4209,-658,0.046,-0.7
Okaloosa County,2016,89740,1870,93533,1454,3793,-416,0.041,-0.5
Okaloosa County,2017,90997,1257,94307,774,3310,-483,0.035,-0.6
Okaloosa County,2018,92280,1283,95191,884,2911,-399,0.031,-0.4
Okaloosa County,2019,93926,1646,96675,1484,2749,-162,0.028,-0.3
Okaloosa County,2020,90729,-3197,96010,-665,5281,2532,0.055,2.7
,,,,,,,,,
Okeechobee County,2000,14815,-298,15658,-753,843,-455,0.054,-2.5
Okeechobee County,2001,14675,-140,15675,17,1000,157,0.064,1
Okeechobee County,2002,15015,340,16151,476,1136,136,0.07,0.6
Okeechobee County,2003,15118,103,16219,68,1101,-35,0.068,-0.2
Okeechobee County,2004,15144,26,16182,-37,1038,-63,0.064,-0.4
Okeechobee County,2005,16386,1242,17220,1038,834,-204,0.048,-1.6
Okeechobee County,2006,16748,362,17473,253,725,-109,0.041,-0.7
Okeechobee County,2007,16608,-140,17537,64,929,204,0.053,1.2
Okeechobee County,2008,16183,-425,17662,125,1479,550,0.084,3.1
Okeechobee County,2009,16040,-143,18199,537,2159,680,0.119,3.5
Okeechobee County,2010,15740,-300,17934,-265,2194,35,0.122,0.3
Okeechobee County,2011,15607,-133,17718,-216,2111,-83,0.119,-0.3
Okeechobee County,2012,16341,734,18211,493,1870,-241,0.103,-1.6
Okeechobee County,2013,16421,80,18066,-145,1645,-225,0.091,-1.2
Okeechobee County,2014,16316,-105,17652,-414,1336,-309,0.076,-1.5
Okeechobee County,2015,16216,-100,17318,-334,1102,-234,0.064,-1.2
Okeechobee County,2016,17261,1045,18205,887,944,-158,0.052,-1.2
Okeechobee County,2017,17514,253,18325,120,811,-133,0.044,-0.8
Okeechobee County,2018,17031,-483,17700,-625,669,-142,0.038,-0.6
Okeechobee County,2019,17105,74,17753,53,648,-21,0.037,-0.1
Okeechobee County,2020,16217,-888,17138,-615,921,273,0.054,1.7
,,,,,,,,,
Orange County,2000,484112,-8609,499432,-7903,15320,706,0.031,0.2
Orange County,2001,487402,3290,509594,10162,22192,6872,0.044,1.3
Orange County,2002,477859,-9543,507357,-2237,29498,7306,0.058,1.4
Orange County,2003,486989,9130,514061,6704,27072,-2426,0.053,-0.5
Orange County,2004,506346,19357,530884,16823,24538,-2534,0.046,-0.7
Orange County,2005,533969,27623,553951,23067,19982,-4556,0.036,-1
Orange County,2006,557220,23251,575327,21376,18107,-1875,0.031,-0.5
Orange County,2007,571946,14726,594761,19434,22815,4708,0.038,0.7
Orange County,2008,566854,-5092,603287,8526,36433,13618,0.06,2.2
Orange County,2009,533867,-32987,596021,-7266,62154,25721,0.104,4.4
Orange County,2010,563766,29899,629808,33787,66042,3888,0.105,0.1
Orange County,2011,575967,12201,638380,8572,62413,-3629,0.098,-0.7
Orange County,2012,594652,18685,649668,11288,55016,-7397,0.085,-1.3
Orange County,2013,614487,19835,661332,11664,46845,-8171,0.071,-1.4
Orange County,2014,634818,20331,675438,14106,40620,-6225,0.06,-1.1
Orange County,2015,653788,18970,688737,13299,34949,-5671,0.051,-0.9
Orange County,2016,677671,23883,708817,20080,31146,-3803,0.044,-0.7
Orange County,2017,700650,22979,728390,19573,27740,-3406,0.038,-0.6
Orange County,2018,721325,20675,745904,17514,24579,-3161,0.033,-0.5
Orange County,2019,735997,14672,759379,13475,23382,-1197,0.031,-0.2
Orange County,2020,659050,-76947,737546,-21833,78496,55114,0.106,7.5
,,,,,,,,,
Osceola County,2000,86592,1244,89542,1718,2950,474,0.033,0.5
Osceola County,2001,89394,2802,93700,4158,4306,1356,0.046,1.3
Osceola County,2002,91003,1609,96824,3124,5821,1515,0.06,1.4
Osceola County,2003,96488,5485,102110,5286,5622,-199,0.055,-0.5
Osceola County,2004,104334,7846,109692,7582,5358,-264,0.049,-0.6
Osceola County,2005,111999,7665,116456,6764,4457,-901,0.038,-1.1
Osceola County,2006,120750,8751,124996,8540,4246,-211,0.034,-0.4
Osceola County,2007,127164,6414,132902,7906,5738,1492,0.043,0.9
Osceola County,2008,129094,1930,138080,5178,8986,3248,0.065,2.2
Osceola County,2009,123212,-5882,138807,727,15595,6609,0.112,4.7
Osceola County,2010,119677,-3535,136117,-2690,16440,845,0.121,0.9
Osceola County,2011,123764,4087,139454,3337,15690,-750,0.113,-0.8
Osceola County,2012,128766,5002,142662,3208,13896,-1794,0.097,-1.6
Osceola County,2013,135390,6624,147566,4904,12176,-1720,0.083,-1.4
Osceola County,2014,141903,6513,152455,4889,10552,-1624,0.069,-1.4
Osceola County,2015,148689,6786,157892,5437,9203,-1349,0.058,-1.1
Osceola County,2016,156541,7852,164792,6900,8251,-952,0.05,-0.8
Osceola County,2017,165325,8784,172886,8094,7561,-690,0.044,-0.6
Osceola County,2018,173744,8419,180485,7599,6741,-820,0.037,-0.7
Osceola County,2019,179268,5524,185694,5209,6426,-315,0.035,-0.2
Osceola County,2020,160638,-18630,185793,99,25155,18729,0.135,10
,,,,,,,,,
Palm Beach County,2000,518667,19788,541551,14764,22884,-5024,0.042,-1.1
Palm Beach County,2001,538842,20175,568372,26821,29530,6646,0.052,1
Palm Beach County,2002,544442,5600,581208,12836,36766,7236,0.063,1.1
Palm Beach County,2003,551385,6943,585815,4607,34430,-2336,0.059,-0.4
Palm Beach County,2004,566247,14862,598161,12346,31914,-2516,0.053,-0.6
Palm Beach County,2005,578769,12522,604861,6700,26092,-5822,0.043,-1
Palm Beach County,2006,596415,17646,619269,14408,22854,-3238,0.037,-0.6
Palm Beach County,2007,598221,1806,626062,6793,27841,4987,0.044,0.7
Palm Beach County,2008,585947,-12274,628411,2349,42464,14623,0.068,2.4
Palm Beach County,2009,549671,-36276,615500,-12911,65829,23365,0.107,3.9
Palm Beach County,2010,572130,22459,640308,24808,68178,2349,0.106,-0.1
Palm Beach County,2011,583845,11715,648941,8633,65096,-3082,0.1,-0.6
Palm Beach County,2012,598903,15058,656413,7472,57510,-7586,0.088,-1.2
Palm Beach County,2013,620621,21718,670585,14172,49964,-7546,0.075,-1.3
Palm Beach County,2014,642418,21797,683721,13136,41303,-8661,0.06,-1.5
Palm Beach County,2015,657771,15353,693582,9861,35811,-5492,0.052,-0.8
Palm Beach County,2016,677839,20068,711609,18027,33770,-2041,0.047,-0.5
Palm Beach County,2017,690987,13148,721446,9837,30459,-3311,0.042,-0.5
Palm Beach County,2018,699897,8910,726479,5033,26582,-3877,0.037,-0.5
Palm Beach County,2019,709883,9986,735111,8632,25228,-1354,0.034,-0.3
Palm Beach County,2020,662945,-46938,717379,-17732,54434,29206,0.076,4.2
,,,,,,,,,
Pasco County,2000,144659,7400,150210,8312,5551,912,0.037,0.4
Pasco County,2001,147745,3086,155216,5006,7471,1920,0.048,1.1
Pasco County,2002,149351,1606,159092,3876,9741,2270,0.061,1.3
Pasco County,2003,154113,4762,163533,4441,9420,-321,0.058,-0.3
Pasco County,2004,164628,10515,173717,10184,9089,-331,0.052,-0.6
Pasco County,2005,169875,5247,177737,4020,7862,-1227,0.044,-0.8
Pasco County,2006,179799,9924,187047,9310,7248,-614,0.039,-0.5
Pasco County,2007,183551,3752,193243,6196,9692,2444,0.05,1.1
Pasco County,2008,182473,-1078,197619,4376,15146,5454,0.077,2.7
Pasco County,2009,172016,-10457,195279,-2340,23263,8117,0.119,4.2
Pasco County,2010,181719,9703,205550,10271,23831,568,0.116,-0.3
Pasco County,2011,183302,1583,205503,-47,22201,-1630,0.108,-0.8
Pasco County,2012,188053,4751,207412,1909,19359,-2842,0.093,-1.5
Pasco County,2013,193095,5042,209918,2506,16823,-2536,0.08,-1.3
Pasco County,2014,198120,5025,212730,2812,14610,-2213,0.069,-1.1
Pasco County,2015,203402,5282,216242,3512,12840,-1770,0.059,-1
Pasco County,2016,211693,8291,223250,7008,11557,-1283,0.052,-0.7
Pasco County,2017,217765,6072,228053,4803,10288,-1269,0.045,-0.7
Pasco County,2018,224188,6423,233371,5318,9183,-1105,0.039,-0.6
Pasco County,2019,231402,7214,240250,6879,8848,-335,0.037,-0.2
Pasco County,2020,221185,-10217,238327,-1923,17142,8294,0.072,3.5
,,,,,,,,,
Pinellas County,2000,455503,-15467,470985,-13839,15482,1628,0.033,0.4
Pinellas County,2001,450408,-5095,471589,604,21181,5699,0.045,1.2
Pinellas County,2002,439107,-11301,465976,-5613,26869,5688,0.058,1.3
Pinellas County,2003,435958,-3149,460833,-5143,24875,-1994,0.054,-0.4
Pinellas County,2004,443802,7844,465181,4348,21379,-3496,0.046,-0.8
Pinellas County,2005,435761,-8041,453533,-11648,17772,-3607,0.039,-0.7
Pinellas County,2006,437883,2122,453148,-385,15265,-2507,0.034,-0.5
Pinellas County,2007,431617,-6266,450329,-2819,18712,3447,0.042,0.8
Pinellas County,2008,418214,-13403,447744,-2585,29530,10818,0.066,2.4
Pinellas County,2009,393139,-25075,440723,-7021,47584,18054,0.108,4.2
Pinellas County,2010,412869,19730,461265,20542,48396,812,0.105,-0.3
Pinellas County,2011,416575,3706,461249,-16,44674,-3722,0.097,-0.8
Pinellas County,2012,425850,9275,463951,2702,38101,-6573,0.082,-1.5
Pinellas County,2013,436393,10543,468883,4932,32490,-5611,0.069,-1.3
Pinellas County,2014,442921,6528,470895,2012,27974,-4516,0.059,-1
Pinellas County,2015,448842,5921,472466,1571,23624,-4350,0.05,-0.9
Pinellas County,2016,458724,9882,479772,7306,21048,-2576,0.044,-0.6
Pinellas County,2017,464978,6254,483673,3901,18695,-2353,0.039,-0.5
Pinellas County,2018,468312,3334,484718,1045,16406,-2289,0.034,-0.5
Pinellas County,2019,470700,2388,486091,1373,15391,-1015,0.032,-0.2
Pinellas County,2020,450266,-20434,484330,-1761,34064,18673,0.07,3.8
,,,,,,,,,
Polk County,2000,221632,23609,231202,22517,9570,-1092,0.041,-1
Polk County,2001,225189,3557,237564,6362,12375,2805,0.052,1.1
Polk County,2002,223792,-1397,237919,355,14127,1752,0.059,0.7
Polk County,2003,226315,2523,239924,2005,13609,-518,0.057,-0.2
Polk County,2004,236570,10255,249232,9308,12662,-947,0.051,-0.6
Polk County,2005,247679,11109,258158,8926,10479,-2183,0.041,-1
Polk County,2006,254605,6926,264259,6101,9654,-825,0.037,-0.4
Polk County,2007,255915,1310,268193,3934,12278,2624,0.046,0.9
Polk County,2008,254490,-1425,273427,5234,18937,6659,0.069,2.3
Polk County,2009,242326,-12164,273152,-275,30826,11889,0.113,4.4
Polk County,2010,243488,1162,275957,2805,32469,1643,0.118,0.5
Polk County,2011,244352,864,275294,-663,30942,-1527,0.112,-0.6
Polk County,2012,248119,3767,275402,108,27283,-3659,0.099,-1.3
Polk County,2013,254278,6159,278126,2724,23848,-3435,0.086,-1.3
Polk County,2014,257543,3265,278128,2,20585,-3263,0.074,-1.2
Polk County,2015,263119,5576,281059,2931,17940,-2645,0.064,-1
Polk County,2016,271786,8667,287843,6784,16057,-1883,0.056,-0.8
Polk County,2017,278914,7128,293119,5276,14205,-1852,0.048,-0.8
Polk County,2018,286050,7136,298622,5503,12572,-1633,0.042,-0.6
Polk County,2019,294499,8449,306541,7919,12042,-530,0.039,-0.3
Polk County,2020,287979,-6520,316626,10085,28647,16605,0.09,5.1
,,,,,,,,,
Putnam County,2000,28090,698,29345,429,1255,-269,0.043,-1
Putnam County,2001,27497,-593,29128,-217,1631,376,0.056,1.3
Putnam County,2002,27725,228,29725,597,2000,369,0.067,1.1
Putnam County,2003,28960,1235,30712,987,1752,-248,0.057,-1
Putnam County,2004,29075,115,30759,47,1684,-68,0.055,-0.2
Putnam County,2005,29994,919,31351,592,1357,-327,0.043,-1.2
Putnam County,2006,30597,603,31781,430,1184,-173,0.037,-0.6
Putnam County,2007,30420,-177,31945,164,1525,341,0.048,1.1
Putnam County,2008,29618,-802,32057,112,2439,914,0.076,2.8
Putnam County,2009,28514,-1104,32311,254,3797,1358,0.118,4.2
Putnam County,2010,26307,-2207,30235,-2076,3928,131,0.13,1.2
Putnam County,2011,25822,-485,29603,-632,3781,-147,0.128,-0.2
Putnam County,2012,25274,-548,28775,-828,3501,-280,0.122,-0.6
Putnam County,2013,25124,-150,28179,-596,3055,-446,0.108,-1.4
Putnam County,2014,25416,292,27922,-257,2506,-549,0.09,-1.8
Putnam County,2015,25266,-150,27376,-546,2110,-396,0.077,-1.3
Putnam County,2016,25332,66,27071,-305,1739,-371,0.064,-1.3
Putnam County,2017,25521,189,27008,-63,1487,-252,0.055,-0.9
Putnam County,2018,25410,-111,26735,-273,1325,-162,0.05,-0.5
Putnam County,2019,25376,-34,26581,-154,1205,-120,0.045,-0.5
Putnam County,2020,24378,-998,26470,-111,2092,887,0.079,3.4
,,,,,,,,,
Santa Rosa County,2000,52852,-365,54960,-512,2108,-147,0.038,-0.3
Santa Rosa County,2001,53115,263,55732,772,2617,509,0.047,0.9
Santa Rosa County,2002,54275,1160,57328,1596,3053,436,0.053,0.6
Santa Rosa County,2003,57230,2955,60030,2702,2800,-253,0.047,-0.6
Santa Rosa County,2004,60368,3138,63198,3168,2830,30,0.045,-0.2
Santa Rosa County,2005,65003,4635,67451,4253,2448,-382,0.036,-0.9
Santa Rosa County,2006,67688,2685,69789,2338,2101,-347,0.03,-0.6
Santa Rosa County,2007,67061,-627,69649,-140,2588,487,0.037,0.7
Santa Rosa County,2008,66289,-772,70359,710,4070,1482,0.058,2.1
Santa Rosa County,2009,63859,-2430,70216,-143,6357,2287,0.091,3.3
Santa Rosa County,2010,64403,544,70749,533,6346,-11,0.09,-0.1
Santa Rosa County,2011,66024,1621,72241,1492,6217,-129,0.086,-0.4
Santa Rosa County,2012,66565,541,72170,-71,5605,-612,0.078,-0.8
Santa Rosa County,2013,67968,1403,72833,663,4865,-740,0.067,-1.1
Santa Rosa County,2014,68881,913,72991,158,4110,-755,0.056,-1.1
Santa Rosa County,2015,70622,1741,74246,1255,3624,-486,0.049,-0.7
Santa Rosa County,2016,72892,2270,76371,2125,3479,-145,0.046,-0.3
Santa Rosa County,2017,75852,2960,78962,2591,3110,-369,0.039,-0.7
Santa Rosa County,2018,78518,2666,81273,2311,2755,-355,0.034,-0.5
Santa Rosa County,2019,81208,2690,83819,2546,2611,-144,0.031,-0.3
Santa Rosa County,2020,78348,-2860,82647,-1172,4299,1688,0.052,2.1
,,,,,,,,,
Sarasota County,2000,144010,-8807,148776,-7581,4766,1226,0.032,0.9
Sarasota County,2001,144808,798,150916,2140,6108,1342,0.04,0.8
Sarasota County,2002,149946,5138,157826,6910,7880,1772,0.05,1
Sarasota County,2003,153394,3448,160918,3092,7524,-356,0.047,-0.3
Sarasota County,2004,160928,7534,167945,7027,7017,-507,0.042,-0.5
Sarasota County,2005,163509,2581,169305,1360,5796,-1221,0.034,-0.8
Sarasota County,2006,167383,3874,172810,3505,5427,-369,0.031,-0.3
Sarasota County,2007,163784,-3599,171609,-1201,7825,2398,0.046,1.5
Sarasota County,2008,154823,-8961,167160,-4449,12337,4512,0.074,2.8
Sarasota County,2009,143465,-11358,161799,-5361,18334,5997,0.113,3.9
Sarasota County,2010,147114,3649,165757,3958,18643,309,0.112,-0.1
Sarasota County,2011,148948,1834,165867,110,16919,-1724,0.102,-1
Sarasota County,2012,152422,3474,166931,1064,14509,-2410,0.087,-1.5
Sarasota County,2013,157879,5457,170288,3357,12409,-2100,0.073,-1.4
Sarasota County,2014,164132,6253,174637,4349,10505,-1904,0.06,-1.3
Sarasota County,2015,169363,5231,178504,3867,9141,-1364,0.051,-0.9
Sarasota County,2016,173272,3909,181607,3103,8335,-806,0.046,-0.5
Sarasota County,2017,177095,3823,184457,2850,7362,-973,0.04,-0.6
Sarasota County,2018,180552,3457,187032,2575,6480,-882,0.035,-0.5
Sarasota County,2019,182804,2252,189004,1972,6200,-280,0.033,-0.2
Sarasota County,2020,171875,-10929,184464,-4540,12589,6389,0.068,3.5
,,,,,,,,,
Seminole County,2000,206108,-12898,212542,-12790,6434,108,0.03,0.2
Seminole County,2001,205653,-455,214534,1992,8881,2447,0.041,1.1
Seminole County,2002,201686,-3967,213794,-740,12108,3227,0.057,1.6
Seminole County,2003,203760,2074,214905,1111,11145,-963,0.052,-0.5
Seminole County,2004,209455,5695,219012,4107,9557,-1588,0.044,-0.8
Seminole County,2005,219393,9938,227032,8020,7639,-1918,0.034,-1
Seminole County,2006,227390,7997,234285,7253,6895,-744,0.029,-0.5
Seminole County,2007,229929,2539,238644,4359,8715,1820,0.037,0.8
Seminole County,2008,227205,-2724,241178,2534,13973,5258,0.058,2.1
Seminole County,2009,212497,-14708,235674,-5504,23177,9204,0.098,4
Seminole County,2010,205181,-7316,228713,-6961,23532,355,0.103,0.5
Seminole County,2011,207265,2084,229263,550,21998,-1534,0.096,-0.7
Seminole County,2012,210480,3215,229622,359,19142,-2856,0.083,-1.3
Seminole County,2013,216145,5665,232309,2687,16164,-2978,0.07,-1.3
Seminole County,2014,221800,5655,235652,3343,13852,-2312,0.059,-1.1
Seminole County,2015,225741,3941,237549,1897,11808,-2044,0.05,-0.9
Seminole County,2016,232335,6594,242812,5263,10477,-1331,0.043,-0.7
Seminole County,2017,237683,5348,246987,4175,9304,-1173,0.038,-0.5
Seminole County,2018,241785,4102,249994,3007,8209,-1095,0.033,-0.5
Seminole County,2019,246300,4515,254124,4130,7824,-385,0.031,-0.2
Seminole County,2020,220602,-25698,237769,-16355,17167,9343,0.072,4.1
,,,,,,,,,
St. Johns County,2000,64467,2167,66434,2524,1967,357,0.03,0.5
St. Johns County,2001,66453,1986,69083,2649,2630,663,0.038,0.8
St. Johns County,2002,67123,670,70321,1238,3198,568,0.045,0.7
St. Johns County,2003,69518,2395,72616,2295,3098,-100,0.043,-0.2
St. Johns County,2004,74386,4868,77315,4699,2929,-169,0.038,-0.5
St. Johns County,2005,80952,6566,83507,6192,2555,-374,0.031,-0.7
St. Johns County,2006,86169,5217,88575,5068,2406,-149,0.027,-0.4
St. Johns County,2007,89382,3213,92427,3852,3045,639,0.033,0.6
St. Johns County,2008,91366,1984,96362,3935,4996,1951,0.052,1.9
St. Johns County,2009,88459,-2907,96570,208,8111,3115,0.084,3.2
St. Johns County,2010,90007,1548,98319,1749,8312,201,0.085,0.1
St. Johns County,2011,93024,3017,100810,2491,7786,-526,0.077,-0.8
St. Johns County,2012,96348,3324,103312,2502,6964,-822,0.067,-1
St. Johns County,2013,100940,4592,107005,3693,6065,-899,0.057,-1
St. Johns County,2014,105091,4151,110429,3424,5338,-727,0.048,-0.9
St. Johns County,2015,109271,4180,113798,3369,4527,-811,0.04,-0.8
St. Johns County,2016,114422,5151,118966,5168,4544,17,0.038,-0.2
St. Johns County,2017,120488,6066,124767,5801,4279,-265,0.034,-0.4
St. Johns County,2018,126213,5725,130054,5287,3841,-438,0.03,-0.4
St. Johns County,2019,131995,5782,135761,5707,3766,-75,0.028,-0.2
St. Johns County,2020,126772,-5223,133843,-1918,7071,3305,0.053,2.5
,,,,,,,,,
St. Lucie County,2000,82393,9204,87437,6561,5044,-2643,0.058,-3.7
St. Lucie County,2001,85370,2977,91292,3855,5922,878,0.065,0.7
St. Lucie County,2002,87697,2327,94713,3421,7016,1094,0.074,0.9
St. Lucie County,2003,91824,4127,98471,3758,6647,-369,0.068,-0.6
St. Lucie County,2004,97567,5743,104341,5870,6774,127,0.065,-0.3
St. Lucie County,2005,107512,9945,112948,8607,5436,-1338,0.048,-1.7
St. Lucie County,2006,114472,6960,119477,6529,5005,-431,0.042,-0.6
St. Lucie County,2007,116666,2194,123851,4374,7185,2180,0.058,1.6
St. Lucie County,2008,113354,-3312,124487,636,11133,3948,0.089,3.1
St. Lucie County,2009,107098,-6256,123665,-822,16567,5434,0.134,4.5
St. Lucie County,2010,110442,3344,127436,3771,16994,427,0.133,-0.1
St. Lucie County,2011,111837,1395,127910,474,16073,-921,0.126,-0.7
St. Lucie County,2012,113893,2056,128364,454,14471,-1602,0.113,-1.3
St. Lucie County,2013,115651,1758,129041,677,13390,-1081,0.104,-0.9
St. Lucie County,2014,119663,4012,130404,1363,10741,-2649,0.082,-2.2
St. Lucie County,2015,123346,3683,131823,1419,8477,-2264,0.064,-1.8
St. Lucie County,2016,127736,4390,135657,3834,7921,-556,0.058,-0.6
St. Lucie County,2017,131816,4080,139075,3418,7259,-662,0.052,-0.6
St. Lucie County,2018,136218,4402,142627,3552,6409,-850,0.045,-0.7
St. Lucie County,2019,140515,4297,146578,3951,6063,-346,0.041,-0.4
St. Lucie County,2020,134060,-6455,145363,-1215,11303,5240,0.078,3.7
,,,,,,,,,
Sumter County,2000,16189,1892,16919,2195,730,303,0.043,1.4
Sumter County,2001,16500,311,17481,562,981,251,0.056,1.3
Sumter County,2002,17514,1014,18632,1151,1118,137,0.06,0.4
Sumter County,2003,18461,947,19493,861,1032,-86,0.053,-0.7
Sumter County,2004,20065,1604,21051,1558,986,-46,0.047,-0.6
Sumter County,2005,24685,4620,25555,4504,870,-116,0.034,-1.3
Sumter County,2006,28936,4251,29768,4213,832,-38,0.028,-0.6
Sumter County,2007,30390,1454,31509,1741,1119,287,0.036,0.8
Sumter County,2008,29145,-1245,30934,-575,1789,670,0.058,2.2
Sumter County,2009,28967,-178,31877,943,2910,1121,0.091,3.3
Sumter County,2010,21850,-7117,25080,-6797,3230,320,0.129,3.8
Sumter County,2011,22746,896,25901,821,3155,-75,0.122,-0.7
Sumter County,2012,23804,1058,26712,811,2908,-247,0.109,-1.3
Sumter County,2013,24872,1068,27530,818,2658,-250,0.097,-1.2
Sumter County,2014,25819,947,28243,713,2424,-234,0.086,-1.1
Sumter County,2015,26518,699,28750,507,2232,-192,0.078,-0.8
Sumter County,2016,27358,840,29490,740,2132,-100,0.072,-0.6
Sumter County,2017,28364,1006,30233,743,1869,-263,0.062,-1
Sumter County,2018,29657,1293,31299,1066,1642,-227,0.052,-1
Sumter County,2019,31030,1373,32638,1339,1608,-34,0.049,-0.3
Sumter County,2020,29691,-1339,32225,-413,2534,926,0.079,3
,,,,,,,,,
Suwannee County,2000,14866,1635,15419,1624,553,-11,0.036,-0.5
Suwannee County,2001,14775,-91,15574,155,799,246,0.051,1.5
Suwannee County,2002,15197,422,16028,454,831,32,0.052,0.1
Suwannee County,2003,15331,134,16084,56,753,-78,0.047,-0.5
Suwannee County,2004,15453,122,16163,79,710,-43,0.044,-0.3
Suwannee County,2005,16031,578,16638,475,607,-103,0.036,-0.8
Suwannee County,2006,16405,374,16956,318,551,-56,0.032,-0.4
Suwannee County,2007,16707,302,17350,394,643,92,0.037,0.5
Suwannee County,2008,15979,-728,17008,-342,1029,386,0.061,2.4
Suwannee County,2009,15765,-214,17450,442,1685,656,0.097,3.6
Suwannee County,2010,17184,1419,18988,1538,1804,119,0.095,-0.2
Suwannee County,2011,17028,-156,18751,-237,1723,-81,0.092,-0.3
Suwannee County,2012,16714,-314,18220,-531,1506,-217,0.083,-0.9
Suwannee County,2013,16726,12,18028,-192,1302,-204,0.072,-1.1
Suwannee County,2014,16781,55,17944,-84,1163,-139,0.065,-0.7
Suwannee County,2015,17014,233,18005,61,991,-172,0.055,-1
Suwannee County,2016,17342,328,18243,238,901,-90,0.049,-0.6
Suwannee County,2017,17535,193,18326,83,791,-110,0.043,-0.6
Suwannee County,2018,17474,-61,18158,-168,684,-107,0.038,-0.5
Suwannee County,2019,17639,165,18288,130,649,-35,0.035,-0.3
Suwannee County,2020,16758,-881,17758,-530,1000,351,0.056,2.1
,,,,,,,,,
Taylor County,2000,7868,852,8276,686,408,-166,0.049,-2.7
Taylor County,2001,7730,-138,8297,21,567,159,0.068,1.9
Taylor County,2002,7967,237,8547,250,580,13,0.068,0
Taylor County,2003,7662,-305,8220,-327,558,-22,0.068,0
Taylor County,2004,7920,258,8379,159,459,-99,0.055,-1.3
Taylor County,2005,8456,536,8813,434,357,-102,0.041,-1.4
Taylor County,2006,8408,-48,8755,-58,347,-10,0.04,-0.1
Taylor County,2007,8431,23,8814,59,383,36,0.043,0.3
Taylor County,2008,8525,94,9139,325,614,231,0.067,2.4
Taylor County,2009,8181,-344,9167,28,986,372,0.108,4.1
Taylor County,2010,8430,249,9390,223,960,-26,0.102,-0.6
Taylor County,2011,8445,15,9388,-2,943,-17,0.1,-0.2
Taylor County,2012,8484,39,9350,-38,866,-77,0.093,-0.7
Taylor County,2013,8690,206,9464,114,774,-92,0.082,-1.1
Taylor County,2014,8689,-1,9349,-115,660,-114,0.071,-1.1
Taylor County,2015,8404,-285,9015,-334,611,-49,0.068,-0.3
Taylor County,2016,8383,-21,8866,-149,483,-128,0.054,-1.4
Taylor County,2017,8363,-20,8761,-105,398,-85,0.045,-0.9
Taylor County,2018,8316,-47,8652,-109,336,-62,0.039,-0.6
Taylor County,2019,7920,-396,8231,-421,311,-25,0.038,-0.1
Taylor County,2020,7659,-261,8169,-62,510,199,0.062,2.4
,,,,,,,,,
Union County,2000,4331,851,4529,951,198,100,0.044,1.7
Union County,2001,4514,183,4760,231,246,48,0.052,0.8
Union County,2002,4632,118,4819,59,187,-59,0.039,-1.3
Union County,2003,4673,41,4858,39,185,-2,0.038,-0.1
Union County,2004,4711,38,4893,35,182,-3,0.037,-0.1
Union County,2005,4893,182,5045,152,152,-30,0.03,-0.7
Union County,2006,4987,94,5122,77,135,-17,0.026,-0.4
Union County,2007,4973,-14,5136,14,163,28,0.032,0.6
Union County,2008,5045,72,5309,173,264,101,0.05,1.8
Union County,2009,4982,-63,5388,79,406,142,0.075,2.5
Union County,2010,4989,7,5436,48,447,41,0.082,0.7
Union County,2011,4727,-262,5148,-288,421,-26,0.082,0
Union County,2012,4676,-51,5052,-96,376,-45,0.074,-0.8
Union County,2013,4641,-35,4968,-84,327,-49,0.066,-0.8
Union County,2014,4436,-205,4727,-241,291,-36,0.062,-0.4
Union County,2015,4520,84,4753,26,233,-58,0.049,-1.3
Union County,2016,4601,81,4811,58,210,-23,0.044,-0.5
Union County,2017,4626,25,4808,-3,182,-28,0.038,-0.6
Union County,2018,4458,-168,4610,-198,152,-30,0.033,-0.5
Union County,2019,4464,6,4609,-1,145,-7,0.031,-0.2
Union County,2020,4336,-128,4552,-57,216,71,0.047,1.6
,,,,,,,,,
Volusia County,2000,202516,27962,209603,29174,7087,1212,0.034,0.1
Volusia County,2001,206227,3711,215774,6171,9547,2460,0.044,1
Volusia County,2002,208182,1955,220727,4953,12545,2998,0.057,1.3
Volusia County,2003,214968,6786,226951,6224,11983,-562,0.053,-0.4
Volusia County,2004,223275,8307,234360,7409,11085,-898,0.047,-0.6
Volusia County,2005,235627,12352,244688,10328,9061,-2024,0.037,-1
Volusia County,2006,241875,6248,250088,5400,8213,-848,0.033,-0.4
Volusia County,2007,241896,21,252491,2403,10595,2382,0.042,0.9
Volusia County,2008,237301,-4595,254567,2076,17266,6671,0.068,2.6
Volusia County,2009,225174,-12127,252474,-2093,27300,10034,0.108,4
Volusia County,2010,207981,-17193,236074,-16400,28093,793,0.119,1.1
Volusia County,2011,209938,1957,236526,452,26588,-1505,0.112,-0.7
Volusia County,2012,212873,2935,235956,-570,23083,-3505,0.098,-1.4
Volusia County,2013,215040,2167,235149,-807,20109,-2974,0.086,-1.2
Volusia County,2014,220799,5759,237504,2355,16705,-3404,0.07,-1.6
Volusia County,2015,225449,4650,239604,2100,14155,-2550,0.059,-1.1
Volusia County,2016,233701,8252,246286,6682,12585,-1570,0.051,-0.8
Volusia County,2017,238277,4576,249477,3191,11200,-1385,0.045,-0.6
Volusia County,2018,242874,4597,252558,3081,9684,-1516,0.038,-0.7
Volusia County,2019,244818,1944,254049,1491,9231,-453,0.036,-0.2
Volusia County,2020,230585,-14233,249560,-4489,18975,9744,0.076,4
,,,,,,,,,
Wakulla County,2000,11316,291,11691,304,375,13,0.032,0
Wakulla County,2001,11854,538,12309,618,455,80,0.037,0.5
Wakulla County,2002,12155,301,12712,403,557,102,0.044,0.7
Wakulla County,2003,12562,407,13117,405,555,-2,0.042,-0.2
Wakulla County,2004,13051,489,13536,419,485,-70,0.036,-0.6
Wakulla County,2005,13997,946,14399,863,402,-83,0.028,-0.8
Wakulla County,2006,15067,1070,15450,1051,383,-19,0.025,-0.3
Wakulla County,2007,14650,-417,15109,-341,459,76,0.03,0.5
Wakulla County,2008,15178,528,15916,807,738,279,0.046,1.6
Wakulla County,2009,15569,391,16732,816,1163,425,0.07,2.4
Wakulla County,2010,13304,-2265,14475,-2257,1171,8,0.081,1.1
Wakulla County,2011,13322,18,14518,43,1196,25,0.082,0.1
Wakulla County,2012,12970,-352,14025,-493,1055,-141,0.075,-0.7
Wakulla County,2013,13160,190,14036,11,876,-179,0.062,-1.3
Wakulla County,2014,13520,360,14282,246,762,-114,0.053,-0.9
Wakulla County,2015,13353,-167,14013,-269,660,-102,0.047,-0.6
Wakulla County,2016,13743,390,14342,329,599,-61,0.042,-0.5
Wakulla County,2017,13947,204,14473,131,526,-73,0.036,-0.6
Wakulla County,2018,14258,311,14730,257,472,-54,0.032,-0.4
Wakulla County,2019,14933,675,15402,672,469,-3,0.03,-0.2
Wakulla County,2020,14216,-717,14885,-517,669,200,0.045,1.5
,,,,,,,,,
Walton County,2000,18737,2888,19410,2927,673,39,0.035,-0.3
Walton County,2001,19935,1198,20757,1347,822,149,0.04,0.5
Walton County,2002,20562,627,21553,796,991,169,0.046,0.6
Walton County,2003,21875,1313,22749,1196,874,-117,0.038,-0.8
Walton County,2004,23573,1698,24444,1695,871,-3,0.036,-0.2
Walton County,2005,27174,3601,27944,3500,770,-101,0.028,-0.8
Walton County,2006,30441,3267,31122,3178,681,-89,0.022,-0.6
Walton County,2007,30380,-61,31252,130,872,191,0.028,0.6
Walton County,2008,29684,-696,31129,-123,1445,573,0.046,1.8
Walton County,2009,28499,-1185,30837,-292,2338,893,0.076,3
Walton County,2010,23433,-5066,25774,-5063,2341,3,0.091,1.5
Walton County,2011,23914,481,26136,362,2222,-119,0.085,-0.6
Walton County,2012,24133,219,26092,-44,1959,-263,0.075,-1
Walton County,2013,25178,1045,26890,798,1712,-247,0.064,-1.1
Walton County,2014,25811,633,27301,411,1490,-222,0.055,-0.9
Walton County,2015,26623,812,27949,648,1326,-164,0.047,-0.8
Walton County,2016,27776,1153,29035,1086,1259,-67,0.043,-0.4
Walton County,2017,28896,1120,30007,972,1111,-148,0.037,-0.6
Walton County,2018,29992,1096,30984,977,992,-119,0.032,-0.5
Walton County,2019,31156,1164,32117,1133,961,-31,0.03,-0.2
Walton County,2020,30070,-1086,31957,-160,1887,926,0.059,2.9
,,,,,,,,,
Washington County,2000,8541,-1027,8945,-1051,404,-24,0.045,0.2
Washington County,2001,8337,-204,8848,-97,511,107,0.058,1.3
Washington County,2002,8346,9,8906,58,560,49,0.063,0.5
Washington County,2003,8356,10,8832,-74,476,-84,0.054,-0.9
Washington County,2004,8670,314,9093,261,423,-53,0.047,-0.7
Washington County,2005,8946,276,9291,198,345,-78,0.037,-1
Washington County,2006,9279,333,9598,307,319,-26,0.033,-0.4
Washington County,2007,9259,-20,9652,54,393,74,0.041,0.8
Washington County,2008,9234,-25,9881,229,647,254,0.065,2.4
Washington County,2009,8922,-312,9920,39,998,351,0.101,3.6
Washington County,2010,9166,244,10206,286,1040,42,0.102,0.1
Washington County,2011,9316,150,10348,142,1032,-8,0.1,-0.2
Washington County,2012,9090,-226,9999,-349,909,-123,0.091,-0.9
Washington County,2013,9040,-50,9830,-169,790,-119,0.08,-1.1
Washington County,2014,9010,-30,9681,-149,671,-119,0.069,-1.1
Washington County,2015,9068,58,9648,-33,580,-91,0.06,-0.9
Washington County,2016,9228,160,9732,84,504,-76,0.052,-0.8
Washington County,2017,9343,115,9775,43,432,-72,0.044,-0.8
Washington County,2018,9365,22,9749,-26,384,-48,0.039,-0.5
Washington County,2019,9355,-10,9709,-40,354,-30,0.036,-0.3
Washington County,2020,8929,-426,9478,-231,549,195,0.058,2.2
