RegionID,SizeRank,RegionName,RegionType,StateName,1/31/2018,2/28/2018,3/31/2018,4/30/2018,5/31/2018,6/30/2018,7/31/2018,8/31/2018,9/30/2018,10/31/2018,11/30/2018,12/31/2018,1/31/2019,2/28/2019,3/31/2019,4/30/2019,5/31/2019,6/30/2019,7/31/2019,8/31/2019,9/30/2019,10/31/2019,11/30/2019,12/31/2019,1/31/2020,2/29/2020,3/31/2020,4/30/2020,5/31/2020,6/30/2020,7/31/2020,8/31/2020,9/30/2020,10/31/2020,11/30/2020,12/31/2020,1/31/2021,2/28/2021,3/31/2021,4/30/2021,5/31/2021,6/30/2021,7/31/2021
102001,0,United States,Country,,1429548,1386945,1444213,1531525,1633549,1707460,1758878,1783644,1772641,1752262,1695354,1598398,1510325,1461831,1508545,1575154,1667694,1739557,1784358,1795002,1776024,1745775,1671857,1555223,1451218,1400934,1426519,1413925,1435385,1434289,1458427,1428011,1381966,1340505,1261766,1151870,1056970,975985,963250,944758,980323,1010959,1056089
394913,1,"New York, NY",Msa,NY,69002,68575,73106,80054,86084,90629,92735,92219,90955,90121,87826,82562,77293,75045,78713,84539,91376,96022,97581,96051,94258,92223,88685,81623,75165,72693,74891,72552,70795,70404,76536,80451,81812,80855,77454,70786,64090,59740,58953,59575,61751,64215,65741
753899,2,"Los Angeles-Long Beach-Anaheim, CA",Msa,CA,20093,19933,21895,23817,25784,27377,29077,30138,30674,30892,30368,28602,26972,26149,27457,28744,30422,31336,32028,31868,31328,30353,28311,25096,22324,21272,21815,21498,21919,22911,24956,25930,26313,26296,25225,22903,20642,19386,19867,20205,20661,20776,21364
394463,3,"Chicago, IL",Msa,IL,42817,41142,44774,49335,53882,56259,58156,59130,58951,58202,55474,50695,46025,44255,47266,52242,57141,60312,61669,62151,61826,60787,57552,52112,47358,45985,47814,47713,48080,48604,51115,51750,50860,49599,46397,41555,36949,33270,32855,33179,35627,37766,39810
394514,4,"Dallas-Fort Worth, TX",Msa,TX,24278,23199,24341,26749,29540,31958,33917,35088,35140,34277,33041,31077,29608,28933,30481,32436,34869,37281,39344,40398,39825,38691,36943,34537,32329,31427,32115,32244,33221,33798,34685,33505,31428,30186,28483,26442,24007,21803,21390,21147,22151,22874,23904
394974,5,"Philadelphia, PA",Msa,PA,26490,25050,26076,28356,30660,31825,31548,30703,29968,29843,29310,27797,26130,25034,26084,27851,29840,30950,31456,30935,30178,29198,27975,25777,23507,22391,22467,21287,20950,21105,22486,22619,21930,21408,20326,18559,16820,15464,15747,16372,17881,18918,19821
394692,6,"Houston, TX",Msa,TX,32972,32132,33747,35806,38632,40309,41618,42055,41323,40294,38746,37099,36086,35775,37353,38923,41012,43220,45055,46090,45249,43918,42049,40120,38839,38649,39741,39849,40536,40333,40336,38643,36697,35151,33124,30950,29345,27833,27633,26505,26594,26565,27434
395209,7,"Washington, DC",Msa,DC,22391,21105,22685,26056,29019,29200,27951,26430,26041,25876,24992,22671,19885,18217,19374,21749,24550,26048,26335,25490,24787,24304,23224,20660,18289,17313,18518,19009,19663,19335,19684,19353,19296,19288,18569,16707,14805,13592,14424,15845,17980,19273,20300
394856,8,"Miami-Fort Lauderdale, FL",Msa,FL,60782,62396,65469,66753,67221,65685,64275,63163,62603,63115,63785,64270,65744,67703,70570,71085,70699,69108,67561,65820,64258,63690,63343,62970,63234,63995,65011,62922,61681,60963,61562,60735,59618,59229,58238,56676,54936,51368,47385,42183,39380,37027,35539
394347,9,"Atlanta, GA",Msa,GA,29754,28635,29750,31134,32752,34258,35751,36824,36616,36135,35040,33425,32130,32886,34582,36259,37240,38911,40301,41100,41032,40760,39458,37396,35725,35079,36069,36382,37673,37846,37776,36217,34238,32818,30687,28292,26177,24199,23593,22426,22387,22425,22983
394404,10,"Boston, MA",Msa,MA,10522,9496,10075,11703,13999,15870,16754,16627,16755,17163,16902,15067,13035,11860,12641,14125,16413,17965,18341,17489,17078,17112,16494,14104,11615,10532,11203,11515,12394,13331,14603,14792,14654,14565,13695,11585,9482,8273,8800,9772,10855,11479,11448
395057,11,"San Francisco, CA",Msa,CA,4458,4277,5246,6322,7338,7889,8167,8166,8452,8897,8787,7634,6387,5986,6772,7811,8815,9343,9503,9173,9174,9203,8704,7105,5578,5209,5750,5971,6508,7298,8583,9181,9585,9981,9612,8345,6888,6430,7021,7690,8118,8357,8638
394532,12,"Detroit, MI",Msa,MI,15176,13997,14236,15182,16891,18492,19943,21202,21800,21979,21149,19641,18073,16830,16852,17404,18932,20592,22176,23342,23881,23876,22754,20802,18845,17577,17132,15658,16114,16788,18560,18507,17952,17348,15950,14157,12444,11136,10955,10997,11952,12975,14293
395025,13,"Riverside, CA",Msa,CA,17511,17621,18603,19467,20295,20938,21605,21933,22029,22091,21956,21276,20722,20296,20869,21218,21620,21671,21661,21631,21343,21083,20339,19136,18066,17443,17399,16687,16429,16005,15692,14836,14150,13960,13352,12273,11109,10333,10361,10356,10800,11205,11876
394976,14,"Phoenix, AZ",Msa,AZ,25668,25890,27492,28522,28933,28326,27106,26092,25369,25600,25801,25519,25892,26685,28779,29811,30263,29475,27915,26283,24868,24485,23925,22910,22146,22001,23125,23394,23682,23006,22263,21276,20941,21500,21371,20130,18385,17249,17172,17316,17588,17780,18072
395078,15,"Seattle, WA",Msa,WA,7732,6788,7388,8423,10375,12037,13497,14264,14859,15090,14398,12490,10763,9497,10069,10908,12958,14476,15496,15325,14676,13794,12197,9853,7941,7169,7872,8521,9481,10089,11041,11728,12086,12068,10876,9080,7478,6758,7412,8204,9268,9842,10298
394865,16,"Minneapolis-St Paul, MN",Msa,MN,10331,9547,10347,11749,13567,15108,16211,16721,16714,16445,15252,13256,11324,10226,10609,11837,13867,15912,17195,17643,17489,17202,16062,13982,11903,10969,11730,12555,13649,14110,14751,14813,14700,14488,13250,11276,9387,8496,8858,9631,10728,11748,12489
395056,17,"San Diego, CA",Msa,CA,6449,6399,7121,7903,8705,9260,9827,10272,10549,10610,10381,9750,9202,8861,9219,9554,10057,10378,10647,10667,10375,9943,9144,8123,7320,7014,7277,7256,7493,7610,7932,7876,7734,7606,7131,6385,5608,5232,5421,5616,5973,6290,6651
395121,18,"St. Louis, MO",Msa,MO,12933,12327,12808,13626,14628,15291,15757,15974,15810,15643,15012,13973,12686,11734,11961,12647,13664,14244,14526,14583,14532,14560,14202,13216,12055,11303,11548,11480,11606,11343,11518,11358,11248,11147,10645,9670,8739,7782,7588,7509,8036,8415,8826
395148,19,"Tampa, FL",Msa,FL,18211,18488,19638,20388,20944,20924,20538,20247,19906,19961,20033,19909,20271,20741,21702,21590,21360,21107,21047,20831,20290,20033,19698,19024,18740,18764,19390,18930,18821,18139,17678,16587,15711,15487,15034,14456,13708,12923,12453,11607,11362,11252,11520
394358,20,"Baltimore, MD",Msa,MD,12985,12298,12794,13982,15221,15625,15378,14945,14689,14561,14171,13353,12345,11591,12049,13078,14374,15138,15382,15187,14908,14686,14106,12885,11603,10902,11059,10898,10981,10721,10739,10325,10032,9851,9312,8320,7335,6636,6687,7056,7873,8451,8957
394530,21,"Denver, CO",Msa,CO,10673,10085,11210,12681,14476,16108,17102,17660,17720,17743,17015,15198,13690,12926,13850,15135,17203,19049,20144,20431,20097,19501,17703,14991,12772,11752,12675,13172,15034,16049,17216,16717,15796,14937,13154,10947,8846,7257,6804,6648,7367,8115,8772
394982,22,"Pittsburgh, PA",Msa,PA,10733,10185,10341,10774,11386,11903,12205,12280,11992,11729,11235,10523,9794,9303,9468,9801,10354,10748,10822,10742,10603,10605,10310,9621,8998,8618,8488,7824,7932,8302,9049,8972,8785,8483,7920,6937,6200,5573,5540,5593,6090,6458,6914
394998,23,"Portland, OR",Msa,OR,7668,7007,7310,8088,9352,10598,11529,12129,12338,12210,11563,10400,9428,8778,9087,9654,10850,11842,12592,12790,12641,12139,11157,9703,8577,7978,8426,8779,9532,9828,10274,10233,9875,9474,8514,7382,6340,5755,6005,6295,7005,7473,7960
394458,24,"Charlotte, NC",Msa,NC,8950,8781,9656,10455,11271,11607,11987,12163,11903,11656,11141,10443,9908,9735,10685,11357,12267,12706,13294,13412,13274,13104,12486,11426,10536,10137,10616,10587,10965,10622,10399,9746,9326,9149,8652,7895,7305,6922,7016,6854,7027,7243,7598
395045,25,"Sacramento, CA",Msa,CA,5745,5400,5832,6506,7445,8209,8778,9161,9285,9311,8820,7937,7064,6485,6588,7021,7825,8581,9099,9357,9320,9034,8257,7134,6242,5900,6193,6396,6828,7151,7379,7158,6844,6715,6244,5449,4497,3996,4151,4541,5008,,
395055,26,"San Antonio, TX",Msa,TX,11386,11251,11935,12776,13489,13948,14305,14549,14333,13949,13480,13036,12781,12692,13391,14145,14986,15790,16535,16990,16827,16503,15967,15371,14841,14745,15089,15126,15407,15418,15403,14793,14010,13516,12718,11808,10875,9784,9212,8501,8582,8471,8610
394943,27,"Orlando, FL",Msa,FL,12229,12240,12840,13285,13751,13914,13945,14024,14077,14192,14081,13769,13681,13806,14391,14567,14731,14897,15059,14989,14576,14376,14089,13601,13179,13057,13330,13084,13240,13338,13666,13471,13130,13044,12632,12071,11562,10991,10733,9875,9548,9188,9362
394466,28,"Cincinnati, OH",Msa,OH,8047,7662,7873,8281,8992,9500,10020,10247,10326,10257,9907,9231,8535,8025,8151,8458,8962,9419,9693,9817,9760,9615,9170,8347,7668,7193,7243,7123,7333,7416,7569,7456,7275,7121,6705,6103,5580,5045,4984,4867,5226,5472,5890
394475,29,"Cleveland, OH",Msa,OH,12002,11365,11696,12426,13428,14164,14715,14904,14774,14385,13736,12721,11668,11052,11371,12115,13142,13941,14525,14718,14599,14295,13570,12505,11277,10434,10293,10022,10026,9954,10324,10523,10489,10235,9577,8545,7666,6316,5548,4881,5273,5733,6372
394735,30,"Kansas City, MO",Msa,MO,9266,8815,9210,10016,11147,12172,12657,12812,12425,11806,10873,9706,9047,8589,8828,9338,10019,10446,10642,10712,10661,10538,10086,9232,8323,7771,7849,7831,8036,8001,8054,7785,7520,7453,7086,6505,5808,5178,5143,5340,5963,6438,6902
394775,31,"Las Vegas, NV",Msa,NV,12002,11828,12370,12948,12181,11176,11250,11708,12367,11986,12316,12155,12313,12624,13528,14034,14663,14995,15239,15185,14876,14510,13774,12747,11874,11255,11228,11098,11509,11791,12071,12052,12018,12061,11593,10771,9675,8727,8087,7642,7598,7750,8184
394492,32,"Columbus, OH",Msa,OH,5311,4899,5074,5484,6243,6872,7412,7703,7698,7624,7205,6547,5854,5341,5462,5698,6340,6854,7313,7514,7533,7495,7120,6461,5808,5332,5354,5309,5509,5573,5740,5726,5657,5700,5436,4943,4345,3917,3924,4031,4487,4893,5361
394705,33,"Indianapolis, IN",Msa,IN,7266,6813,7154,7546,7864,8040,8317,8745,8839,8921,8652,8085,7405,6885,6988,7266,7865,8414,8907,9246,9378,9413,9051,8351,7659,7177,7148,6935,7025,6956,7027,6877,6863,7026,6886,6341,5698,5106,5069,5124,5564,5899,6247
395059,34,"San Jose, CA",Msa,CA,1301,1315,1682,2087,2506,2743,2950,3026,3166,3275,3181,2745,2314,2206,2525,2943,3373,3654,3781,3672,3547,3396,3037,2429,1896,1793,2008,2159,2404,2659,2994,3100,3184,3287,3149,2764,2359,2276,2595,2897,3120,3167,3173
394355,35,"Austin, TX",Msa,TX,7137,6799,7321,8219,9237,9954,10332,10404,10112,9783,9328,8788,8238,7896,8217,8750,9416,10089,10565,10811,10630,10313,9710,8799,8126,7810,8186,8456,9122,9366,9533,9048,8521,8339,7912,7342,6412,5771,6040,6670,7743,8349,8956
395194,36,"Virginia Beach, VA",Msa,VA,11855,11474,11788,12470,13258,13782,13957,13860,13377,12998,12489,11870,11343,11061,11448,12008,12703,13103,13197,13002,12588,12085,11407,10604,9943,9678,10005,10156,10308,10081,9914,9532,9168,8868,8489,7880,7252,6626,6540,6823,7430,7834,8101
394902,37,"Nashville, TN",Msa,TN,8695,8394,8780,9465,10306,11042,11574,11973,12069,12148,11978,11513,11063,10740,11006,11455,12176,12840,13432,13606,13585,13510,13170,12449,11598,11173,11336,11463,11990,12354,12694,12436,11851,11310,10572,9667,,,,,,,
395005,38,"Providence, RI",Msa,RI,5983,5457,5435,5895,6628,7389,7930,8228,8331,8375,8081,7429,6633,6111,6118,6472,7088,7594,7815,7814,7798,7790,7453,6783,6074,5638,5593,5463,5542,5588,5819,5811,5713,5573,5268,4720,4144,3440,3166,2970,3233,3425,3664
394862,39,"Milwaukee, WI",Msa,WI,4139,3827,3978,4396,5003,5352,5546,5497,5441,5361,5100,4672,4141,3769,3738,3845,4159,4453,4710,4799,4789,4718,4437,4000,3490,3281,3403,3604,3804,3974,4254,4506,4639,4677,4443,3937,3311,2844,2809,3068,3621,4373,5059
394714,40,"Jacksonville, FL",Msa,FL,9771,10019,10823,11610,12149,12441,12682,12787,12651,12423,12130,11643,11423,11475,12162,12892,13364,13645,13516,13329,12880,12652,12297,11886,11496,11559,12025,12043,12039,11607,11271,10572,9848,9325,8752,8212,7668,7016,6650,6332,6409,6486,6664
394849,41,"Memphis, TN",Msa,TN,5730,5564,5675,5895,6217,6514,6798,6962,6922,6781,6511,6284,6093,6029,6170,6244,6329,6327,6388,6412,6344,6252,6029,5707,5418,5200,5180,5080,5114,4977,4871,4628,4447,4266,4048,3729,3432,3190,3262,3398,3710,3958,4228
394935,42,"Oklahoma City, OK",Msa,OK,8419,8161,8346,8559,8959,9170,9297,9249,9032,8736,8430,8000,7592,7189,7174,7381,7668,7997,8200,8408,8279,8040,7634,7188,6864,6659,6744,6705,6941,6963,6979,6699,6410,6158,5718,5191,4726,4253,4217,4075,4253,4346,4713
394807,43,"Louisville-Jefferson County, KY",Msa,KY,4491,4303,4489,4727,5044,5389,5760,5984,6016,6033,5936,5635,5294,4993,5085,5218,5510,5727,5929,6032,6084,6104,5939,5471,5049,4746,4729,4577,4598,4526,4513,4343,4250,4267,4178,3931,3626,3296,3254,3205,3413,3563,3850
394669,44,"Hartford, CT",Msa,CT,5883,5270,5165,5588,6255,6901,7055,7107,6942,6875,6621,6064,5439,5046,5157,5533,6115,6526,6745,6743,6690,6581,6249,5670,5099,4756,4773,4632,4662,4667,4859,4820,4793,4772,4553,4033,3448,2966,2865,2947,3257,3489,3635
395022,45,"Richmond, VA",Msa,VA,4955,4785,5070,5547,5969,6229,6298,6295,6168,6091,5842,5398,4951,4678,4847,5108,5536,5823,6005,5989,5940,5954,5777,5369,4960,4775,4960,5037,5125,4997,4876,4658,4534,4500,4337,3968,3564,3282,3371,3532,3883,4090,4267
394910,46,"New Orleans, LA",Msa,LA,3833,3813,4031,4231,4435,4510,4553,4493,4333,4213,4081,3933,3830,3805,3954,4088,4265,4499,4623,4727,4607,4476,4208,3921,3731,3608,3684,3634,3740,3647,3593,,,,2772,2640,2551,2454,2451,2398,2429,2440,2564
394425,47,"Buffalo, NY",Msa,NY,2811,2535,2545,2675,2987,3250,3546,3710,3783,3719,3481,3128,2787,2551,2580,2691,2978,3272,3516,3646,3663,3618,3414,3039,2694,2457,2402,2205,2210,2377,2701,2888,2841,2722,2439,2075,1755,1533,1567,1648,1873,2067,2278
395012,48,"Raleigh, NC",Msa,NC,6347,6223,6665,7171,7719,8057,8085,7978,7652,7616,7378,7068,6806,6718,7091,7408,7929,8519,8836,8991,8818,8825,8577,8121,7790,7619,7908,7896,8044,7750,7532,7079,6684,6359,5755,5055,4343,3836,3644,3499,3448,3288,3192
394388,49,"Birmingham, AL",Msa,AL,6219,6145,6389,6694,6967,7193,7252,7266,7139,7000,6710,6276,5928,5722,5910,6116,6372,6606,6785,6904,6823,6626,6291,5835,5553,5409,5558,5515,5583,5527,5535,5406,5288,5206,5017,4676,4428,4197,4098,3961,3873,3860,3907
395053,50,"Salt Lake City, UT",Msa,UT,2588,2555,2797,3181,3703,4140,4448,4694,4874,5052,4973,4624,4249,3935,4099,4361,4814,5138,5276,5313,5207,5075,4676,4084,3554,3214,3385,3643,4073,4199,4165,3956,3723,3559,3171,2690,2242,1959,2079,2257,2559,2686,2808
395031,51,"Rochester, NY",Msa,NY,3074,2838,2918,3202,3576,3894,4087,4199,4185,4096,3852,3452,3054,2790,2816,2992,3302,3607,3814,3863,3836,3759,3562,3190,2809,2594,2584,2481,2541,2700,2982,3120,3074,2999,2714,2273,1895,1637,1679,1786,2017,2243,2414
394640,52,"Grand Rapids, MI",Msa,MI,3289,2922,2951,3156,3554,3918,4267,4532,4620,4584,4338,3963,3589,3294,3287,3434,3809,4232,4561,4734,4777,4769,4530,4090,3611,3300,3268,3085,3333,3507,3860,3777,3558,3488,3210,2917,2483,2238,2214,2218,2365,2492,2672
395167,53,"Tucson, AZ",Msa,AZ,4954,4977,5185,5189,5191,5041,4840,4681,4528,4549,4637,4682,4826,4894,5163,5273,5285,5162,4940,4760,4596,4562,4540,4429,4394,4392,4555,4459,4382,4131,3920,3693,3651,3770,3768,3555,3324,3082,2992,2834,2899,2924,3013
753924,54,"Urban Honolulu, HI",Msa,HI,3650,3610,3845,4083,4307,4381,4470,4503,4461,4376,4332,4270,4270,4306,4494,4664,4835,4932,5041,5106,5121,5059,4912,4717,4503,4402,4456,4423,4383,4316,4420,4486,4463,4395,4297,4170,,,,,,,
395169,55,"Tulsa, OK",Msa,OK,5768,5644,5766,5916,6107,6302,6474,6610,6549,6387,6055,5655,5351,5172,5212,5301,5391,5491,5528,5549,5433,5266,5000,4700,4474,4385,4519,4496,4535,4451,4403,4297,4123,4082,3894,3628,3351,3030,2968,2873,3008,3106,3296
394619,56,"Fresno, CA",Msa,CA,1919,1882,2005,2149,2318,2429,2524,2601,2642,2667,2591,2453,2323,2264,2357,2449,2583,2683,2742,2772,2754,2728,2617,2416,2240,2127,2148,2105,2084,1984,1922,1835,1786,1752,1663,1509,1355,1259,1305,1377,1506,1623,1712
395238,57,"Worcester, MA",Msa,MA,2916,2637,2671,2954,3378,3762,3959,4057,4095,4182,4045,3653,3175,2839,2835,3019,3418,3775,3942,3921,3884,3864,3684,3236,2798,2530,2575,2558,2674,2743,2799,2718,2588,2566,2395,2097,1761,1519,1539,1678,1902,2062,2132
394415,58,"Stamford, CT",Msa,CT,5725,5325,5475,6369,7168,7752,7573,7384,7183,7044,6799,6207,5622,5392,5758,6356,7084,7539,7709,7467,7263,7090,6791,6128,5462,5232,5452,5479,5620,5800,6243,6261,6114,5857,5438,4755,4071,3526,3406,3480,3846,4078,4213
394312,59,"Albuquerque, NM",Msa,NM,3820,3634,3710,3891,4156,4387,4532,4622,4581,4495,4272,3960,3635,3401,3416,3560,3750,3968,4106,4190,4120,4054,3882,3582,3261,3045,3077,3057,3137,3083,3086,2984,2916,2887,2756,2561,2314,2184,2155,2156,2223,2295,2435
394308,60,"Albany, NY",Msa,NY,2674,2468,2482,2591,2822,3011,3190,3236,3254,3231,3146,2937,2706,2521,2509,2571,2772,2959,3097,3143,3160,3133,2988,2703,2428,2241,2192,2073,2078,2143,2292,2349,2338,2326,2200,1978,1757,1533,1445,1389,1476,1586,1695
394938,61,"Omaha, NE",Msa,NE,3037,2909,3066,3292,3597,3854,4059,4189,4218,4177,4048,3724,3405,3127,3112,3257,3572,3873,4017,4093,4133,4172,4007,3649,3305,3135,3314,3440,3657,3635,3613,3428,3272,3147,2924,2593,2265,2008,2008,2176,2445,2668,2765
394908,62,"New Haven, CT",Msa,CT,4079,3671,3609,3912,4313,4580,4588,4587,4542,4481,4273,3932,3579,3369,3470,3727,4096,4337,4440,4395,4288,4158,3889,3496,3134,2968,3040,2997,3023,3027,3152,3177,3184,3167,3019,2673,2321,2004,1954,1964,2168,2319,2494
394357,63,"Bakersfield, CA",Msa,CA,2511,2554,2755,2965,3135,3298,3412,3535,3557,3525,3366,3128,2976,2887,2991,3063,3197,3321,3430,3493,3457,3406,3275,3066,2865,2753,2804,2800,2865,2831,2838,2781,2755,2685,2477,2209,1992,1860,1846,1845,1892,1922,1994
394753,64,"Knoxville, TN",Msa,TN,4490,4336,4406,4575,4796,4933,5072,5189,5214,5150,4964,4673,4397,4228,4328,4467,4654,4772,4792,4802,4745,4754,4672,4444,4189,3949,3935,3866,3905,3843,3735,3520,3350,3352,3306,3127,2870,2617,2514,2397,2450,2540,2761
394653,65,"Greenville, SC",Msa,SC,5641,5476,5724,5911,6140,6180,6204,6215,6151,6063,5867,5582,5376,5241,5503,5696,6078,6391,6754,6994,7011,6887,6566,6146,5876,5754,5850,5864,5925,5815,5697,5458,5222,5083,4820,4583,,,,,,,
394952,66,"Ventura, CA",Msa,CA,1610,1566,1703,1880,2114,2306,2477,2592,2638,2631,2505,2299,2132,2047,2149,2272,2466,2598,2708,2692,2589,2425,2254,2007,1836,1760,1844,1852,1923,1992,2095,2045,1947,1830,1683,1476,1297,1228,1299,1361,1441,1477,1553
394318,67,"Allentown, PA",Msa,PA,3805,3579,3615,3804,4110,4415,4608,4674,4651,4633,4501,4193,3864,3637,3680,3824,4055,4237,4324,4341,4274,4173,3938,3599,3271,3050,2977,2694,2645,2755,3040,3080,2987,2943,2808,2543,2228,1956,1905,1989,2255,2445,2590
394561,68,"El Paso, TX",Msa,TX,4543,4574,4631,4638,4563,4431,4355,4273,4190,4126,4073,3959,3851,3771,3810,3824,3809,3871,3933,4009,3953,3922,3859,3778,3700,3749,3833,3822,3733,3598,3435,3283,3127,3065,2756,2494,2250,2210,2193,2111,2071,2008,2022
394367,69,"Baton Rouge, LA",Msa,LA,4129,4193,4442,4691,4964,5207,5391,5462,5356,5276,5173,5030,4922,4897,5097,5282,5444,5564,5642,5726,5671,5575,5379,5156,5028,4994,5117,5070,5071,4946,4862,4638,4379,4157,3909,3695,3548,3392,3360,3170,3086,2931,2886
394521,70,"Dayton, OH",Msa,OH,2884,2754,2822,2980,3152,3300,3418,3520,3583,3631,3546,3305,2982,2728,2681,2683,2759,2842,2948,3010,2983,2950,2827,2599,2382,2221,2241,2198,2219,2185,2218,2233,2268,2312,2242,2061,1831,1645,1629,1675,1791,1895,2040
394843,71,"McAllen, TX",Msa,TX,2166,2173,2237,2268,2314,2297,2285,2306,2332,2399,2405,2394,2434,2504,2607,2602,2588,2568,2571,2564,2544,2535,2508,2454,2428,2444,2499,2463,2417,2285,2150,1962,,,,1690,1718,1672,1636,1592,1600,1579,1526
394486,72,"Columbia, SC",Msa,SC,5149,4942,4993,5151,5322,5366,5369,5372,5177,5000,4786,4572,4390,4229,4321,4362,4542,4811,5172,5410,5380,5202,4946,4698,4610,4539,4630,4505,4495,4259,4067,,,,,2965,2780,2724,2728,2655,2639,2604,2712
394648,73,"Greensboro, NC",Msa,NC,2842,2761,2836,3005,3253,3344,3387,3136,2913,2688,2596,2477,2383,2309,2403,2459,2580,2651,2754,2805,2804,2747,2647,2475,2329,2225,2265,2250,2310,2274,2249,2127,2066,2038,1949,1788,1611,1423,1270,996,813,651,659
394304,74,"Akron, OH",Msa,OH,4028,3782,3876,4127,4453,4674,4814,4875,4813,4669,4399,3991,3577,3290,3347,3554,3926,4240,4491,4558,4541,4461,4272,3958,3598,3332,3303,3212,3220,3184,3312,3366,3326,3205,2982,2641,2349,1883,1639,1431,1577,1746,1983
753906,75,"North Port-Sarasota-Bradenton, FL",Msa,FL,9269,9858,10595,10814,10588,10052,9396,8931,8558,8564,8840,9196,9887,10472,11173,11109,10737,10188,9662,9248,8782,8641,8737,8877,9339,9788,10176,9786,9336,8827,8487,7994,7544,7351,7042,6683,6408,6021,5676,4965,4527,4138,3915
394798,76,"Little Rock, AR",Msa,AR,4915,4776,4927,5172,5527,5779,5890,5951,5919,5863,5702,5424,5192,5080,5234,5425,5391,5260,5048,4987,5033,5073,5039,4796,4567,4491,4604,4648,4710,4675,4714,4659,4492,4314,3914,3465,3014,2765,2728,2694,2800,2874,3051
395134,77,"Stockton, CA",Msa,CA,1324,1262,1340,1442,1599,1714,1827,1948,2043,2099,2039,1884,1727,1615,1654,1743,1866,2006,2121,2200,2222,2205,2109,1908,1687,1553,1548,1533,1564,1555,1546,1465,1403,1379,1281,1120,965,909,979,1067,1167,,
394457,78,"Charleston, SC",Msa,SC,5862,5868,6259,6661,7021,7150,7113,6976,6684,6680,6603,6494,6339,6346,6743,7049,7354,7569,7676,7690,7421,7311,7024,6741,6491,6451,6635,6594,6708,6651,6568,6199,5828,5712,5456,5097,4596,4148,3902,3629,3518,3425,3468
395143,79,"Syracuse, NY",Msa,NY,2594,2407,2418,2572,2799,3021,3225,3371,3383,3267,3037,2743,2454,2262,2263,2378,2562,2718,2845,2923,2923,2858,2642,2340,2041,1859,1798,1682,1677,1751,1899,1967,1957,1908,1738,1499,1320,1179,1166,1189,1351,1512,1636
394484,80,"Colorado Springs, CO",Msa,CO,1899,1846,2052,2381,2882,3341,3731,3908,3935,3790,3539,3162,2819,2565,2607,2798,3184,3596,3896,4051,3980,3827,3468,3050,2708,2550,2739,2865,3251,3543,3901,3939,3783,3601,3239,2808,2411,2069,1971,1951,2210,2397,2614
395235,81,"Winston-Salem, NC",Msa,NC,2554,2484,2639,2883,3190,3275,3348,3135,2962,2743,2633,2452,2275,2176,2312,2458,2615,2653,2683,2676,2680,2658,2584,2409,2294,2226,2351,2341,2349,2219,2154,2060,1991,1970,1879,1732,1540,1353,1223,995,807,635,607
395224,82,"Wichita, KS",Msa,KS,2686,2552,2572,2638,2777,2924,3009,3072,3031,3037,2984,2870,2732,2605,2626,2690,2766,2812,2771,2752,2678,2641,2512,2348,2220,2166,2212,2208,2238,2185,2164,2111,2122,2130,2095,1958,1804,1572,1494,1468,1604,1709,1820
395115,83,"Springfield, MA",Msa,MA,1794,1652,1675,1804,2009,2205,2337,2385,2380,2380,2285,2090,1862,1715,1731,1815,1989,2111,2187,2189,2179,2161,2061,1838,1610,1491,1521,1504,1532,1536,1578,1559,1546,1562,1493,1336,1161,1030,1006,1026,1126,1202,1260
394440,84,"Fort Myers, FL",Msa,FL,14882,15848,16990,17138,16828,15825,14907,14206,13779,13879,14409,15173,16401,17472,18441,18485,17905,17035,15960,15069,14289,14091,14238,14456,14985,15376,15698,14999,14360,13542,12936,12208,11604,11281,10764,10185,9586,8988,7693,6202,4962,4594,4442
394399,85,"Boise City, ID",Msa,ID,3480,3168,3213,3543,3818,4021,4103,4325,4458,4499,4339,4002,3691,3453,3518,3768,4103,4367,4484,4535,4528,4515,4361,4038,3687,3491,3586,3688,3948,3994,3887,,,,,2261,1940,1772,1877,2025,2322,2603,2955
395160,86,"Toledo, OH",Msa,OH,2427,2324,2358,2425,2528,2610,2714,2820,2855,2825,2675,2459,2253,2086,2099,2168,2296,2380,2412,2451,2448,2464,2405,2277,2125,2026,2013,1953,1954,1936,1943,1895,1858,1860,1780,1634,1468,1332,1291,1297,1389,1489,1615
394816,87,"Madison, WI",Msa,WI,2309,2160,2341,2734,3164,3467,3586,3582,3479,3347,3120,2764,2434,2273,2411,2696,3098,3409,3557,3537,3462,3391,3184,2847,2497,2363,2536,2727,2918,2969,3078,3094,3051,2988,2823,2524,2142,1887,1913,2081,2325,2502,2652
394766,88,"Lakeland, FL",Msa,FL,4169,4219,4404,4509,4574,4544,4506,4536,4617,4703,4743,4699,4871,5083,5424,5431,5339,5319,5348,5448,5433,5484,5437,5272,5201,5220,5324,5164,5082,4918,4860,4629,4449,4308,4120,3872,3619,3356,3136,2792,2592,2461,2494
394931,89,"Ogden, UT",Msa,UT,1649,1574,1666,1820,2098,2297,2425,2555,2656,2753,2663,2445,2240,2128,2221,2334,2545,2733,2868,2937,2976,2991,2838,2527,2206,1991,2080,2194,2383,2346,2261,2069,1888,1825,1668,1503,1295,1155,1197,1232,1401,1500,1607
394528,90,"Daytona Beach, FL",Msa,FL,5552,5658,5928,6153,6332,6400,6376,6366,6296,6291,6288,6258,6370,6509,6809,6821,6773,6692,6685,6654,6537,6477,6422,6288,6310,6378,6603,6483,6465,6238,6008,5545,5171,4958,4734,4533,4389,4269,4103,3871,3814,3885,3989
394531,91,"Des Moines, IA",Msa,IA,3720,3690,4054,4239,4458,4460,4578,4650,4662,4678,4548,4289,4052,3870,3933,4092,4362,4540,4645,4741,4821,4848,4745,4501,4245,4093,4203,4290,4456,4379,4297,4048,3855,3781,3642,3435,3155,2957,2987,3071,3213,3238,3241
394711,92,"Jackson, MS",Msa,MS,2815,2821,2967,3136,3348,3436,3450,3358,3233,3145,3035,2883,2738,2682,2811,2920,3018,3054,3070,3040,2975,2921,2868,2779,2691,2628,2664,2643,2639,2533,2457,2311,2177,2073,1929,1764,1592,1458,1441,1432,1465,1473,1530
394352,94,"Augusta, GA",Msa,GA,3783,3692,3763,3847,3954,3984,3991,3964,3904,3832,3731,3607,3536,3518,3619,3671,3764,3876,4002,4061,4058,4000,3827,3597,3454,3459,3510,3394,3251,3006,2917,2756,2657,2515,2343,2181,2063,2020,2017,1960,1985,2020,2142
394666,96,"Harrisburg, PA",Msa,PA,2468,2260,2293,2408,2563,2655,2693,2708,2664,2612,2478,2293,2085,1940,1956,2064,2251,2400,2477,2495,2484,2475,2401,2241,2069,1924,1844,1658,1646,1708,1860,1840,1711,1673,1580,1463,1316,1214,1226,1246,1306,1386,1451
395006,100,"Provo, UT",Msa,UT,1869,1749,1820,2062,2543,2979,3272,3399,3412,3490,3524,3464,3329,3204,3337,3549,3885,4137,4276,4358,4270,4190,3931,3594,3268,3039,3151,3327,3678,3727,3565,3169,2828,2596,2250,1882,1532,1313,1338,1414,1647,1825,2003
394602,159,"Fort Collins, CO",Msa,CO,2315,2144,2274,2531,2883,3141,3378,3494,3498,3532,3473,3268,2920,2660,2719,2971,3377,3493,3497,3355,3349,3239,3006,2674,2456,2324,2385,2394,2655,2880,3084,3008,2940,2793,2533,2162,1880,1802,1880,2007,2146,2233,2270
