County,Year,LowTierMedianHomeValue,HighTierMedianHomeValue,SingleFamilyMedianHomeValue
Miami-Dade County,2001,89907,273026,156934
Miami-Dade County,2002,101930,310009,177452
Miami-Dade County,2003,119586,361807,207530
Miami-Dade County,2004,140344,426185,244443
Miami-Dade County,2005,175491,532778,307637
Miami-Dade County,2006,214456,641725,376292
Miami-Dade County,2007,220834,653713,386882
Miami-Dade County,2008,181664,533586,315895
Miami-Dade County,2009,130708,394497,224780
Miami-Dade County,2010,111149,355742,198408
Miami-Dade County,2011,101886,333509,183754
Miami-Dade County,2012,106153,345554,188015
Miami-Dade County,2013,124140,394333,213701
Miami-Dade County,2014,143635,443120,244165
Miami-Dade County,2015,156448,472372,265944
Miami-Dade County,2016,171785,504108,292275
Miami-Dade County,2017,186445,526828,316975
Miami-Dade County,2018,198642,546685,339671
Miami-Dade County,2019,206193,558610,353926
Miami-Dade County,2020,213166,571874,367753
Broward County,2001,67651,243448,157649
Broward County,2002,78721,275282,182073
Broward County,2003,89580,310930,206370
Broward County,2004,104862,364796,241251
Broward County,2005,130611,452968,300050
Broward County,2006,156292,526765,355442
Broward County,2007,153661,505474,345161
Broward County,2008,120309,396198,271227
Broward County,2009,89597,312048,210529
Broward County,2010,81642,298132,200405
Broward County,2011,75887,282325,187486
Broward County,2012,78130,288521,190500
Broward County,2013,91706,327390,217878
Broward County,2014,105888,365609,248511
Broward County,2015,112315,380981,263397
Broward County,2016,120629,401400,281879
Broward County,2017,130404,422556,302043
Broward County,2018,139619,443035,321243
Broward County,2019,145703,454329,331833
Broward County,2020,152726,472591,346539
Palm Beach County,2001,79673,298540,168500
Palm Beach County,2002,89787,335138,189458
Palm Beach County,2003,103548,381699,217066
Palm Beach County,2004,123294,451712,257155
Palm Beach County,2005,155922,562765,323353
Palm Beach County,2006,185307,648158,378620
Palm Beach County,2007,170683,589220,343066
Palm Beach County,2008,136962,482522,278757
Palm Beach County,2009,109121,406716,230819
Palm Beach County,2010,98603,379484,215460
Palm Beach County,2011,88451,351915,198261
Palm Beach County,2012,87265,349551,196538
Palm Beach County,2013,99609,387643,222805
Palm Beach County,2014,115835,434129,256934
Palm Beach County,2015,126982,463615,277959
Palm Beach County,2016,138433,493033,298339
Palm Beach County,2017,148543,515125,315485
Palm Beach County,2018,157857,535166,331060
Palm Beach County,2019,163849,546223,339710
Palm Beach County,2020,171184,565746,352830
Hillsborough County,2001,82755,213081,133856
Hillsborough County,2002,89970,230167,144663
Hillsborough County,2003,98988,250146,158587
Hillsborough County,2004,112500,282883,179140
Hillsborough County,2005,136586,340917,214419
Hillsborough County,2006,168680,411779,262387
Hillsborough County,2007,169458,404269,261395
Hillsborough County,2008,141847,337068,216326
Hillsborough County,2009,110783,276440,172738
Hillsborough County,2010,98929,256979,158199
Hillsborough County,2011,86940,235119,141518
Hillsborough County,2012,86651,235716,140864
Hillsborough County,2013,99170,263306,159735
Hillsborough County,2014,111059,284034,175611
Hillsborough County,2015,119723,298035,186700
Hillsborough County,2016,132127,318934,202895
Hillsborough County,2017,146879,342102,220795
Hillsborough County,2018,160880,363192,236887
Hillsborough County,2019,169725,376264,247272
Hillsborough County,2020,180656,394578,260960
Orange County,2001,94441,236215,150782
Orange County,2002,101629,252527,162488
Orange County,2003,110405,271928,175999
Orange County,2004,123853,304649,196428
Orange County,2005,153556,378894,243150
Orange County,2006,192832,465996,304461
Orange County,2007,193598,456527,298328
Orange County,2008,159693,374236,242318
Orange County,2009,116111,283754,181940
Orange County,2010,97630,254457,161561
Orange County,2011,87041,232360,144762
Orange County,2012,90136,238877,148050
Orange County,2013,107148,278080,174216
Orange County,2014,121894,306188,196501
Orange County,2015,129102,317913,207096
Orange County,2016,141584,339004,225442
Orange County,2017,156480,361698,244122
Orange County,2018,172384,385598,263184
Orange County,2019,183780,402814,276264
Orange County,2020,194648,420622,290070
Pinellas County,2001,67619,225332,120455
Pinellas County,2002,75191,250076,134351
Pinellas County,2003,84672,279811,150378
Pinellas County,2004,96851,319231,169894
Pinellas County,2005,119327,390147,205918
Pinellas County,2006,140266,447846,239736
Pinellas County,2007,134193,424752,227848
Pinellas County,2008,111227,355642,190436
Pinellas County,2009,91125,297814,158934
Pinellas County,2010,83508,277418,149303
Pinellas County,2011,71876,248653,131142
Pinellas County,2012,70602,247684,129642
Pinellas County,2013,78247,273741,145137
Pinellas County,2014,86695,297497,160433
Pinellas County,2015,95479,318794,174693
Pinellas County,2016,107098,345881,194160
Pinellas County,2017,118001,369448,210151
Pinellas County,2018,130343,394868,227545
Pinellas County,2019,139421,413039,240560
Pinellas County,2020,151933,440976,260354
Duval County,2001,68486,186956,115354
Duval County,2002,73684,201557,124501
Duval County,2003,79657,218558,135230
Duval County,2004,87857,244116,149982
Duval County,2005,101231,281733,172506
Duval County,2006,118236,327136,201353
Duval County,2007,121071,330332,205031
Duval County,2008,110982,299800,187411
Duval County,2009,96069,261691,163053
Duval County,2010,84653,237716,147384
Duval County,2011,70822,210080,126603
Duval County,2012,67638,203676,119690
Duval County,2013,74413,222494,131591
Duval County,2014,81519,238997,143966
Duval County,2015,86205,247792,150663
Duval County,2016,94080,262793,161710
Duval County,2017,104649,283441,176524
Duval County,2018,114996,302858,191778
Duval County,2019,122599,313576,202300
Duval County,2020,131192,330519,215168
Lee County,2001,92478,285461,153596
Lee County,2002,102234,317331,170265
Lee County,2003,115723,357459,191978
Lee County,2004,131845,405748,218318
Lee County,2005,167753,506833,278765
Lee County,2006,211948,615275,347379
Lee County,2007,188852,548500,305385
Lee County,2008,138893,422511,225660
Lee County,2009,98755,333128,163849
Lee County,2010,87444,301960,146116
Lee County,2011,85253,289877,141450
Lee County,2012,90988,298576,150153
Lee County,2013,103908,327458,171335
Lee County,2014,116442,355103,190462
Lee County,2015,130637,386918,212118
Lee County,2016,145525,415738,233284
Lee County,2017,153871,425580,243484
Lee County,2018,160874,434970,252039
Lee County,2019,164258,438653,255397
Lee County,2020,170022,451023,264492
Polk County,2001,72517,174709,107639
Polk County,2002,75709,181451,112630
Polk County,2003,80671,191426,120219
Polk County,2004,88304,210201,132069
Polk County,2005,106290,254435,160197
Polk County,2006,131784,306319,198376
Polk County,2007,134790,304025,199522
Polk County,2008,119843,267575,174853
Polk County,2009,95353,217904,140782
Polk County,2010,81137,192053,123046
Polk County,2011,69442,167476,105916
Polk County,2012,68573,165509,105583
Polk County,2013,75142,178954,117435
Polk County,2014,83159,195234,131638
Polk County,2015,89708,204761,140539
Polk County,2016,98164,216826,151747
Polk County,2017,108281,231203,165260
Polk County,2018,120332,248683,180522
Polk County,2019,129781,262079,191942
Polk County,2020,139486,276971,204331
Brevard County,2001,71607,194480,117156
Brevard County,2002,78598,213713,127895
Brevard County,2003,88276,240490,143272
Brevard County,2004,106765,295853,173318
Brevard County,2005,141009,382825,225766
Brevard County,2006,165982,429559,261044
Brevard County,2007,150348,386364,232215
Brevard County,2008,118133,309923,183791
Brevard County,2009,92543,255523,149039
Brevard County,2010,83155,234362,135837
Brevard County,2011,72713,211694,120477
Brevard County,2012,73043,213833,121226
Brevard County,2013,81038,233323,134018
Brevard County,2014,90591,254934,148864
Brevard County,2015,101082,277435,163714
Brevard County,2016,115592,307048,183626
Brevard County,2017,130338,333257,203203
Brevard County,2018,142222,352359,218059
Brevard County,2019,149940,363650,226942
Brevard County,2020,158940,381371,239553
Volusia County,2001,74030,192345,111422
Volusia County,2002,80867,210292,121074
Volusia County,2003,90050,233920,135263
Volusia County,2004,104998,273138,157674
Volusia County,2005,132166,340170,195580
Volusia County,2006,163238,403997,238134
Volusia County,2007,156900,380275,225245
Volusia County,2008,128611,312452,184106
Volusia County,2009,103630,259321,151313
Volusia County,2010,88237,227336,131159
Volusia County,2011,77106,205403,116231
Volusia County,2012,75242,200735,112766
Volusia County,2013,84638,221499,126708
Volusia County,2014,94333,240456,140542
Volusia County,2015,101177,251428,148942
Volusia County,2016,112207,269171,162722
Volusia County,2017,127712,293544,182064
Volusia County,2018,141057,314044,198570
Volusia County,2019,150548,328325,210320
Volusia County,2020,160836,344892,223674
Pasco County,2001,63648,184673,112838
Pasco County,2002,69296,198026,122206
Pasco County,2003,76527,215931,134584
Pasco County,2004,87544,247541,153401
Pasco County,2005,109329,306681,189636
Pasco County,2006,130986,359132,224234
Pasco County,2007,123627,339559,211547
Pasco County,2008,102999,288112,178097
Pasco County,2009,81932,237152,145225
Pasco County,2010,74182,218007,133530
Pasco County,2011,64003,194938,118976
Pasco County,2012,60586,189186,114827
Pasco County,2013,66307,209305,127661
Pasco County,2014,71766,226110,139506
Pasco County,2015,76642,236495,148044
Pasco County,2016,85374,255580,162370
Pasco County,2017,96325,277131,178852
Pasco County,2018,106459,292967,192261
Pasco County,2019,112867,303263,201263
Pasco County,2020,123547,321817,216692
Seminole County,2001,94987,232081,153141
Seminole County,2002,103168,249086,165860
Seminole County,2003,112999,270351,180337
Seminole County,2004,126665,301724,200841
Seminole County,2005,159000,377816,251352
Seminole County,2006,199166,461494,313380
Seminole County,2007,196425,448543,304016
Seminole County,2008,164174,376577,253124
Seminole County,2009,128839,304828,204347
Seminole County,2010,109488,272009,180976
Seminole County,2011,94925,245086,159012
Seminole County,2012,94631,244623,158319
Seminole County,2013,109339,275633,181014
Seminole County,2014,122987,302708,201033
Seminole County,2015,130141,313359,211452
Seminole County,2016,143574,336188,231050
Seminole County,2017,158027,358301,249648
Seminole County,2018,172424,380227,267686
Seminole County,2019,183907,395602,280520
Seminole County,2020,195548,415434,296390
Sarasota County,2001,99831,313551,156407
Sarasota County,2002,111311,348054,173440
Sarasota County,2003,125947,388183,195157
Sarasota County,2004,145346,445660,223698
Sarasota County,2005,188648,569431,291303
Sarasota County,2006,221019,650240,340783
Sarasota County,2007,191959,568439,292827
Sarasota County,2008,152866,466632,234805
Sarasota County,2009,120903,390061,188750
Sarasota County,2010,112716,368088,177976
Sarasota County,2011,106546,349054,168334
Sarasota County,2012,107560,348400,169179
Sarasota County,2013,123220,387144,192426
Sarasota County,2014,134612,413711,209002
Sarasota County,2015,149226,446848,230899
Sarasota County,2016,165758,479077,252919
Sarasota County,2017,173821,489805,261721
Sarasota County,2018,180340,497192,269234
Sarasota County,2019,185717,504581,275585
Sarasota County,2020,195393,524873,289543
Marion County,2001,59640,158926,97364
Marion County,2002,60942,162204,99228
Marion County,2003,64836,171864,105765
Marion County,2004,72561,191313,117844
Marion County,2005,89239,233263,144607
Marion County,2006,115191,288549,181630
Marion County,2007,117155,290799,182532
Marion County,2008,103048,256570,159785
Marion County,2009,84985,217941,134017
Marion County,2010,74018,195751,118386
Marion County,2011,64065,173604,102981
Marion County,2012,60681,164174,97680
Marion County,2013,64398,172419,104008
Marion County,2014,68898,183602,111208
Marion County,2015,73682,193654,118117
Marion County,2016,80339,203557,127054
Marion County,2017,89709,218024,139642
Marion County,2018,98763,231697,150330
Marion County,2019,107758,245198,160650
Marion County,2020,116199,257430,170377
Manatee County,2001,100158,294064,166657
Manatee County,2002,110647,326456,184851
Manatee County,2003,123781,364177,206153
Manatee County,2004,142868,418963,235676
Manatee County,2005,177271,516607,291964
Manatee County,2006,213606,607151,351499
Manatee County,2007,199685,553606,319115
Manatee County,2008,159402,444957,257077
Manatee County,2009,126257,368781,209890
Manatee County,2010,114889,342709,195412
Manatee County,2011,102138,315146,178895
Manatee County,2012,103987,321049,185251
Manatee County,2013,115151,349889,207114
Manatee County,2014,129782,385734,231081
Manatee County,2015,142259,409934,248962
Manatee County,2016,156078,434925,268303
Manatee County,2017,167213,452713,282599
Manatee County,2018,175197,462847,291282
Manatee County,2019,180717,471077,297662
Manatee County,2020,187800,485009,308325
Collier County,2001,112927,491034,219508
Collier County,2002,125428,542664,243207
Collier County,2003,139821,594391,270039
Collier County,2004,158525,673379,310203
Collier County,2005,209233,875968,410002
Collier County,2006,258761,1024306,499327
Collier County,2007,236690,936225,454955
Collier County,2008,191486,782176,372004
Collier County,2009,150813,654718,300679
Collier County,2010,137526,607380,278448
Collier County,2011,128649,571642,261676
Collier County,2012,130409,574133,265952
Collier County,2013,145540,625466,295766
Collier County,2014,163216,689113,331378
Collier County,2015,184859,763093,372009
Collier County,2016,202162,814250,398809
Collier County,2017,205042,808621,398250
Collier County,2018,208380,811747,401381
Collier County,2019,208762,810112,400032
Collier County,2020,212878,826251,410781
Escambia County,2001,58047,194095,101221
Escambia County,2002,59776,199261,103902
Escambia County,2003,61928,207628,107497
Escambia County,2004,67056,226682,115823
Escambia County,2005,80596,276889,140211
Escambia County,2006,93820,316114,162864
Escambia County,2007,92238,301134,158039
Escambia County,2008,84334,273104,143792
Escambia County,2009,75642,245805,130382
Escambia County,2010,72125,235842,125712
Escambia County,2011,63141,215058,112440
Escambia County,2012,60619,212204,108368
Escambia County,2013,62597,218064,112177
Escambia County,2014,65183,226059,116676
Escambia County,2015,68329,234038,121311
Escambia County,2016,72118,245901,128079
Escambia County,2017,78259,261705,138010
Escambia County,2018,86257,280632,149554
Escambia County,2019,92983,293979,158835
Escambia County,2020,98274,309547,168752
Lake County,2001,89287,211430,136424
Lake County,2002,94095,221294,143782
Lake County,2003,99925,233311,152747
Lake County,2004,110920,259699,169596
Lake County,2005,140195,329426,213535
Lake County,2006,171725,395617,260646
Lake County,2007,169787,386098,253987
Lake County,2008,145385,328802,214442
Lake County,2009,115703,263459,170524
Lake County,2010,102674,237244,153634
Lake County,2011,91473,212832,138682
Lake County,2012,89373,210594,137279
Lake County,2013,98655,228355,151927
Lake County,2014,108708,248208,166925
Lake County,2015,115684,259557,175998
Lake County,2016,125510,276163,188816
Lake County,2017,137155,293966,203746
Lake County,2018,148989,312115,219648
Lake County,2019,158739,326774,231668
Lake County,2020,170192,344883,245630
Saint Lucie County,2001,74026,174872,109767
Saint Lucie County,2002,82968,195031,121923
Saint Lucie County,2003,98148,227900,144195
Saint Lucie County,2004,120326,274832,175505
Saint Lucie County,2005,152393,339570,220238
Saint Lucie County,2006,182440,393699,263176
Saint Lucie County,2007,165963,358538,238174
Saint Lucie County,2008,122299,269496,174338
Saint Lucie County,2009,85336,198547,123465
Saint Lucie County,2010,76743,181912,111826
Saint Lucie County,2011,73516,174263,107625
Saint Lucie County,2012,73654,173520,109119
Saint Lucie County,2013,81495,186983,122293
Saint Lucie County,2014,94101,210104,141890
Saint Lucie County,2015,106182,230838,159029
Saint Lucie County,2016,123373,258390,182569
Saint Lucie County,2017,136999,278493,200837
Saint Lucie County,2018,149322,296336,217534
Saint Lucie County,2019,157460,307259,227499
Saint Lucie County,2020,165955,320166,237730
Leon County,2001,70366,207335,123704
Leon County,2002,74792,220145,131783
Leon County,2003,82254,241794,144834
Leon County,2004,92760,272755,162871
Leon County,2005,107181,314505,187362
Leon County,2006,121973,355501,212076
Leon County,2007,124463,359902,214867
Leon County,2008,114325,330238,197690
Leon County,2009,102722,296806,178654
Leon County,2010,97440,283172,170634
Leon County,2011,87024,258002,155241
Leon County,2012,82052,248305,148251
Leon County,2013,83648,257285,153588
Leon County,2014,85963,264273,158105
Leon County,2015,87280,269697,160779
Leon County,2016,90396,278805,167206
Leon County,2017,96437,295004,177640
Leon County,2018,103163,309742,188269
Leon County,2019,107787,318156,195087
Leon County,2020,113710,331396,204846
Osceola County,2001,99830,227287,145011
Osceola County,2002,106052,238847,154678
Osceola County,2003,112991,252175,164332
Osceola County,2004,128022,286203,185248
Osceola County,2005,163317,363687,235780
Osceola County,2006,205219,442629,294645
Osceola County,2007,201979,426398,285278
Osceola County,2008,164158,347801,230798
Osceola County,2009,109377,241971,155841
Osceola County,2010,91967,207583,133392
Osceola County,2011,84099,188310,121698
Osceola County,2012,89065,194810,127107
Osceola County,2013,106611,223011,150507
Osceola County,2014,124541,251303,174456
Osceola County,2015,132988,262515,184332
Osceola County,2016,143305,276343,197669
Osceola County,2017,154486,289895,211993
Osceola County,2018,167963,308222,228864
Osceola County,2019,182792,327091,245429
Osceola County,2020,190873,336979,254924
Alachua County,2001,72233,198921,121316
Alachua County,2002,76757,210486,129499
Alachua County,2003,83740,228059,141447
Alachua County,2004,95977,260733,162329
Alachua County,2005,111818,301074,187998
Alachua County,2006,130667,345131,217399
Alachua County,2007,135485,354738,224103
Alachua County,2008,125463,325363,206437
Alachua County,2009,110449,288381,183571
Alachua County,2010,102223,269990,172110
Alachua County,2011,88550,243519,154451
Alachua County,2012,82088,230283,144969
Alachua County,2013,83601,235069,149074
Alachua County,2014,88593,248717,158633
Alachua County,2015,92215,256906,164952
Alachua County,2016,98319,268422,173570
Alachua County,2017,107574,288320,187389
Alachua County,2018,114833,300367,197879
Alachua County,2019,123073,314621,208584
Alachua County,2020,132096,329247,221279
Clay County,2001,92316,197004,132883
Clay County,2002,96033,203816,138420
Clay County,2003,102024,215711,147022
Clay County,2004,112223,236615,160607
Clay County,2005,128367,267583,182034
Clay County,2006,151043,310426,212961
Clay County,2007,158444,321887,221757
Clay County,2008,152322,304916,210194
Clay County,2009,133806,268447,185510
Clay County,2010,121977,247241,170619
Clay County,2011,106748,223366,152757
Clay County,2012,102282,216546,147783
Clay County,2013,109742,226130,155355
Clay County,2014,120272,241756,168046
Clay County,2015,125142,247400,173767
Clay County,2016,131853,256032,180852
Clay County,2017,143903,274280,195884
Clay County,2018,159740,295686,214746
Clay County,2019,170115,306723,225746
Clay County,2020,179379,319123,235993
Saint Johns County,2001,125507,336098,203374
Saint Johns County,2002,136019,363028,219034
Saint Johns County,2003,148091,392506,237515
Saint Johns County,2004,168248,444532,269224
Saint Johns County,2005,199671,523882,317515
Saint Johns County,2006,234703,604124,373687
Saint Johns County,2007,233572,602886,374594
Saint Johns County,2008,201145,521809,321411
Saint Johns County,2009,170238,447842,275909
Saint Johns County,2010,158349,415626,259963
Saint Johns County,2011,144045,382579,238992
Saint Johns County,2012,143267,380226,237499
Saint Johns County,2013,154639,402852,253520
Saint Johns County,2014,170865,434691,276364
Saint Johns County,2015,179713,449745,287727
Saint Johns County,2016,190162,468114,301860
Saint Johns County,2017,200181,483254,314419
Saint Johns County,2018,211908,500936,328140
Saint Johns County,2019,220232,513466,337398
Saint Johns County,2020,228236,528312,347745
Okaloosa County,2001,82044,239843,122682
Okaloosa County,2002,84890,249014,127219
Okaloosa County,2003,91240,267588,136315
Okaloosa County,2004,107673,323933,160847
Okaloosa County,2005,146815,437950,217967
Okaloosa County,2006,175265,496494,257523
Okaloosa County,2007,163655,452289,236064
Okaloosa County,2008,143502,395861,207886
Okaloosa County,2009,124548,346692,183958
Okaloosa County,2010,117431,329106,177382
Okaloosa County,2011,107585,306884,166053
Okaloosa County,2012,106442,304310,165261
Okaloosa County,2013,113062,321059,173895
Okaloosa County,2014,118877,333135,181012
Okaloosa County,2015,122509,341090,185609
Okaloosa County,2016,127113,349792,191323
Okaloosa County,2017,136516,369247,202910
Okaloosa County,2018,147416,391219,216413
Okaloosa County,2019,157585,411284,228368
Okaloosa County,2020,173402,442778,249515
Hernando County,2001,71620,165315,104183
Hernando County,2002,76599,175712,111022
Hernando County,2003,82778,188909,120619
Hernando County,2004,95186,216290,138554
Hernando County,2005,122874,270932,177148
Hernando County,2006,147088,314319,208616
Hernando County,2007,139375,298958,196041
Hernando County,2008,113301,244175,158493
Hernando County,2009,89614,197722,127148
Hernando County,2010,77448,175394,112226
Hernando County,2011,66870,153083,97759
Hernando County,2012,63997,146233,94124
Hernando County,2013,68607,154111,101017
Hernando County,2014,76001,165824,111859
Hernando County,2015,82952,176895,121423
Hernando County,2016,93665,194152,135148
Hernando County,2017,107304,213217,150539
Hernando County,2018,121423,234188,166839
Hernando County,2019,132500,250378,180285
Hernando County,2020,145422,270391,196158
Bay County,2001,77025,224764,123711
Bay County,2002,80938,234662,129450
Bay County,2003,88587,253578,140813
Bay County,2004,104998,301210,165994
Bay County,2005,136022,392382,214211
Bay County,2006,159522,442988,247950
Bay County,2007,155808,419706,238102
Bay County,2008,143700,381027,218231
Bay County,2009,125403,329869,190814
Bay County,2010,116284,296874,176230
Bay County,2011,103462,271602,158850
Bay County,2012,98683,263999,154009
Bay County,2013,102132,271963,159102
Bay County,2014,108755,287448,169160
Bay County,2015,114011,297223,176054
Bay County,2016,121034,308579,183701
Bay County,2017,127651,318654,191755
Bay County,2018,140110,342985,207981
Bay County,2019,143829,350864,212196
Bay County,2020,157971,373321,230015
Charlotte County,2001,68833,205983,113859
Charlotte County,2002,75183,225485,124493
Charlotte County,2003,85256,255995,141413
Charlotte County,2004,101484,302260,166537
Charlotte County,2005,129332,376853,209002
Charlotte County,2006,153726,431550,245757
Charlotte County,2007,136697,384142,215102
Charlotte County,2008,112295,318681,175550
Charlotte County,2009,91920,269660,148316
Charlotte County,2010,84737,250638,140120
Charlotte County,2011,76505,228481,127322
Charlotte County,2012,78671,230292,130396
Charlotte County,2013,89537,252508,147542
Charlotte County,2014,98888,270950,161251
Charlotte County,2015,109351,292967,176089
Charlotte County,2016,124134,319442,195990
Charlotte County,2017,135281,338520,210380
Charlotte County,2018,144250,352075,222048
Charlotte County,2019,151832,364545,231399
Charlotte County,2020,157457,374727,239463
Santa Rosa County,2001,82748,207957,125833
Santa Rosa County,2002,85528,214219,129737
Santa Rosa County,2003,91037,228367,137980
Santa Rosa County,2004,101927,259624,154943
Santa Rosa County,2005,126930,329635,196301
Santa Rosa County,2006,148042,372094,227873
Santa Rosa County,2007,141821,349420,213350
Santa Rosa County,2008,127077,310407,190870
Santa Rosa County,2009,115797,284246,175154
Santa Rosa County,2010,110285,273101,168951
Santa Rosa County,2011,103101,256196,158900
Santa Rosa County,2012,100746,251406,156266
Santa Rosa County,2013,106652,266138,166272
Santa Rosa County,2014,109318,271316,170437
Santa Rosa County,2015,113929,276905,175631
Santa Rosa County,2016,117658,282175,180440
Santa Rosa County,2017,128847,304183,195521
Santa Rosa County,2018,137837,321680,207677
Santa Rosa County,2019,147410,339009,220218
Santa Rosa County,2020,160098,363426,237782
Martin County,2001,80923,292131,169137
Martin County,2002,91073,327735,188295
Martin County,2003,107845,381696,217628
Martin County,2004,131271,460333,262035
Martin County,2005,164628,568867,328051
Martin County,2006,189686,639861,373760
Martin County,2007,167893,568358,329915
Martin County,2008,141213,488998,285079
Martin County,2009,117405,420174,243259
Martin County,2010,107104,388765,228925
Martin County,2011,98185,364839,215163
Martin County,2012,97358,362593,213568
Martin County,2013,104288,384017,230079
Martin County,2014,115962,414894,253807
Martin County,2015,127105,444212,274224
Martin County,2016,138903,474722,295185
Martin County,2017,150103,499275,314101
Martin County,2018,160672,521714,330500
Martin County,2019,167539,535342,338967
Martin County,2020,176405,559726,355182
Citrus County,2001,61665,176727,101631
Citrus County,2002,64966,186094,106533
Citrus County,2003,69493,198417,113798
Citrus County,2004,77716,220004,126270
Citrus County,2005,95934,268433,155574
Citrus County,2006,119099,320931,189998
Citrus County,2007,116816,316223,184402
Citrus County,2008,100141,276564,159017
Citrus County,2009,84895,238585,136394
Citrus County,2010,77225,219961,125483
Citrus County,2011,68007,197080,111847
Citrus County,2012,64238,184903,105718
Citrus County,2013,66989,189401,109318
Citrus County,2014,68080,190453,111187
Citrus County,2015,73815,202842,120496
Citrus County,2016,80214,214776,129828
Citrus County,2017,91292,233969,144371
Citrus County,2018,102963,254560,158431
Citrus County,2019,110157,265127,166272
Citrus County,2020,119898,282260,178992
Indian River County,2001,79969,280706,129902
Indian River County,2002,86976,306841,141095
Indian River County,2003,95943,336743,156201
Indian River County,2004,112140,391998,182798
Indian River County,2005,145657,494924,235382
Indian River County,2006,171392,562933,274946
Indian River County,2007,154677,510303,245940
Indian River County,2008,124279,420920,199154
Indian River County,2009,99138,351260,163866
Indian River County,2010,91302,331029,154422
Indian River County,2011,81276,299708,139144
Indian River County,2012,79629,293748,135698
Indian River County,2013,89451,321164,151720
Indian River County,2014,97731,343493,164635
Indian River County,2015,107503,370242,180037
Indian River County,2016,120810,401127,197812
Indian River County,2017,134055,426998,214954
Indian River County,2018,146163,453979,230917
Indian River County,2019,152056,463058,237197
Indian River County,2020,159524,480687,248283
Highlands County,2001,40425,121454,77117
Highlands County,2002,42846,129239,81673
Highlands County,2003,45678,138174,86586
Highlands County,2004,52492,160196,99779
Highlands County,2005,67698,204503,130068
Highlands County,2006,89387,257917,168929
Highlands County,2007,90815,258634,166917
Highlands County,2008,77747,220753,142365
Highlands County,2009,69526,199660,116737
Highlands County,2010,62447,180854,103839
Highlands County,2011,56630,163066,94728
Highlands County,2012,52477,150847,87398
Highlands County,2013,52096,150447,87004
Highlands County,2014,56092,159952,93088
Highlands County,2015,60931,171014,101792
Highlands County,2016,67419,182619,111138
Highlands County,2017,75874,196745,123225
Highlands County,2018,83646,209331,133343
Highlands County,2019,90420,222503,142119
Highlands County,2020,97807,235696,151004
Flagler County,2001,91093,231279,133094
Flagler County,2002,97615,248459,143048
Flagler County,2003,110884,280438,159561
Flagler County,2004,132898,332036,188592
Flagler County,2005,167448,410589,236772
Flagler County,2006,197179,474372,278530
Flagler County,2007,183615,442905,258531
Flagler County,2008,155039,378011,218935
Flagler County,2009,126328,308881,177195
Flagler County,2010,115166,277186,160561
Flagler County,2011,106824,257498,149401
Flagler County,2012,103914,248022,145605
Flagler County,2013,117527,270036,161684
Flagler County,2014,133015,297227,180964
Flagler County,2015,140434,308628,189903
Flagler County,2016,152995,325329,203467
Flagler County,2017,165747,343847,218489
Flagler County,2018,174543,355159,228360
Flagler County,2019,184299,368140,238693
Flagler County,2020,191226,378523,246511
Sumter County,2001,99330,219235,141465
Sumter County,2002,105457,230595,151743
Sumter County,2003,112835,246694,162431
Sumter County,2004,123790,274128,178084
Sumter County,2005,141942,311830,201763
Sumter County,2006,163270,355035,231899
Sumter County,2007,172160,371524,244142
Sumter County,2008,157990,341323,223096
Sumter County,2009,147026,313636,204634
Sumter County,2010,144069,305611,201161
Sumter County,2011,139993,298017,197715
Sumter County,2012,140622,298295,198611
Sumter County,2013,153049,322788,215657
Sumter County,2014,172632,363730,243689
Sumter County,2015,177640,370466,249876
Sumter County,2016,177176,366569,247293
Sumter County,2017,183220,380257,254539
Sumter County,2018,192544,399120,267079
Sumter County,2019,204821,424326,284220
Sumter County,2020,214832,442929,297353
Putnam County,2001,28050,129161,62927
Putnam County,2002,29048,137222,65800
Putnam County,2003,29689,141856,67541
Putnam County,2004,33712,158318,74590
Putnam County,2005,39582,186134,87895
Putnam County,2006,49695,230190,110855
Putnam County,2007,56094,253636,121675
Putnam County,2008,48083,214507,101887
Putnam County,2009,40339,179193,84886
Putnam County,2010,36906,164085,77347
Putnam County,2011,34656,154198,72308
Putnam County,2012,34848,155131,72559
Putnam County,2013,38040,168800,79076
Putnam County,2014,41632,184300,86739
Putnam County,2015,45121,193735,94120
Putnam County,2016,47573,191202,98161
Putnam County,2017,51119,201497,105806
Putnam County,2018,55865,212026,115579
Putnam County,2019,61905,228574,126405
Putnam County,2020,71183,248140,140032
Nassau County,2001,98556,286319,151108
Nassau County,2002,107885,310995,162857
Nassau County,2003,116113,330288,171630
Nassau County,2004,127458,360811,186981
Nassau County,2005,148564,417547,218141
Nassau County,2006,173080,478530,255057
Nassau County,2007,181494,494528,264962
Nassau County,2008,167035,457885,242604
Nassau County,2009,140775,386199,205070
Nassau County,2010,128721,352642,187419
Nassau County,2011,120236,330436,175371
Nassau County,2012,120099,329775,175097
Nassau County,2013,132290,361153,192620
Nassau County,2014,150773,400751,217194
Nassau County,2015,159156,416831,229069
Nassau County,2016,166184,426216,236659
Nassau County,2017,179825,454522,254759
Nassau County,2018,196790,487082,275584
Nassau County,2019,211738,513382,291239
Nassau County,2020,224534,537842,307004
Monroe County,2001,,,
Monroe County,2002,,,
Monroe County,2003,,,
Monroe County,2004,,,
Monroe County,2005,,,
Monroe County,2006,,,
Monroe County,2007,,,
Monroe County,2008,,,
Monroe County,2009,,,
Monroe County,2010,,,
Monroe County,2011,,,
Monroe County,2012,,,
Monroe County,2013,,,
Monroe County,2014,,,
Monroe County,2015,330934,1056605,552227
Monroe County,2016,365021,1148754,605650
Monroe County,2017,374408,1165700,617164
Monroe County,2018,382180,1176693,625201
Monroe County,2019,405511,1232377,657944
Monroe County,2020,409630,1233955,661531
Columbia County,2001,32721,123045,69430
Columbia County,2002,35554,132991,75047
Columbia County,2003,38504,141853,80003
Columbia County,2004,40352,145490,81272
Columbia County,2005,47996,170107,95764
Columbia County,2006,59365,202884,117449
Columbia County,2007,65968,217676,127775
Columbia County,2008,60691,198214,116604
Columbia County,2009,52325,169229,99810
Columbia County,2010,48587,155935,92225
Columbia County,2011,45599,146495,86528
Columbia County,2012,45563,147023,86647
Columbia County,2013,49904,160078,94729
Columbia County,2014,55348,176018,104788
Columbia County,2015,61194,193082,115485
Columbia County,2016,67322,211452,126714
Columbia County,2017,72657,227416,137164
Columbia County,2018,76878,238455,145083
Columbia County,2019,79430,245105,149552
Columbia County,2020,82130,252532,154936
Walton County,2001,102039,618415,212000
Walton County,2002,109561,651715,227865
Walton County,2003,122049,715657,254572
Walton County,2004,142711,847337,304343
Walton County,2005,184821,1083283,398086
Walton County,2006,213512,1218912,455779
Walton County,2007,199286,1131838,417397
Walton County,2008,174270,954283,360538
Walton County,2009,148882,804065,310996
Walton County,2010,144957,743263,297911
Walton County,2011,131232,679877,275242
Walton County,2012,131644,680386,276029
Walton County,2013,139750,730674,297071
Walton County,2014,152370,796803,323185
Walton County,2015,165099,852129,344346
Walton County,2016,172035,878089,355285
Walton County,2017,179733,915238,373033
Walton County,2018,191790,962029,396943
Walton County,2019,202054,1004944,416689
Walton County,2020,213827,1044915,436967
Jackson County,2001,30066,112399,63403
Jackson County,2002,32993,121993,68320
Jackson County,2003,35524,131872,72812
Jackson County,2004,40502,151434,82222
Jackson County,2005,49228,184217,99090
Jackson County,2006,56074,207558,111809
Jackson County,2007,54035,198784,107085
Jackson County,2008,46026,167868,90779
Jackson County,2009,39300,142552,77171
Jackson County,2010,35868,129708,69938
Jackson County,2011,33633,121834,65377
Jackson County,2012,33507,121986,65312
Jackson County,2013,36339,132367,70572
Jackson County,2014,39890,144935,77428
Jackson County,2015,44203,159517,85642
Jackson County,2016,48572,174823,93212
Jackson County,2017,52097,187435,99742
Jackson County,2018,54925,197463,105216
Jackson County,2019,56139,201847,107864
Jackson County,2020,58378,206965,110893
Gadsden County,2001,27038,132142,69460
Gadsden County,2002,29163,142230,73736
Gadsden County,2003,32203,156046,80015
Gadsden County,2004,37258,181323,91360
Gadsden County,2005,45378,219989,110339
Gadsden County,2006,51477,246024,123983
Gadsden County,2007,49295,234157,118017
Gadsden County,2008,41578,196841,99115
Gadsden County,2009,34730,166139,82995
Gadsden County,2010,31663,150959,75560
Gadsden County,2011,29562,141091,70421
Gadsden County,2012,29755,142006,70715
Gadsden County,2013,31968,153102,75867
Gadsden County,2014,34669,167167,82372
Gadsden County,2015,37472,181920,89776
Gadsden County,2016,40558,197449,97462
Gadsden County,2017,42600,209770,102575
Gadsden County,2018,44937,222360,107057
Gadsden County,2019,45987,228342,109267
Gadsden County,2020,48384,237603,115883
Suwannee County,2001,,,
Suwannee County,2002,,,
Suwannee County,2003,38101,137485,66491
Suwannee County,2004,46314,162066,86331
Suwannee County,2005,58234,201319,108354
Suwannee County,2006,68253,230073,127007
Suwannee County,2007,66798,222523,124545
Suwannee County,2008,57131,188867,106721
Suwannee County,2009,48835,161177,91461
Suwannee County,2010,45123,148029,84321
Suwannee County,2011,42802,140102,79993
Suwannee County,2012,43450,142820,80962
Suwannee County,2013,47157,155019,87853
Suwannee County,2014,51716,170477,97037
Suwannee County,2015,58113,187854,108539
Suwannee County,2016,63822,204322,118571
Suwannee County,2017,68703,219646,128076
Suwannee County,2018,72679,230722,134523
Suwannee County,2019,75552,236659,138865
Suwannee County,2020,78069,240173,142686
Levy County,2001,36135,163205,78798
Levy County,2002,39587,178057,85311
Levy County,2003,43686,195212,93131
Levy County,2004,52135,229223,107406
Levy County,2005,65956,253675,126640
Levy County,2006,81624,290478,155126
Levy County,2007,77673,262551,146032
Levy County,2008,65545,219895,122896
Levy County,2009,56101,186175,104660
Levy County,2010,51511,169736,96303
Levy County,2011,48589,159858,91112
Levy County,2012,48199,159196,90417
Levy County,2013,52174,171291,98095
Levy County,2014,56509,185381,106642
Levy County,2015,61340,199656,115071
Levy County,2016,65013,210186,122366
Levy County,2017,67519,220073,127813
Levy County,2018,69978,229415,132701
Levy County,2019,73488,238131,138428
Levy County,2020,76519,246958,143863
Okeechobee County,2001,71822,205098,129513
Okeechobee County,2002,78134,222913,139921
Okeechobee County,2003,85408,244653,152287
Okeechobee County,2004,94226,271281,167095
Okeechobee County,2005,111663,323474,198065
Okeechobee County,2006,130384,373629,230527
Okeechobee County,2007,126756,361475,223019
Okeechobee County,2008,107098,304304,187527
Okeechobee County,2009,90582,255002,157725
Okeechobee County,2010,81617,229264,142177
Okeechobee County,2011,76390,214295,133229
Okeechobee County,2012,76024,213006,132781
Okeechobee County,2013,82155,229936,143644
Okeechobee County,2014,89158,251064,155402
Okeechobee County,2015,95414,269155,166251
Okeechobee County,2016,99740,283234,174505
Okeechobee County,2017,104928,300195,183748
Okeechobee County,2018,113408,322015,197102
Okeechobee County,2019,120424,338333,208351
Okeechobee County,2020,127029,353866,219093
Hendry County,2001,39250,122152,72458
Hendry County,2002,43339,133758,79687
Hendry County,2003,47705,146586,87253
Hendry County,2004,55447,171946,101018
Hendry County,2005,69013,213687,125125
Hendry County,2006,80945,247486,146563
Hendry County,2007,79086,240848,143005
Hendry County,2008,66681,202644,120449
Hendry County,2009,56417,170442,101383
Hendry County,2010,51254,154807,92035
Hendry County,2011,47444,142486,84591
Hendry County,2012,47069,140595,83538
Hendry County,2013,50393,150899,89439
Hendry County,2014,54613,163991,96884
Hendry County,2015,59091,176635,104592
Hendry County,2016,62215,187293,109007
Hendry County,2017,66215,197818,115275
Hendry County,2018,72231,212394,124771
Hendry County,2019,78072,225105,134123
Hendry County,2020,82044,234937,140743
De Soto County,2001,40246,124331,70630
De Soto County,2002,44054,136517,77203
De Soto County,2003,48347,150063,84611
De Soto County,2004,56332,176526,98388
De Soto County,2005,70392,220144,122727
De Soto County,2006,83126,255434,144879
De Soto County,2007,81389,248556,141580
De Soto County,2008,68559,208624,118857
De Soto County,2009,57213,173550,99199
De Soto County,2010,51835,156334,89884
De Soto County,2011,48007,144520,83205
De Soto County,2012,47293,141900,81647
De Soto County,2013,51066,152338,87920
De Soto County,2014,54950,163614,95021
De Soto County,2015,59772,176112,102468
De Soto County,2016,62671,186700,107123
De Soto County,2017,67280,200455,114675
De Soto County,2018,73222,216366,124503
De Soto County,2019,77521,228442,132760
De Soto County,2020,82581,239968,140768
Wakulla County,2001,48794,135821,84025
Wakulla County,2002,54210,148400,92923
Wakulla County,2003,59693,162698,102413
Wakulla County,2004,69998,191287,119722
Wakulla County,2005,87109,237550,147948
Wakulla County,2006,100040,269847,169160
Wakulla County,2007,100186,269305,169135
Wakulla County,2008,89680,238508,150564
Wakulla County,2009,76727,203079,128704
Wakulla County,2010,70546,185731,117973
Wakulla County,2011,66241,174344,110723
Wakulla County,2012,66138,174032,110869
Wakulla County,2013,71838,188807,120762
Wakulla County,2014,77958,204709,131533
Wakulla County,2015,84139,220938,142373
Wakulla County,2016,90742,239188,154893
Wakulla County,2017,97289,257375,167413
Wakulla County,2018,102026,271232,176520
Wakulla County,2019,106108,280381,182534
Wakulla County,2020,110345,289990,188782
Bradford County,2001,32498,126547,71715
Bradford County,2002,35190,136742,77207
Bradford County,2003,38656,148371,83449
Bradford County,2004,45070,172548,95621
Bradford County,2005,56210,210151,116695
Bradford County,2006,65099,238114,133704
Bradford County,2007,64116,230062,130114
Bradford County,2008,55263,195462,111158
Bradford County,2009,47199,165667,94994
Bradford County,2010,43548,151634,87147
Bradford County,2011,41181,142930,82290
Bradford County,2012,41835,144776,83001
Bradford County,2013,45468,156726,89943
Bradford County,2014,49998,171689,98513
Bradford County,2015,54638,188066,108588
Bradford County,2016,59221,204385,118243
Bradford County,2017,63264,217546,125373
Bradford County,2018,67892,230865,132973
Bradford County,2019,71532,239158,138740
Bradford County,2020,73142,245600,143161
Hardee County,2001,26877,121738,59268
Hardee County,2002,29874,132285,64447
Hardee County,2003,32748,142479,69609
Hardee County,2004,38778,165297,80486
Hardee County,2005,47691,202005,98132
Hardee County,2006,54988,229402,112300
Hardee County,2007,53675,221482,109202
Hardee County,2008,45914,187884,93300
Hardee County,2009,39189,160840,79367
Hardee County,2010,37035,149661,74595
Hardee County,2011,36075,142661,72447
Hardee County,2012,35921,141897,71729
Hardee County,2013,38917,153769,77412
Hardee County,2014,43307,171081,86359
Hardee County,2015,47837,187241,94433
Hardee County,2016,52415,203507,103043
Hardee County,2017,55591,218631,109193
Hardee County,2018,58881,232092,115826
Hardee County,2019,60498,239002,119012
Hardee County,2020,62471,245240,123034
Baker County,2001,44580,135928,84900
Baker County,2002,51104,149413,94328
Baker County,2003,56025,161746,102230
Baker County,2004,65047,188634,118404
Baker County,2005,80196,230740,145879
Baker County,2006,91632,259273,166659
Baker County,2007,88792,250200,161143
Baker County,2008,75324,211041,136274
Baker County,2009,65049,181501,116914
Baker County,2010,59521,165107,106369
Baker County,2011,55781,154098,99638
Baker County,2012,55689,153836,99876
Baker County,2013,60193,165902,108046
Baker County,2014,66531,182723,119204
Baker County,2015,73998,201558,132288
Baker County,2016,83988,225115,149259
Baker County,2017,91936,244925,163166
Baker County,2018,99162,262403,175721
Baker County,2019,103360,273003,183579
Baker County,2020,105031,279667,188866
Washington County,2001,,,
Washington County,2002,,,
Washington County,2003,,,
Washington County,2004,,,
Washington County,2005,,,
Washington County,2006,,,
Washington County,2007,59708,201975,114928
Washington County,2008,50889,170000,96662
Washington County,2009,42610,142311,80786
Washington County,2010,38616,129778,73202
Washington County,2011,36941,123528,68989
Washington County,2012,37797,123736,69543
Washington County,2013,41047,134401,75819
Washington County,2014,44284,145775,82425
Washington County,2015,48463,158784,89607
Washington County,2016,51488,169044,94775
Washington County,2017,55413,179823,101328
Washington County,2018,59381,193713,108928
Washington County,2019,62442,201398,113503
Washington County,2020,66126,208237,119074
Taylor County,2001,24014,103485,54916
Taylor County,2002,26128,112148,58796
Taylor County,2003,28245,121681,63595
Taylor County,2004,32839,141737,73013
Taylor County,2005,40193,172632,87957
Taylor County,2006,46051,195064,99766
Taylor County,2007,44807,188350,96260
Taylor County,2008,38093,158640,81374
Taylor County,2009,32357,134443,68569
Taylor County,2010,29741,123492,63102
Taylor County,2011,28686,118649,60739
Taylor County,2012,29254,119237,61303
Taylor County,2013,32637,132032,67644
Taylor County,2014,35877,144246,73924
Taylor County,2015,40367,159669,83182
Taylor County,2016,44248,171967,89980
Taylor County,2017,47424,182994,97088
Taylor County,2018,50694,192110,103411
Taylor County,2019,52428,197140,106387
Taylor County,2020,55303,203648,110545
Holmes County,2001,27702,102361,54988
Holmes County,2002,31613,116088,60652
Holmes County,2003,34680,127268,66103
Holmes County,2004,39004,144633,73974
Holmes County,2005,47260,172893,88421
Holmes County,2006,53584,192909,99549
Holmes County,2007,52078,185186,96393
Holmes County,2008,44486,156766,82070
Holmes County,2009,38576,133935,70334
Holmes County,2010,35490,121485,64501
Holmes County,2011,33278,114758,60973
Holmes County,2012,33731,115261,61519
Holmes County,2013,36952,125191,67265
Holmes County,2014,41014,137448,74113
Holmes County,2015,45775,149792,81849
Holmes County,2016,50598,162783,89899
Holmes County,2017,55914,175432,98282
Holmes County,2018,61241,187505,105501
Holmes County,2019,64129,194319,109341
Holmes County,2020,65990,205559,113748
Madison County,2001,22601,112761,52812
Madison County,2002,23895,119416,54958
Madison County,2003,26188,128713,59835
Madison County,2004,31712,150644,70676
Madison County,2005,38908,181999,85572
Madison County,2006,44660,205174,97601
Madison County,2007,43164,196055,93643
Madison County,2008,37150,166218,80215
Madison County,2009,32127,141992,68864
Madison County,2010,29561,129103,63529
Madison County,2011,27594,120939,59291
Madison County,2012,27452,121255,59870
Madison County,2013,30209,132099,65455
Madison County,2014,33145,144728,71584
Madison County,2015,37653,163030,80572
Madison County,2016,42630,180887,90315
Madison County,2017,46240,198287,99675
Madison County,2018,49107,212052,105549
Madison County,2019,50223,213841,107707
Madison County,2020,52273,219025,110082
Gilchrist County,2001,38180,137066,84185
Gilchrist County,2002,42219,148048,91690
Gilchrist County,2003,46674,161372,100603
Gilchrist County,2004,54311,186645,116527
Gilchrist County,2005,67681,229107,143074
Gilchrist County,2006,78323,260269,163804
Gilchrist County,2007,76534,251079,158158
Gilchrist County,2008,66039,214663,134503
Gilchrist County,2009,60125,186464,119252
Gilchrist County,2010,56409,172116,110131
Gilchrist County,2011,53312,161255,103786
Gilchrist County,2012,53679,161465,104423
Gilchrist County,2013,59106,177648,114359
Gilchrist County,2014,65541,194797,125351
Gilchrist County,2015,71266,212438,136997
Gilchrist County,2016,77847,230191,148595
Gilchrist County,2017,83300,245573,158781
Gilchrist County,2018,89483,260710,169141
Gilchrist County,2019,92142,267779,174032
Gilchrist County,2020,95191,278125,179166
Dixie County,2001,16830,85482,40619
Dixie County,2002,19137,95035,45115
Dixie County,2003,21830,106400,50130
Dixie County,2004,26134,128090,59039
Dixie County,2005,32774,161366,73277
Dixie County,2006,38450,185790,84602
Dixie County,2007,37884,179799,81841
Dixie County,2008,32288,151598,69035
Dixie County,2009,27294,125546,56264
Dixie County,2010,26050,116359,52839
Dixie County,2011,25679,111222,51551
Dixie County,2012,27457,113829,53996
Dixie County,2013,31073,124956,60866
Dixie County,2014,34235,135503,67277
Dixie County,2015,38525,149610,74693
Dixie County,2016,42433,163093,81715
Dixie County,2017,45797,175911,87778
Dixie County,2018,49435,186681,94911
Dixie County,2019,51264,191448,98109
Dixie County,2020,51698,193839,97936
Gulf County,2001,41788,236790,96365
Gulf County,2002,49186,268740,112533
Gulf County,2003,56066,304495,127856
Gulf County,2004,68623,371995,155427
Gulf County,2005,88338,476112,199731
Gulf County,2006,103226,548183,233136
Gulf County,2007,99077,525396,224020
Gulf County,2008,82979,438701,187620
Gulf County,2009,69789,366467,157751
Gulf County,2010,64508,333429,145286
Gulf County,2011,60797,309916,136790
Gulf County,2012,61682,310051,138386
Gulf County,2013,66673,332256,149603
Gulf County,2014,71228,350702,159318
Gulf County,2015,75313,370982,168498
Gulf County,2016,79778,392459,178299
Gulf County,2017,85229,420223,190897
Gulf County,2018,90589,447906,203035
Gulf County,2019,93142,461016,208579
Gulf County,2020,97029,480464,217447
Union County,2001,,,
Union County,2002,,,
Union County,2003,,,
Union County,2004,,,
Union County,2005,59903,191986,121176
Union County,2006,64456,194580,127627
Union County,2007,65460,199386,131732
Union County,2008,56328,172348,113163
Union County,2009,47618,149836,96608
Union County,2010,44297,138074,89888
Union County,2011,41741,129591,84923
Union County,2012,41342,129698,83705
Union County,2013,45190,141391,91497
Union County,2014,49469,155302,99987
Union County,2015,54478,169862,109014
Union County,2016,61031,187873,119872
Union County,2017,65530,200761,126425
Union County,2018,73711,219304,140316
Union County,2019,79489,232410,148207
Union County,2020,80851,241062,152443
Hamilton County,2001,19158,87132,44681
Hamilton County,2002,21456,93735,49478
Hamilton County,2003,24104,103400,54911
Hamilton County,2004,29575,121914,64574
Hamilton County,2005,37219,151916,79599
Hamilton County,2006,43262,173554,91396
Hamilton County,2007,41983,166847,87940
Hamilton County,2008,36172,141139,74908
Hamilton County,2009,30173,117954,63586
Hamilton County,2010,28268,109213,57824
Hamilton County,2011,26840,102860,55117
Hamilton County,2012,27015,103359,55619
Hamilton County,2013,29615,113484,61141
Hamilton County,2014,32307,124414,67218
Hamilton County,2015,35973,137976,75314
Hamilton County,2016,41532,154111,84156
Hamilton County,2017,43359,159279,89450
Hamilton County,2018,44345,165653,92377
Hamilton County,2019,46121,174027,96153
Hamilton County,2020,48330,181336,99904
Jefferson County,2001,30812,140812,72849
Jefferson County,2002,35351,159786,81653
Jefferson County,2003,39892,176741,90916
Jefferson County,2004,45976,203015,104971
Jefferson County,2005,57681,251042,130423
Jefferson County,2006,65442,282748,147387
Jefferson County,2007,63910,272518,142161
Jefferson County,2008,54436,230446,120545
Jefferson County,2009,45403,192537,100997
Jefferson County,2010,41967,178796,93269
Jefferson County,2011,40802,171933,89829
Jefferson County,2012,43019,176632,93266
Jefferson County,2013,48460,194757,103251
Jefferson County,2014,53913,214658,113587
Jefferson County,2015,61437,239326,127576
Jefferson County,2016,68270,266335,142717
Jefferson County,2017,73574,289141,154652
Jefferson County,2018,78120,303328,163111
Jefferson County,2019,82138,321549,170769
Jefferson County,2020,84155,329761,172632
Calhoun County,2001,,,
Calhoun County,2002,,,
Calhoun County,2003,,,
Calhoun County,2004,,,
Calhoun County,2005,34333,136507,75834
Calhoun County,2006,35119,153622,83873
Calhoun County,2007,35993,154357,85963
Calhoun County,2008,31076,129667,73915
Calhoun County,2009,26606,112131,63444
Calhoun County,2010,24959,105078,58610
Calhoun County,2011,23684,100982,55304
Calhoun County,2012,24969,103803,57498
Calhoun County,2013,27510,113768,63742
Calhoun County,2014,30671,125716,70298
Calhoun County,2015,33790,139283,78370
Calhoun County,2016,37426,156127,88408
Calhoun County,2017,40933,170219,97400
Calhoun County,2018,42894,181446,102023
Calhoun County,2019,44104,187633,105470
Calhoun County,2020,45497,192165,109617
Glades County,2001,34130,132785,68927
Glades County,2002,37853,143554,75891
Glades County,2003,42355,157077,83496
Glades County,2004,50030,183575,96986
Glades County,2005,62727,229116,121835
Glades County,2006,73254,262380,141652
Glades County,2007,71985,255020,138237
Glades County,2008,60766,214555,116729
Glades County,2009,51432,182275,99014
Glades County,2010,47657,167523,91479
Glades County,2011,44873,156524,85785
Glades County,2012,45261,156662,86064
Glades County,2013,48988,168571,92620
Glades County,2014,53358,182749,100585
Glades County,2015,57617,194639,107141
Glades County,2016,60896,204330,112462
Glades County,2017,64290,214596,118881
Glades County,2018,67617,226258,125657
Glades County,2019,70557,235349,130889
Glades County,2020,73685,243350,136068
Franklin County,2001,57824,350372,152064
Franklin County,2002,65985,397146,171315
Franklin County,2003,76263,453680,195131
Franklin County,2004,92129,550323,235000
Franklin County,2005,118796,703958,303326
Franklin County,2006,138944,809643,354566
Franklin County,2007,134805,778688,342517
Franklin County,2008,113888,653042,287706
Franklin County,2009,96794,547398,244389
Franklin County,2010,89145,496056,226158
Franklin County,2011,84505,463362,215380
Franklin County,2012,84428,450787,215018
Franklin County,2013,90796,474115,229647
Franklin County,2014,95871,491428,238392
Franklin County,2015,99614,502918,244674
Franklin County,2016,102786,520776,252309
Franklin County,2017,109182,550840,266930
Franklin County,2018,115022,579004,279491
Franklin County,2019,119341,595731,286833
Franklin County,2020,125352,613098,297789
Lafayette County,2001,26981,113588,65247
Lafayette County,2002,29129,121198,70170
Lafayette County,2003,32137,135026,77040
Lafayette County,2004,37516,156675,88175
Lafayette County,2005,46191,191316,106568
Lafayette County,2006,53671,219559,121723
Lafayette County,2007,52682,210435,117416
Lafayette County,2008,45892,181925,101016
Lafayette County,2009,37166,158232,81236
Lafayette County,2010,34690,139258,72931
Lafayette County,2011,32640,128253,67935
Lafayette County,2012,33520,131047,68998
Lafayette County,2013,39153,146112,78739
Lafayette County,2014,43587,158662,85604
Lafayette County,2015,49788,173288,98405
Lafayette County,2016,55537,186743,107857
Lafayette County,2017,60585,203457,117715
Lafayette County,2018,65148,215325,126741
Lafayette County,2019,67485,222833,131191
Lafayette County,2020,71253,230940,139490
Liberty County,2001,,,
Liberty County,2002,,,
Liberty County,2003,,,
Liberty County,2004,,,
Liberty County,2005,,,
Liberty County,2006,,,
Liberty County,2007,41730,180240,101078
Liberty County,2008,34881,150797,82165
Liberty County,2009,28560,122222,67662
Liberty County,2010,27782,118569,64273
Liberty County,2011,26285,113817,61193
Liberty County,2012,26732,116734,62054
Liberty County,2013,29719,128663,67702
Liberty County,2014,32069,138094,73227
Liberty County,2015,35492,146984,79628
Liberty County,2016,39148,164883,89930
Liberty County,2017,42223,176702,98092
Liberty County,2018,45928,191762,105908
Liberty County,2019,48932,201160,112503
Liberty County,2020,50692,204421,115010
