totalpopulation,average_yearly_wage,lowtiermedianhomevalue,hightiermedianhomevalue,singlefamilymedianhomevalue,value_inches
267306,49116,123073.0,314621.0,208584.0,52.82
263291,47858,114833.0,300367.0,197879.0,66.46
260003,45705,107574.0,288320.0,187389.0,63.47
257062,44257,98319.0,268422.0,173570.0,46.39
254893,43598,92215.0,256906.0,164952.0,52.27
250730,42691,88593.0,248717.0,158633.0,58.97
248002,41588,83601.0,235069.0,149074.0,52.13
247336,39688,102223.0,269990.0,172110.0,45.0
256232,39080,110449.0,288381.0,183571.0,53.1
252388,37469,125463.0,325363.0,206437.0,45.17
247561,36456,135485.0,354738.0,224103.0,44.1
243779,34748,130667.0,345131.0,217399.0,37.3
240764,33145,111818.0,301074.0,187998.0,54.2
236174,30939,95977.0,260733.0,162329.0,64.46
231296,28867,83740.0,228059.0,141447.0,53.7
228607,27648,76757.0,210486.0,129499.0,58.4
222935,26917,72233.0,198921.0,121316.0,45.63
271588,53345,132096.0,329247.0,221279.0,53.53
246770,40775,82088.0,230283.0,144969.0,59.51
247337,40206,88550.0,243519.0,154451.0,43.04
28249,33855,103360.0,273003.0,183579.0,39.8
27652,33877,99162.0,262403.0,175721.0,52.8
27191,33240,91936.0,244925.0,163166.0,55.18
26965,32118,83988.0,225115.0,149259.0,45.27
27017,31746,73998.0,201558.0,132288.0,43.93
26991,31589,66531.0,182723.0,119204.0,62.13
26881,30955,60193.0,165902.0,108046.0,51.31
26938,30616,55689.0,153836.0,99876.0,61.23
26927,30733,55781.0,154098.0,99638.0,49.36
27115,29649,59521.0,165107.0,106369.0,41.2
25899,29509,65049.0,181501.0,116914.0,53.28
25890,29124,75324.0,211041.0,136274.0,53.73
25623,28338,88792.0,250200.0,161143.0,44.56
25004,28143,91632.0,259273.0,166659.0,41.39
23953,27483,80196.0,230740.0,145879.0,58.9
23963,26503,65047.0,188634.0,118404.0,60.88
23383,25370,56025.0,161746.0,102230.0,56.98
22992,24108,51104.0,149413.0,94328.0,55.88
22562,23903,44580.0,135928.0,84900.0,44.01
28532,36345,105031.0,279667.0,188866.0,53.53
174410,45967,157971.0,373321.0,230015.0,54.24
167283,43649,143829.0,350864.0,212196.0,47.63
181199,40652,140110.0,342985.0,207981.0,70.18
178820,39317,127651.0,318654.0,191755.0,55.45
176016,38770,121034.0,308579.0,183701.0,63.98
173310,37790,114011.0,297223.0,176054.0,57.66
170781,36828,108755.0,287448.0,169160.0,66.08
169866,35755,102132.0,271963.0,159102.0,75.63
169392,35546,98683.0,263999.0,154009.0,58.3
168852,35948,116284.0,296874.0,176230.0,46.66
169562,34857,125403.0,329869.0,190814.0,61.62
169307,34361,143700.0,381027.0,218231.0,58.84
167631,33950,155808.0,419706.0,238102.0,40.96
165515,33341,159522.0,442988.0,247950.0,43.72
161721,31894,136022.0,392382.0,214211.0,58.16
158437,30257,104998.0,301210.0,165994.0,54.79
154827,29127,88587.0,253578.0,140813.0,71.85
152186,27448,80938.0,234662.0,129450.0,59.21
150287,26433,77025.0,224764.0,123711.0,47.7
169278,35906,103462.0,271602.0,158850.0,45.73
28725,39784,73142.0,245600.0,143161.0,65.02
28682,37634,71532.0,239158.0,138740.0,46.42
28057,37468,67892.0,230865.0,132973.0,60.87
27642,35630,63264.0,217546.0,125373.0,63.27
27440,35692,59221.0,204385.0,118243.0,43.58
27310,35763,54638.0,188066.0,108588.0,48.82
27323,34199,49998.0,171689.0,98513.0,56.05
27217,32678,45468.0,156726.0,89943.0,49.81
27239,31467,41835.0,144776.0,83001.0,64.37
28662,30838,41181.0,142930.0,82290.0,48.39
28520,30769,43548.0,151634.0,87147.0,42.9
29085,30880,47199.0,165667.0,94994.0,56.52
29059,30670,55263.0,195462.0,111158.0,47.89
29055,30034,64116.0,230062.0,130114.0,43.04
28551,29425,65099.0,238114.0,133704.0,38.92
28118,29666,56210.0,210151.0,116695.0,54.2
27740,28489,45070.0,172548.0,95621.0,62.06
26972,27179,38656.0,148371.0,83449.0,57.52
26517,27106,35190.0,136742.0,77207.0,56.45
26080,26350,32498.0,126547.0,71715.0,43.83
606671,55572,158940.0,381371.0,239553.0,55.02
594469,51748,149940.0,363650.0,226942.0,56.2
583563,49685,142222.0,352359.0,218059.0,46.72
575211,48469,130338.0,333257.0,203203.0,58.95
568919,46778,115592.0,307048.0,183626.0,56.28
561714,45978,101082.0,277435.0,163714.0,48.55
552427,44484,90591.0,254934.0,148864.0,59.97
548424,44364,81038.0,233323.0,134018.0,46.16
545625,44153,73043.0,213833.0,121226.0,41.56
543376,43770,83155.0,234362.0,135837.0,39.19
555657,43111,92543.0,255523.0,149039.0,44.04
556213,42089,118133.0,309923.0,183791.0,60.34
552109,40975,150348.0,386364.0,232215.0,43.39
543050,39778,165982.0,429559.0,261044.0,41.61
531970,38287,141009.0,382825.0,225766.0,60.62
521422,37912,106765.0,295853.0,173318.0,54.77
507810,35280,88276.0,240490.0,143272.0,46.73
494102,33913,78598.0,213713.0,127895.0,56.31
485178,32798,71607.0,194480.0,117156.0,57.03
545184,44185,72713.0,211694.0,120477.0,50.45
1919644,54643,145703.0,454329.0,331833.0,61.36
1897976,52977,139619.0,443035.0,321243.0,53.0
1873970,51259,130404.0,422556.0,302043.0,67.98
1854513,49548,120629.0,401400.0,281879.0,52.77
1827367,48767,112315.0,380981.0,263397.0,52.54
1803903,47012,105888.0,365609.0,248511.0,58.14
1784715,45598,91706.0,327390.0,217878.0,64.03
1748066,43811,81642.0,298132.0,200405.0,55.14
1744922,43159,89597.0,312048.0,210529.0,54.73
1758494,42718,120309.0,396198.0,271227.0,53.95
1765707,42087,153661.0,505474.0,345161.0,54.05
1753162,41276,156292.0,526765.0,355442.0,46.03
1740987,39378,130611.0,452968.0,300050.0,58.46
1723131,37905,104862.0,364796.0,241251.0,47.98
1698425,35911,89580.0,310930.0,206370.0,61.53
1669153,34475,78721.0,275282.0,182073.0,57.26
1649925,33966,67651.0,243448.0,157649.0,62.26
1932212,59036,152726.0,472591.0,346539.0,53.37
1771099,45051,78130.0,288521.0,190500.0,67.51
1753162,44469,75887.0,282325.0,187486.0,50.31
14489,35191,45497.0,192165.0,109617.0,78.56
14067,33547,44104.0,187633.0,105470.0,45.64
15093,32746,42894.0,181446.0,102023.0,70.79
15001,32057,40933.0,170219.0,97400.0,56.64
14580,29059,37426.0,156127.0,88408.0,59.05
14549,30811,33790.0,139283.0,78370.0,56.03
14592,29911,30671.0,125716.0,70298.0,64.78
14621,29469,27510.0,113768.0,63742.0,68.41
14641,29194,24969.0,103803.0,57498.0,52.08
14685,27861,23684.0,100982.0,55304.0,39.9
14625,27999,24959.0,105078.0,58610.0,46.9
14601,27601,26606.0,112131.0,63444.0,63.23
14310,27291,31076.0,129667.0,73915.0,59.94
14477,27445,35993.0,154357.0,85963.0,38.67
14113,26709,35119.0,153622.0,83873.0,43.72
13945,24620,34333.0,136507.0,75834.0,62.58
187904,43356,157457.0,374727.0,239463.0,65.11
181770,40350,151832.0,364545.0,231399.0,55.01
177987,38922,144250.0,352075.0,222048.0,56.29
172720,37707,135281.0,338520.0,210380.0,57.34
170450,36356,124134.0,319442.0,195990.0,59.51
167141,35668,109351.0,292967.0,176089.0,54.69
164467,34559,98888.0,270950.0,161251.0,52.84
163679,34046,89537.0,252508.0,147542.0,57.07
163357,33218,78671.0,230292.0,130396.0,49.99
160463,32830,76505.0,228481.0,127322.0,46.4
159978,32414,84737.0,250638.0,140120.0,52.32
165455,32563,91920.0,269660.0,148316.0,45.38
165781,32927,112295.0,318681.0,175550.0,50.95
164584,32833,136697.0,384142.0,215102.0,33.33
160315,32370,153726.0,431550.0,245757.0,46.19
154030,31937,129332.0,376853.0,209002.0,59.04
156985,29998,101484.0,302260.0,166537.0,50.87
151994,25627,85256.0,255995.0,141413.0,62.89
148521,26119,75183.0,225485.0,124493.0,52.92
144571,25404,68833.0,205983.0,113859.0,50.5
149383,40328,119898.0,282260.0,178992.0,56.88
147744,38122,110157.0,265127.0,166272.0,55.2
145721,37288,102963.0,254560.0,158431.0,66.26
143801,36520,91292.0,233969.0,144371.0,50.72
143054,35475,80214.0,214776.0,129828.0,52.07
141501,35716,73815.0,202842.0,120496.0,48.54
140798,35142,68080.0,190453.0,111187.0,63.49
140519,35556,66989.0,189401.0,109318.0,48.71
140761,35470,64238.0,184903.0,105718.0,57.33
140956,35028,68007.0,197080.0,111847.0,48.13
141236,34679,77225.0,219961.0,125483.0,47.76
142609,33564,84895.0,238585.0,136394.0,49.31
142043,31664,100141.0,276564.0,159017.0,47.03
140124,31729,116816.0,316223.0,184402.0,50.04
136749,31438,119099.0,320931.0,189998.0,41.37
132635,30265,95934.0,268433.0,155574.0,54.18
129110,28582,77716.0,220004.0,126270.0,59.17
125804,27616,69493.0,198417.0,113798.0,61.85
123008,25958,64966.0,186094.0,106533.0,62.54
120471,25954,61665.0,176727.0,101631.0,50.45
219575,43236,179379.0,319123.0,235993.0,48.84
215246,40435,170115.0,306723.0,225746.0,46.96
212034,39490,159740.0,295686.0,214746.0,60.76
208549,38122,143903.0,274280.0,195884.0,65.52
205321,36742,131853.0,256032.0,180852.0,41.76
201277,35941,125142.0,247400.0,173767.0,46.29
197403,35055,120272.0,241756.0,168046.0,54.23
192843,33780,109742.0,226130.0,155355.0,51.66
192071,33430,102282.0,216546.0,147783.0,60.03
191143,32866,106748.0,223366.0,152757.0,46.45
190865,32238,121977.0,247241.0,170619.0,39.31
185208,31840,133806.0,268447.0,185510.0,58.4
185168,31297,152322.0,304916.0,210194.0,51.82
184644,31079,158444.0,321887.0,221757.0,45.54
176901,30475,151043.0,310426.0,212961.0,36.15
169623,29212,128367.0,267583.0,182034.0,55.76
163461,28033,112223.0,236615.0,160607.0,58.79
156011,26836,102024.0,215711.0,147022.0,53.47
149901,23610,96033.0,203816.0,138420.0,53.68
142838,22782,92316.0,197004.0,132883.0,48.83
387450,54807,212878.0,826251.0,410781.0,55.54
376706,50092,208762.0,810112.0,400032.0,63.78
367347,48697,208380.0,811747.0,401381.0,54.87
357470,46415,205042.0,808621.0,398250.0,71.2
350202,45427,202162.0,814250.0,398809.0,56.92
343802,44985,184859.0,763093.0,372009.0,53.74
336783,43934,163216.0,689113.0,331378.0,51.98
333663,43214,145540.0,625466.0,295766.0,52.41
329849,41778,130409.0,574133.0,265952.0,52.91
323785,40979,128649.0,571642.0,261676.0,46.18
321520,40820,137526.0,607380.0,278448.0,49.94
333032,39808,150813.0,654718.0,300679.0,48.71
332854,40178,191486.0,782176.0,372004.0,58.26
333858,41300,236690.0,936225.0,454955.0,44.91
326658,39320,258761.0,1024306.0,499327.0,45.07
317788,38211,209233.0,875968.0,410002.0,57.73
306186,34856,158525.0,673379.0,310203.0,48.87
292466,33235,139821.0,594391.0,270039.0,61.18
277457,31507,125428.0,542664.0,243207.0,53.94
264475,30839,112927.0,491034.0,219508.0,59.01
70492,39137,79430.0,245105.0,149552.0,44.12
69721,38204,76878.0,238455.0,145083.0,58.65
68943,37443,72657.0,227416.0,137164.0,55.08
68566,35681,67322.0,211452.0,126714.0,48.0
68163,35620,61194.0,193082.0,115485.0,48.89
67826,34888,55348.0,176018.0,104788.0,66.34
67489,34054,49904.0,160078.0,94729.0,55.4
67729,33535,45563.0,147023.0,86647.0,64.13
67528,33289,45599.0,146495.0,86528.0,48.9
67531,33989,48587.0,155935.0,92225.0,45.45
66409,32912,52325.0,169229.0,99810.0,51.06
66121,32132,60691.0,198214.0,116604.0,49.94
65373,31779,65968.0,217676.0,127775.0,40.34
63538,31361,59365.0,202884.0,117449.0,42.35
61466,30196,47996.0,170107.0,95764.0,57.94
60453,28820,40352.0,145490.0,81272.0,63.77
58890,27339,38504.0,141853.0,80003.0,59.32
58372,26780,35554.0,132991.0,75047.0,52.96
57066,26720,32721.0,123045.0,69430.0,43.34
70617,41138,82130.0,252532.0,154936.0,56.83
37082,40772,82581.0,239968.0,140768.0,52.6
36065,37922,77521.0,228442.0,132760.0,51.46
35520,36489,73222.0,216366.0,124503.0,57.06
35621,35633,67280.0,200455.0,114675.0,59.5
35141,34618,62671.0,186700.0,107123.0,58.48
34777,34549,59772.0,176112.0,102468.0,57.72
34426,33988,54950.0,163614.0,95021.0,54.09
34367,33426,51066.0,152338.0,87920.0,57.76
34408,32839,47293.0,141900.0,81647.0,51.96
34708,31936,48007.0,144520.0,83205.0,47.46
34862,31639,51835.0,156334.0,89884.0,54.08
34792,30846,57213.0,173550.0,99199.0,45.52
34487,29661,68559.0,208624.0,118857.0,50.96
33983,29214,81389.0,248556.0,141580.0,36.63
33164,27991,83126.0,255434.0,144879.0,42.23
32606,26143,70392.0,220144.0,122727.0,59.91
34105,25919,56332.0,176526.0,98388.0,57.32
33713,23890,48347.0,150063.0,84611.0,57.85
32798,23382,44054.0,136517.0,77203.0,59.21
32736,22139,40246.0,124331.0,70630.0,54.68
16663,36307,51698.0,193839.0,97936.0,55.24
16610,34574,51264.0,191448.0,98109.0,61.14
16489,35228,49435.0,186681.0,94911.0,81.05
16726,34590,45797.0,175911.0,87778.0,61.5
16773,33367,42433.0,163093.0,81715.0,60.94
16468,32106,38525.0,149610.0,74693.0,60.18
16356,32077,34235.0,135503.0,67277.0,65.56
16263,29422,31073.0,124956.0,60866.0,61.22
16298,29191,27457.0,113829.0,53996.0,66.67
16385,28641,25679.0,111222.0,51551.0,43.16
16422,28556,26050.0,116359.0,52839.0,53.5
16221,27947,27294.0,125546.0,56264.0,56.36
15963,28072,32288.0,151598.0,69035.0,49.24
15808,27371,37884.0,179799.0,81841.0,39.25
15677,27270,38450.0,185790.0,84602.0,40.59
15377,27247,32774.0,161366.0,73277.0,61.17
14928,26204,26134.0,128090.0,59039.0,62.46
14688,24927,21830.0,106400.0,50130.0,52.37
14459,28088,19137.0,95035.0,45115.0,54.82
14059,24693,16830.0,85482.0,40619.0,44.62
982080,58829,131192.0,330519.0,215168.0,53.35
970672,54919,122599.0,313576.0,202300.0,44.04
952861,53569,114996.0,302858.0,191778.0,51.85
936811,51828,104649.0,283441.0,176524.0,59.25
923647,50569,94080.0,262793.0,161710.0,40.36
905574,49682,86205.0,247792.0,150663.0,45.41
890066,48811,81519.0,238997.0,143966.0,56.02
876075,47481,74413.0,222494.0,131591.0,51.56
869729,47027,67638.0,203676.0,119690.0,59.21
864601,45556,70822.0,210080.0,126603.0,45.87
864263,45084,84653.0,237716.0,147384.0,32.25
900518,44006,96069.0,261691.0,163053.0,58.76
904971,43724,110982.0,299800.0,187411.0,51.72
897597,43641,121071.0,330332.0,205031.0,44.11
879235,42232,118236.0,327136.0,201353.0,34.2
861150,40095,101231.0,281733.0,172506.0,55.47
840474,38635,87857.0,244116.0,149982.0,53.31
826279,37027,79657.0,218558.0,135230.0,47.5
809394,35279,73684.0,201557.0,124501.0,52.09
793898,33721,68486.0,186956.0,115354.0,47.68
323714,48852,98274.0,309547.0,168752.0,55.16
321134,45766,92983.0,293979.0,158835.0,50.54
318560,44262,86257.0,280632.0,149554.0,76.28
313381,42975,78259.0,261705.0,138010.0,81.89
309986,41637,72118.0,245901.0,128079.0,57.47
306944,40964,68329.0,234038.0,121311.0,66.45
303907,39354,65183.0,226059.0,116676.0,66.69
301120,38146,62597.0,218064.0,112177.0,63.32
299511,38406,60619.0,212204.0,108368.0,58.33
299261,37808,63141.0,215058.0,112440.0,43.26
297619,36730,72125.0,235842.0,125712.0,55.89
312980,36512,75642.0,245805.0,130382.0,79.39
313480,35512,84334.0,273104.0,143792.0,57.32
311775,34710,92238.0,301134.0,158039.0,53.95
309647,33754,93820.0,316114.0,162864.0,45.59
303623,32643,80596.0,276889.0,140211.0,71.47
307226,30972,67056.0,226682.0,115823.0,69.9
303310,29692,61928.0,207628.0,107497.0,69.71
299485,28905,59776.0,199261.0,103902.0,63.84
296709,28610,58047.0,194095.0,101221.0,51.27
114173,38521,191226.0,378523.0,246511.0,69.11
110635,36114,184299.0,368140.0,238693.0,51.5
107511,35493,174543.0,355159.0,228360.0,63.98
105157,34017,165747.0,343847.0,218489.0,62.41
103095,33180,152995.0,325329.0,203467.0,44.06
101353,32929,140434.0,308628.0,189903.0,45.03
99121,31443,133015.0,297227.0,180964.0,60.81
97843,31425,117527.0,270036.0,161684.0,53.6
97160,31196,103914.0,248022.0,145605.0,49.02
96241,30832,106824.0,257498.0,149401.0,45.96
95696,30883,115166.0,277186.0,160561.0,38.36
94901,30493,126328.0,308881.0,177195.0,52.31
95512,30417,155039.0,378011.0,218935.0,51.85
93568,30467,183615.0,442905.0,258531.0,50.06
89075,30351,197179.0,474372.0,278530.0,32.89
78617,32112,167448.0,410589.0,236772.0,64.55
69683,30824,132898.0,332036.0,188592.0,59.11
61541,28129,110884.0,280438.0,159561.0,55.86
56785,26374,97615.0,248459.0,143048.0,55.72
53061,24706,91093.0,231279.0,133094.0,58.52
11864,34854,125352.0,613098.0,297789.0,53.02
12273,33123,119341.0,595731.0,286833.0,45.87
12009,31600,115022.0,579004.0,279491.0,64.79
12161,30667,109182.0,550840.0,266930.0,54.77
11916,30217,102786.0,520776.0,252309.0,52.4
11840,30141,99614.0,502918.0,244674.0,53.11
11794,29364,95871.0,491428.0,238392.0,61.67
11562,29060,90796.0,474115.0,229647.0,64.97
11530,28284,84428.0,450787.0,215018.0,56.58
11527,28100,84505.0,463362.0,215380.0,39.97
11549,28528,89145.0,496056.0,226158.0,50.67
12414,29039,96794.0,547398.0,244389.0,63.13
12331,28215,113888.0,653042.0,287706.0,48.44
12249,27186,134805.0,778688.0,342517.0,36.57
11916,27067,138944.0,809643.0,354566.0,45.83
10845,26108,118796.0,703958.0,303326.0,58.09
10649,24214,92129.0,550323.0,235000.0,48.99
10480,22843,76263.0,453680.0,195131.0,68.15
10161,21636,65985.0,397146.0,171315.0,63.32
11197,20860,57824.0,350372.0,152064.0,52.71
46277,36775,45987.0,228342.0,109267.0,39.11
47828,36571,44937.0,222360.0,107057.0,73.16
48263,35395,42600.0,209770.0,102575.0,51.33
48486,33748,40558.0,197449.0,97462.0,56.13
48315,33367,37472.0,181920.0,89776.0,48.4
48096,33021,34669.0,167167.0,82372.0,63.31
47588,31989,31968.0,153102.0,75867.0,64.3
47506,32196,29755.0,142006.0,70715.0,47.95
48200,31964,29562.0,141091.0,70421.0,36.66
46389,30919,31663.0,150959.0,75560.0,44.81
50046,31227,34730.0,166139.0,82995.0,51.77
50611,30676,41578.0,196841.0,99115.0,61.62
49398,30176,49295.0,234157.0,118017.0,37.26
48195,28655,51477.0,246024.0,123983.0,42.18
47713,27407,45378.0,219989.0,110339.0,68.19
46857,26457,37258.0,181323.0,91360.0,54.84
46491,25771,32203.0,156046.0,80015.0,52.75
45911,25380,29163.0,142230.0,73736.0,55.27
45284,23909,27038.0,132142.0,69460.0,53.35
46226,38354,48384.0,237603.0,115883.0,60.04
18269,41772,95191.0,278125.0,179166.0,58.4
17766,34778,92142.0,267779.0,174032.0,58.04
17424,33200,89483.0,260710.0,169141.0,74.56
17224,33378,83300.0,245573.0,158781.0,60.15
16848,33264,77847.0,230191.0,148595.0,55.14
16839,32273,71266.0,212438.0,136997.0,56.16
16853,31880,65541.0,194797.0,125351.0,64.1
16880,31088,59106.0,177648.0,114359.0,58.45
16946,30018,53679.0,161465.0,104423.0,63.39
16983,29733,53312.0,161255.0,103786.0,43.8
16939,29997,56409.0,172116.0,110131.0,50.26
17393,30232,60125.0,186464.0,119252.0,54.04
17256,29905,66039.0,214663.0,134503.0,45.69
17106,27821,76534.0,251079.0,158158.0,38.52
16703,27359,78323.0,260269.0,163804.0,37.96
16221,26692,67681.0,229107.0,143074.0,57.06
15900,26260,54311.0,186645.0,116527.0,64.08
15517,24512,46674.0,161372.0,100603.0,53.17
15023,23400,42219.0,148048.0,91690.0,55.35
14699,23345,38180.0,137066.0,84185.0,45.41
13609,46277,73685.0,243350.0,136068.0,51.95
13121,43901,70557.0,235349.0,130889.0,52.1
13002,42009,67617.0,226258.0,125657.0,45.35
13087,41206,64290.0,214596.0,118881.0,52.69
13047,39552,60896.0,204330.0,112462.0,57.17
12853,38755,57617.0,194639.0,107141.0,51.47
12852,37067,53358.0,182749.0,100585.0,51.63
12658,35764,48988.0,168571.0,92620.0,53.71
12671,35408,45261.0,156662.0,86064.0,50.7
12812,37164,44873.0,156524.0,85785.0,46.06
12884,36194,47657.0,167523.0,91479.0,50.23
11311,36137,51432.0,182275.0,99014.0,48.16
11323,34245,60766.0,214555.0,116729.0,58.01
11055,32780,71985.0,255020.0,138237.0,37.36
10796,31221,73254.0,262380.0,141652.0,39.34
10729,28835,62727.0,229116.0,121835.0,55.82
10733,24976,50030.0,183575.0,96986.0,50.67
10729,23208,42355.0,157077.0,83496.0,49.52
10664,22633,37853.0,143554.0,75891.0,56.0
10612,24048,34130.0,132785.0,68927.0,54.28
14724,42426,97029.0,480464.0,217447.0,53.54
13082,39193,93142.0,461016.0,208579.0,48.12
16499,36906,90589.0,447906.0,203035.0,65.6
16297,35146,85229.0,420223.0,190897.0,56.32
16628,34341,79778.0,392459.0,178299.0,56.16
16346,34912,75313.0,370982.0,168498.0,55.72
16543,34181,71228.0,350702.0,159318.0,64.4
16106,33292,66673.0,332256.0,149603.0,68.21
15907,33159,61682.0,310051.0,138386.0,55.06
15789,32590,60797.0,309916.0,136790.0,42.27
15863,32220,64508.0,333429.0,145286.0,50.56
16798,32092,69789.0,366467.0,157751.0,65.43
16923,32145,82979.0,438701.0,187620.0,51.61
16815,30835,99077.0,525396.0,224020.0,38.53
16509,29949,103226.0,548183.0,233136.0,45.97
16479,28999,88338.0,476112.0,199731.0,59.21
16171,27664,68623.0,371995.0,155427.0,50.72
15615,26188,56066.0,304495.0,127856.0,70.24
15202,25737,49186.0,268740.0,112533.0,62.18
14952,25735,41788.0,236790.0,96365.0,50.4
14570,50848,48330.0,181336.0,99904.0,62.12
14600,44614,46121.0,174027.0,96153.0,40.31
14621,45410,44345.0,165653.0,92377.0,64.79
14663,42886,43359.0,159279.0,89450.0,49.89
14665,38215,41532.0,154111.0,84156.0,47.61
14630,39651,35973.0,137976.0,75314.0,51.6
14351,41824,32307.0,124414.0,67218.0,69.17
14507,40587,29615.0,113484.0,61141.0,58.29
14836,40287,27015.0,103359.0,55619.0,60.44
14744,39119,26840.0,102860.0,55117.0,45.89
14799,39128,28268.0,109213.0,57824.0,47.1
14783,41653,30173.0,117954.0,63586.0,52.09
14779,36688,36172.0,141139.0,74908.0,48.99
14705,35608,41983.0,166847.0,87940.0,40.22
14517,36516,43262.0,173554.0,91396.0,39.9
14315,35951,37219.0,151916.0,79599.0,57.81
14303,34585,29575.0,121914.0,64574.0,61.23
14025,31990,24104.0,103400.0,54911.0,60.38
13925,30331,21456.0,93735.0,49478.0,48.8
13731,31378,19158.0,87132.0,44681.0,42.72
27443,37761,62471.0,245240.0,123034.0,51.2
27385,35948,60498.0,239002.0,119012.0,51.58
27296,34934,58881.0,232092.0,115826.0,55.85
27426,34226,55591.0,218631.0,109193.0,59.92
27637,33283,52415.0,203507.0,103043.0,55.32
27645,31846,47837.0,187241.0,94433.0,58.37
27712,30806,43307.0,171081.0,86359.0,56.38
27682,29632,38917.0,153769.0,77412.0,54.47
27762,29821,35921.0,141897.0,71729.0,51.6
27653,28940,36075.0,142661.0,72447.0,48.85
27731,27770,37035.0,149661.0,74595.0,53.86
28333,28118,39189.0,160840.0,79367.0,52.14
27909,28463,45914.0,187884.0,93300.0,49.63
27520,27305,53675.0,221482.0,109202.0,39.48
27186,26632,54988.0,229402.0,112300.0,42.19
27333,26413,47691.0,202005.0,98132.0,58.92
27787,25940,38778.0,165297.0,80486.0,57.55
27400,24761,32748.0,142479.0,69609.0,58.46
27437,24389,29874.0,132285.0,64447.0,60.87
26921,23461,26877.0,121738.0,59268.0,53.85
40953,42744,82044.0,234937.0,140743.0,51.65
40120,39935,78072.0,225105.0,134123.0,54.75
39586,40841,72231.0,212394.0,124771.0,43.25
39057,37041,66215.0,197818.0,115275.0,53.87
38370,37102,62215.0,187293.0,109007.0,55.03
38096,37523,59091.0,176635.0,104592.0,54.15
37895,35585,54613.0,163991.0,96884.0,49.59
37808,35353,50393.0,150899.0,89439.0,49.38
38132,34784,47069.0,140595.0,83538.0,44.08
38908,31929,47444.0,142486.0,84591.0,47.38
39140,32946,51254.0,154807.0,92035.0,51.48
41320,29098,56417.0,170442.0,101383.0,51.27
41216,29950,66681.0,202644.0,120449.0,58.04
39651,30891,79086.0,240848.0,143005.0,39.64
38678,28556,80945.0,247486.0,146563.0,38.45
38376,26882,69013.0,213687.0,125125.0,59.74
37394,26487,55447.0,171946.0,101018.0,49.78
36511,24916,47705.0,146586.0,87253.0,50.41
36154,24133,43339.0,133758.0,79687.0,56.73
36302,23189,39250.0,122152.0,72458.0,56.86
192186,40932,145422.0,270391.0,196158.0,49.22
188358,38093,132500.0,250378.0,180285.0,57.27
185604,37411,121423.0,234188.0,166839.0,63.12
181882,35749,107304.0,213217.0,150539.0,50.72
179503,34330,93665.0,194152.0,135148.0,50.63
176819,33813,82952.0,176895.0,121423.0,51.81
174955,33127,76001.0,165824.0,111859.0,64.21
173808,32141,68607.0,154111.0,101017.0,50.86
173104,31953,63997.0,146233.0,94124.0,59.86
173078,31149,66870.0,153083.0,97759.0,49.15
172778,30767,77448.0,175394.0,112226.0,44.85
165048,30751,89614.0,197722.0,127148.0,49.08
164907,30133,113301.0,244175.0,158493.0,44.56
162193,29328,139375.0,298958.0,196041.0,45.85
157006,28990,147088.0,314319.0,208616.0,41.94
150784,28325,122874.0,270932.0,177148.0,53.93
145207,27081,95186.0,216290.0,138554.0,59.68
140670,26442,82778.0,188909.0,120619.0,65.98
136484,25349,76599.0,175712.0,111022.0,62.06
132762,24973,71620.0,165315.0,104183.0,49.84
104834,37952,97807.0,235696.0,151004.0,49.12
103434,35661,90420.0,222503.0,142119.0,49.56
102525,34535,83646.0,209331.0,133343.0,53.6
102138,33819,75874.0,196745.0,123225.0,55.74
101531,32840,67419.0,182619.0,111138.0,57.73
100748,32515,60931.0,171014.0,101792.0,57.12
99818,31284,56092.0,159952.0,93088.0,56.3
99092,30831,52096.0,150447.0,87004.0,57.03
98955,29618,52477.0,150847.0,87398.0,51.76
98712,29287,56630.0,163066.0,94728.0,42.75
98786,29786,62447.0,180854.0,103839.0,50.97
99713,28651,69526.0,199660.0,116737.0,42.31
100207,27692,77747.0,220753.0,142365.0,51.91
98727,28315,90815.0,258634.0,166917.0,38.19
96672,27538,89387.0,257917.0,168929.0,39.27
93456,25795,67698.0,204503.0,130068.0,57.44
92057,24487,52492.0,160196.0,99779.0,58.05
90393,23299,45678.0,138174.0,86586.0,53.56
89038,23210,42846.0,129239.0,81673.0,62.54
88212,22852,40425.0,121454.0,77117.0,54.21
1444870,56407,169725.0,376264.0,247272.0,61.31
1408864,54564,160880.0,363192.0,236887.0,61.8
1379302,52651,146879.0,342102.0,220795.0,51.97
1352797,51197,132127.0,318934.0,202895.0,56.94
1325563,49914,119723.0,298035.0,186700.0,57.41
1301887,48388,111059.0,284034.0,175611.0,58.91
1276410,47408,99170.0,263306.0,159735.0,53.38
1256118,46893,86651.0,235716.0,140864.0,55.39
1238951,46078,86940.0,235119.0,141518.0,53.81
1229226,45133,98929.0,256979.0,158199.0,47.69
1196892,44722,110783.0,276440.0,172738.0,57.09
1200541,43298,141847.0,337068.0,216326.0,46.69
1192861,41756,169458.0,404269.0,261395.0,41.57
1164425,40397,168680.0,411779.0,262387.0,45.02
1131546,38450,136586.0,340917.0,214419.0,52.64
1108435,37448,112500.0,282883.0,179140.0,65.11
1079587,35777,98988.0,250146.0,158587.0,61.49
1055617,33936,89970.0,230167.0,144663.0,61.95
1026906,32874,82755.0,213081.0,133856.0,53.13
1478759,60937,180656.0,394578.0,260960.0,54.4
20001,33786,65990.0,205559.0,113748.0,53.33
20049,32762,64129.0,194319.0,109341.0,47.82
20133,31553,61241.0,187505.0,105501.0,76.26
20210,31061,55914.0,175432.0,98282.0,61.29
20003,29309,50598.0,162783.0,89899.0,58.86
19902,29774,45775.0,149792.0,81849.0,68.44
20025,29068,41014.0,137448.0,74113.0,65.18
20022,27963,36952.0,125191.0,67265.0,79.13
19984,27700,33731.0,115261.0,61519.0,59.01
19901,27108,33278.0,114758.0,60973.0,43.85
19927,26951,35490.0,121485.0,64501.0,46.35
19857,27228,38576.0,133935.0,70334.0,78.55
19757,26701,44486.0,156766.0,82070.0,58.8
19464,26722,52078.0,185186.0,96393.0,50.39
19502,25643,53584.0,192909.0,99549.0,43.11
19157,24946,47260.0,172893.0,88421.0,60.22
19012,24428,39004.0,144633.0,73974.0,63.84
18940,23261,34680.0,127268.0,66103.0,67.01
18708,22566,31613.0,116088.0,60652.0,62.96
18714,22259,27702.0,102361.0,54988.0,50.2
158834,47130,159524.0,480687.0,248283.0,71.71
154939,43902,152056.0,463058.0,237197.0,52.03
151825,42879,146163.0,453979.0,230917.0,43.48
148962,41571,134055.0,426998.0,214954.0,58.1
146410,40903,120810.0,401127.0,197812.0,61.53
143326,40170,107503.0,370242.0,180037.0,49.83
140955,38754,97731.0,343493.0,164635.0,51.32
139586,37075,89451.0,321164.0,151720.0,45.24
139446,37121,79629.0,293748.0,135698.0,46.97
138694,35320,81276.0,299708.0,139144.0,51.87
138028,35191,91302.0,331029.0,154422.0,40.18
141634,35937,99138.0,351260.0,163866.0,40.12
141667,36557,124279.0,420920.0,199154.0,58.83
139757,35901,154677.0,510303.0,245940.0,45.36
135262,33823,171392.0,562933.0,274946.0,36.26
130043,32591,145657.0,494924.0,235382.0,58.27
126829,31812,112140.0,391998.0,182798.0,57.98
121174,29546,95943.0,336743.0,156201.0,52.96
118149,28444,86976.0,306841.0,141095.0,57.93
115716,27900,79969.0,280706.0,129902.0,51.99
46969,36652,56139.0,201847.0,107864.0,43.59
50435,35620,54925.0,197463.0,105216.0,72.75
50418,34473,52097.0,187435.0,99742.0,54.65
50345,33911,48572.0,174823.0,93212.0,56.72
50458,33499,44203.0,159517.0,85642.0,58.24
50231,32773,39890.0,144935.0,77428.0,61.29
50166,32151,36339.0,132367.0,70572.0,67.27
49847,31776,33507.0,121986.0,65312.0,51.75
49964,31570,33633.0,121834.0,65377.0,38.68
49746,31065,35868.0,129708.0,69938.0,43.59
52637,31045,39300.0,142552.0,77171.0,62.84
52639,29839,46026.0,167868.0,90779.0,63.11
50416,29338,54035.0,198784.0,107085.0,36.99
50246,28114,56074.0,207558.0,111809.0,41.05
49691,27760,49228.0,184217.0,99090.0,61.05
48870,25836,40502.0,151434.0,82222.0,53.2
48991,26333,35524.0,131872.0,72812.0,54.58
47707,24050,32993.0,121993.0,68320.0,70.14
47495,23964,30066.0,112399.0,63403.0,49.53
46587,38877,58378.0,206965.0,110893.0,64.5
14394,35762,84155.0,329761.0,172632.0,67.58
14776,34984,82138.0,321549.0,170769.0,40.18
14733,33905,78120.0,303328.0,163111.0,74.03
14611,33246,73574.0,289141.0,154652.0,49.93
14498,33280,68270.0,266335.0,142717.0,59.78
14519,32223,61437.0,239326.0,127576.0,47.77
14597,31216,53913.0,214658.0,113587.0,65.83
14554,30576,48460.0,194757.0,103251.0,66.14
14478,29741,43019.0,176632.0,93266.0,56.1
14666,28395,40802.0,171933.0,89829.0,39.6
14761,28646,41967.0,178796.0,93269.0,50.5
14677,29679,45403.0,192537.0,100997.0,52.98
14553,28867,54436.0,230446.0,120545.0,52.77
14494,29110,63910.0,272518.0,142161.0,36.49
14353,28136,65442.0,282748.0,147387.0,39.51
14233,26767,57681.0,251042.0,130423.0,63.11
14064,25698,45976.0,203015.0,104971.0,57.35
13552,24291,39892.0,176741.0,90916.0,64.78
13261,23414,35351.0,159786.0,81653.0,51.58
13043,22623,30812.0,140812.0,72849.0,48.4
8690,35940,71253.0,230940.0,139490.0,54.45
8482,33309,67485.0,222833.0,131191.0,52.32
8501,33359,65148.0,215325.0,126741.0,75.41
8479,31804,60585.0,203457.0,117715.0,57.11
8621,31049,55537.0,186743.0,107857.0,56.1
8664,29526,49788.0,173288.0,98405.0,51.39
8696,29619,43587.0,158662.0,85604.0,70.56
8618,28856,39153.0,146112.0,78739.0,59.49
8663,28781,33520.0,131047.0,68998.0,68.84
8752,27687,32640.0,128253.0,67935.0,45.09
8870,28134,34690.0,139258.0,72931.0,51.67
8183,28135,37166.0,158232.0,81236.0,54.16
8287,27333,45892.0,181925.0,101016.0,52.24
8215,26768,52682.0,210435.0,117416.0,41.26
8060,25729,53671.0,219559.0,121723.0,40.99
7971,24478,46191.0,191316.0,106568.0,59.59
7535,24481,37516.0,156675.0,88175.0,62.22
7353,23591,32137.0,135026.0,77040.0,59.54
7205,21330,29129.0,121198.0,70170.0,54.35
7057,21192,26981.0,113588.0,65247.0,42.4
366742,42016,170192.0,344883.0,245630.0,53.48
357247,39064,158739.0,326774.0,231668.0,51.09
342917,38237,148989.0,312115.0,219648.0,56.87
331724,36597,137155.0,293966.0,203746.0,57.25
323985,36000,125510.0,276163.0,188816.0,46.6
316569,35531,115684.0,259557.0,175998.0,47.46
309736,34204,108708.0,248208.0,166925.0,54.86
303317,33393,98655.0,228355.0,151927.0,48.59
299677,32720,89373.0,210594.0,137279.0,46.38
298265,32373,91473.0,212832.0,138682.0,47.87
297047,32219,102674.0,237244.0,153634.0,45.23
291993,31876,115703.0,263459.0,170524.0,49.7
288379,32369,145385.0,328802.0,214442.0,50.83
286499,31682,169787.0,386098.0,253987.0,42.41
276783,32269,171725.0,395617.0,260646.0,38.04
263017,30872,140195.0,329426.0,213535.0,58.55
251878,28996,110920.0,259699.0,169596.0,53.67
240716,27702,99925.0,233311.0,152747.0,55.71
231072,26632,94095.0,221294.0,143782.0,66.47
220323,25917,89287.0,211430.0,136424.0,51.14
750493,49795,170022.0,451023.0,264492.0,48.33
735148,46190,164258.0,438653.0,255397.0,59.03
713903,44827,160874.0,434970.0,252039.0,51.96
698468,43501,153871.0,425580.0,243484.0,63.5
680539,41884,145525.0,415738.0,233284.0,58.72
665845,40921,130637.0,386918.0,212118.0,56.73
653485,39616,116442.0,355103.0,190462.0,49.44
643367,38883,103908.0,327458.0,171335.0,52.51
618754,37602,87444.0,301960.0,146116.0,48.39
615124,37641,98755.0,333128.0,163849.0,45.05
623725,37866,138893.0,422511.0,225660.0,51.7
615741,37658,188852.0,548500.0,305385.0,36.39
585608,37065,211948.0,615275.0,347379.0,45.12
549442,35649,167753.0,506833.0,278765.0,66.93
521253,33932,131845.0,405748.0,218318.0,52.04
495088,31523,115723.0,357459.0,191978.0,61.46
475073,30324,102234.0,317331.0,170265.0,51.45
454918,29432,92478.0,285461.0,153596.0,48.54
638029,38628,90988.0,298576.0,150153.0,45.63
625310,38192,85253.0,289877.0,141450.0,49.34
299484,49865,113710.0,331396.0,204846.0,55.89
296499,46524,107787.0,318156.0,195087.0,38.61
292332,45272,103163.0,309742.0,188269.0,74.17
287899,44297,96437.0,295004.0,177640.0,51.02
287671,42887,90396.0,278805.0,167206.0,58.5
284443,42217,87280.0,269697.0,160779.0,49.97
281292,41113,85963.0,264273.0,158105.0,66.21
278377,40253,83648.0,257285.0,153588.0,66.55
277670,40087,82052.0,248305.0,148251.0,53.5
276278,39677,87024.0,258002.0,155241.0,36.4
275487,39561,97440.0,283172.0,170634.0,50.28
274803,39145,102722.0,296806.0,178654.0,54.16
274892,38517,114325.0,330238.0,197690.0,56.9
272896,37585,124463.0,359902.0,214867.0,39.94
272497,36033,121973.0,355501.0,212076.0,43.81
271111,34541,107181.0,314505.0,187362.0,64.85
263896,33578,92760.0,272755.0,162871.0,54.69
255500,32069,82254.0,241794.0,144834.0,58.24
248039,31432,74792.0,220145.0,131783.0,54.7
244208,30287,70366.0,207335.0,123704.0,55.82
41699,35568,76519.0,246958.0,143863.0,56.6
41330,33640,73488.0,238131.0,138428.0,58.54
41054,32670,69978.0,229415.0,132701.0,71.86
41015,31512,67519.0,220073.0,127813.0,56.3
40553,30912,65013.0,210186.0,122366.0,50.34
40448,30101,61340.0,199656.0,115071.0,54.54
40473,29272,56509.0,185381.0,106642.0,60.13
40304,28875,52174.0,171291.0,98095.0,55.23
40339,28491,48199.0,159196.0,90417.0,60.15
40767,27900,48589.0,159858.0,91112.0,41.28
40801,27598,51511.0,169736.0,96303.0,49.06
40674,27281,56101.0,186175.0,104660.0,51.67
40817,27627,65545.0,219895.0,122896.0,40.15
40045,26818,77673.0,262551.0,146032.0,43.04
38981,26122,81624.0,290478.0,155126.0,39.26
37985,24975,65956.0,253675.0,126640.0,58.26
37486,24502,52135.0,229223.0,107406.0,64.81
36664,22817,43686.0,195212.0,93131.0,53.05
36013,21438,39587.0,178057.0,85311.0,56.95
35118,21665,36135.0,163205.0,78798.0,49.32
8575,40072,50692.0,204421.0,115010.0,48.86
8772,38746,48932.0,201160.0,112503.0,45.2
8915,39206,45928.0,191762.0,105908.0,69.73
8719,36395,42223.0,176702.0,98092.0,56.35
8736,34507,39148.0,164883.0,89930.0,56.46
8698,34427,35492.0,146984.0,79628.0,53.78
8668,33566,32069.0,138094.0,73227.0,65.12
8483,32127,29719.0,128663.0,67702.0,65.67
8519,30322,26732.0,116734.0,62054.0,51.81
8370,31181,26285.0,113817.0,61193.0,38.6
8365,33999,27782.0,118569.0,64273.0,49.27
8220,35193,28560.0,122222.0,67662.0,62.14
8158,34318,34881.0,150797.0,82165.0,56.39
7772,33801,41730.0,180240.0,101078.0,38.54
18954,35194,52273.0,219025.0,110082.0,52.32
19570,33283,50223.0,213841.0,107707.0,43.04
19473,32979,49107.0,212052.0,105549.0,72.26
19377,32067,46240.0,198287.0,99675.0,50.55
19238,31774,42630.0,180887.0,90315.0,53.48
19200,32062,37653.0,163030.0,80572.0,50.72
19303,31479,33145.0,144728.0,71584.0,67.65
19395,29842,30209.0,132099.0,65455.0,63.33
19224,29119,29561.0,129103.0,63529.0,49.57
20333,28715,32127.0,141992.0,68864.0,52.48
20152,28039,37150.0,166218.0,80215.0,53.54
19944,27233,43164.0,196055.0,93643.0,36.74
19814,26033,44660.0,205174.0,97601.0,37.71
19696,24611,38908.0,181999.0,85572.0,61.66
19498,24014,31712.0,150644.0,70676.0,61.39
19139,22370,26188.0,128713.0,59835.0,64.05
18932,21403,23895.0,119416.0,54958.0,47.77
18862,20837,22601.0,112761.0,52812.0,41.95
19227,29605,27452.0,121255.0,59870.0,58.29
19298,29237,27594.0,120939.0,59291.0,43.6
398503,47554,187800.0,485009.0,308325.0,52.32
387414,44309,180717.0,471077.0,297662.0,52.9
377826,43043,175197.0,462847.0,291282.0,58.12
368782,41597,167213.0,452713.0,282599.0,60.8
357591,40913,156078.0,434925.0,268303.0,58.52
349334,39444,142259.0,409934.0,248962.0,55.93
339545,37931,129782.0,385734.0,231081.0,59.79
333880,37320,115151.0,349889.0,207114.0,56.39
330302,36998,103987.0,321049.0,185251.0,53.58
325905,36948,102138.0,315146.0,178895.0,46.67
322833,35939,114889.0,342709.0,195412.0,48.72
318404,34885,126257.0,368781.0,209890.0,51.92
317699,34923,159402.0,444957.0,257077.0,47.25
315890,34792,199685.0,553606.0,319115.0,39.41
308325,33744,213606.0,607151.0,351499.0,49.31
304364,31906,177271.0,516607.0,291964.0,55.27
295242,30503,142868.0,418963.0,235676.0,59.33
286884,29217,123781.0,364177.0,206153.0,69.03
277362,28561,110647.0,326456.0,184851.0,59.48
270771,26629,100158.0,294064.0,166657.0,54.91
368135,41925,116199.0,257430.0,170377.0,54.52
360421,39544,107758.0,245198.0,160650.0,50.52
353898,38265,98763.0,231697.0,150330.0,63.97
349267,37233,89709.0,218024.0,139642.0,60.84
345749,37092,80339.0,203557.0,127054.0,46.92
341205,35784,73682.0,193654.0,118117.0,50.37
337455,34811,68898.0,183602.0,111208.0,59.65
335008,34425,64398.0,172419.0,104008.0,51.44
332989,33841,60681.0,164174.0,97680.0,52.99
331745,33475,64065.0,173604.0,102981.0,48.95
331303,33014,74018.0,195751.0,118386.0,49.2
330440,32724,84985.0,217941.0,134017.0,51.86
329418,32579,103048.0,256570.0,159785.0,49.75
325023,31623,117155.0,290799.0,182532.0,50.15
315074,31330,115191.0,288549.0,181630.0,37.92
304926,30008,89239.0,233263.0,144607.0,58.52
293317,29013,72561.0,191313.0,117844.0,63.17
281966,27840,64836.0,171864.0,105765.0,54.17
271096,26628,60942.0,162204.0,99228.0,59.94
264277,26012,59640.0,158926.0,97364.0,48.44
161301,47081,176405.0,559726.0,355182.0,50.06
158598,43626,167539.0,535342.0,338967.0,59.49
155556,42308,160672.0,521714.0,330500.0,46.83
153022,41252,150103.0,499275.0,314101.0,63.85
150870,40663,138903.0,474722.0,295185.0,52.22
150062,40420,127105.0,444212.0,274224.0,43.29
148585,39007,115962.0,414894.0,253807.0,51.07
148077,38148,104288.0,384017.0,230079.0,49.67
147203,39439,97358.0,362593.0,213568.0,47.36
146689,39324,98185.0,364839.0,215163.0,45.42
146318,38505,107104.0,388765.0,228925.0,49.49
143856,38553,117405.0,420174.0,243259.0,46.01
143868,37805,141213.0,488998.0,285079.0,62.26
143737,37341,167893.0,568358.0,329915.0,51.04
142645,35098,189686.0,639861.0,373760.0,36.49
141059,34518,164628.0,568867.0,328051.0,57.74
137637,32605,131271.0,460333.0,262035.0,60.07
134491,30963,107845.0,381696.0,217628.0,54.83
131051,30638,91073.0,327735.0,188295.0,50.58
128873,28589,80923.0,292131.0,169137.0,60.52
2812130,56621,206193.0,558610.0,353926.0,53.93
2779322,54800,198642.0,546685.0,339671.0,49.61
2743095,52961,186445.0,526828.0,316975.0,58.61
2700794,51259,171785.0,504108.0,292275.0,54.14
2653934,50527,156448.0,472372.0,265944.0,56.8
2613692,48883,143635.0,443120.0,244165.0,50.03
2582375,47458,124140.0,394333.0,213701.0,60.51
2551290,47011,106153.0,345554.0,188015.0,68.47
2496457,45653,111149.0,355742.0,198408.0,56.46
2472344,45231,130708.0,394497.0,224780.0,50.95
2477289,45142,181664.0,533586.0,315895.0,53.38
2462292,44228,220834.0,653713.0,386882.0,54.23
2437022,42975,214456.0,641725.0,376292.0,46.57
2422075,40599,175491.0,532778.0,307637.0,57.32
2379818,38849,140344.0,426185.0,244443.0,45.76
2345932,36889,119586.0,361807.0,207530.0,61.45
2312478,35694,101930.0,310009.0,177452.0,54.86
2285869,34524,89907.0,273026.0,156934.0,64.01
2832794,60927,213166.0,571874.0,367753.0,73.28
2516537,46438,101886.0,333509.0,183754.0,55.93
77823,47377,409630.0,1233955.0,661531.0,70.63
76212,43856,405511.0,1232377.0,657944.0,49.37
73940,42722,382180.0,1176693.0,625201.0,45.51
76889,41017,374408.0,1165700.0,617164.0,52.65
76047,39120,365021.0,1148754.0,605650.0,47.8
74206,38902,330934.0,1056605.0,552227.0,51.33
89258,45091,224534.0,537842.0,307004.0,62.98
85070,42373,211738.0,513382.0,291239.0,44.82
82748,41359,196790.0,487082.0,275584.0,54.15
80456,39531,179825.0,454522.0,254759.0,56.01
77841,38870,166184.0,426216.0,236659.0,41.96
76536,39959,159156.0,416831.0,229069.0,48.63
75321,40092,150773.0,400751.0,217194.0,61.3
74661,38637,132290.0,361153.0,192620.0,52.07
73745,39729,120099.0,329775.0,175097.0,55.02
73684,38377,120236.0,330436.0,175371.0,44.93
73314,37186,128721.0,352642.0,187419.0,33.18
72588,34976,140775.0,386199.0,205070.0,55.57
71915,34821,167035.0,457885.0,242604.0,51.21
69569,34688,181494.0,494528.0,264962.0,45.09
68188,33973,173080.0,478530.0,255057.0,35.05
65759,32948,148564.0,417547.0,218141.0,60.92
65016,31810,127458.0,360811.0,186981.0,57.13
63062,31438,116113.0,330288.0,171630.0,49.68
61094,30747,107885.0,310995.0,162857.0,52.29
59409,29673,98556.0,286319.0,151108.0,43.12
203951,52265,173402.0,442778.0,249515.0,54.59
201514,47750,157585.0,411284.0,228368.0,52.64
198152,45655,147416.0,391219.0,216413.0,72.63
195488,44313,136516.0,369247.0,202910.0,73.38
192925,43388,127113.0,349792.0,191323.0,56.51
191898,42627,122509.0,341090.0,185609.0,56.55
190666,41111,118877.0,333135.0,181012.0,64.37
188349,40207,113062.0,321059.0,173895.0,70.44
187280,39523,106442.0,304310.0,165261.0,58.03
181679,38881,107585.0,306884.0,166053.0,45.59
180822,38638,117431.0,329106.0,177382.0,54.34
196237,37823,124548.0,346692.0,183958.0,78.2
197597,36454,143502.0,395861.0,207886.0,55.53
196540,35613,163655.0,452289.0,236064.0,52.86
192672,34409,175265.0,496494.0,257523.0,39.58
188939,32976,146815.0,437950.0,217967.0,71.84
185778,31163,107673.0,323933.0,160847.0,69.61
181102,29266,91240.0,267588.0,136315.0,69.49
176971,27242,84890.0,249014.0,127219.0,65.19
173450,26151,82044.0,239843.0,122682.0,50.19
42112,40640,127029.0,353866.0,219093.0,69.15
41808,37225,120424.0,338333.0,208351.0,50.97
41120,37077,113408.0,322015.0,197102.0,47.21
41140,39506,104928.0,300195.0,183748.0,56.41
40806,34642,99740.0,283234.0,174505.0,57.87
40052,35213,95414.0,269155.0,166251.0,50.69
39828,33987,89158.0,251064.0,155402.0,52.32
39762,33332,82155.0,229936.0,143644.0,50.79
39805,32167,76024.0,213006.0,132781.0,49.38
39870,31449,76390.0,214295.0,133229.0,46.21
39996,31177,81617.0,229264.0,142177.0,46.46
39703,30904,90582.0,255002.0,157725.0,42.69
40003,30311,107098.0,304304.0,187527.0,53.74
39030,29661,126756.0,361475.0,223019.0,41.66
38666,28870,130384.0,373629.0,230527.0,35.68
37765,27966,111663.0,323474.0,198065.0,54.71
38004,27363,94226.0,271281.0,167095.0,60.84
37236,25767,85408.0,244653.0,152287.0,55.88
36551,25162,78134.0,222913.0,139921.0,53.17
36147,24869,71822.0,205098.0,129513.0,53.17
1386080,51501,183780.0,402814.0,276264.0,53.08
1349597,49952,172384.0,385598.0,263184.0,53.92
1313880,48203,156480.0,361698.0,244122.0,52.26
1280387,46990,141584.0,339004.0,225442.0,51.26
1252396,46014,129102.0,317913.0,207096.0,49.31
1227995,44422,121894.0,306188.0,196501.0,57.21
1202978,43145,107148.0,278080.0,174216.0,47.32
1175941,42857,90136.0,238877.0,148050.0,43.9
1157342,42058,87041.0,232360.0,144762.0,52.38
1145956,41487,97630.0,254457.0,161561.0,43.97
1108882,41048,116111.0,283754.0,181940.0,49.04
1114979,41046,159693.0,374236.0,242318.0,52.17
1105603,40185,193598.0,456527.0,298328.0,39.64
1079524,39180,192832.0,465996.0,304461.0,40.03
1043437,37701,153556.0,378894.0,243150.0,60.61
1013937,36446,123853.0,304649.0,196428.0,54.67
983165,34630,110405.0,271928.0,175999.0,53.04
955865,33650,101629.0,252527.0,162488.0,67.76
930034,32218,94441.0,236215.0,150782.0,51.06
1415260,56606,194648.0,420622.0,290070.0,61.74
387055,41442,190873.0,336979.0,254924.0,50.72
370552,38799,182792.0,327091.0,245429.0,53.54
352496,37721,167963.0,308222.0,228864.0,52.79
337614,36852,154486.0,289895.0,211993.0,53.97
322862,36232,143305.0,276343.0,197669.0,54.87
308327,35863,132988.0,262515.0,184332.0,54.12
295553,34970,124541.0,251303.0,174456.0,57.2
288361,34138,106611.0,223011.0,150507.0,49.52
280866,33803,89065.0,194810.0,127107.0,43.74
273867,33036,84099.0,188310.0,121698.0,51.48
268685,33079,91967.0,207583.0,133392.0,44.8
272788,32476,109377.0,241971.0,155841.0,46.66
273709,32161,164158.0,347801.0,230798.0,56.51
266123,31958,201979.0,426398.0,285278.0,40.17
255903,30505,205219.0,442629.0,294645.0,38.91
235156,29288,163317.0,363687.0,235780.0,62.86
225816,27948,128022.0,286203.0,185248.0,55.74
210438,26922,112991.0,252175.0,164332.0,53.0
193355,26099,106052.0,238847.0,154678.0,62.99
179534,25083,99830.0,227287.0,145011.0,51.55
1447857,56421,163849.0,546223.0,339710.0,60.53
1433417,54787,157857.0,535166.0,331060.0,50.25
1414144,53493,148543.0,515125.0,315485.0,61.84
1391741,51834,138433.0,493033.0,298339.0,50.68
1378417,51328,126982.0,463615.0,277959.0,48.71
1360238,49845,115835.0,434129.0,256934.0,57.13
1345652,48214,99609.0,387643.0,222805.0,57.48
1335415,47769,87265.0,349551.0,196538.0,60.61
1320134,45833,98603.0,379484.0,215460.0,50.76
1287344,45014,109121.0,406716.0,230819.0,51.23
1294654,44464,136962.0,482522.0,278757.0,57.15
1295033,43777,170683.0,589220.0,343066.0,50.45
1287987,41938,185307.0,648158.0,378620.0,42.55
1265900,40464,155922.0,562765.0,323353.0,55.81
1242270,38873,123294.0,451712.0,257155.0,57.51
1211448,37632,103548.0,381699.0,217066.0,57.28
1183197,36550,89787.0,335138.0,189458.0,58.15
1154464,35957,79673.0,298540.0,168500.0,59.87
1466494,61865,171184.0,565746.0,352830.0,52.04
1325758,46322,88451.0,351915.0,198261.0,46.79
542638,44197,123547.0,321817.0,216692.0,71.6
527122,40995,112867.0,303263.0,201263.0,59.48
515077,39196,106459.0,292967.0,192261.0,62.27
505709,38247,96325.0,277131.0,178852.0,50.56
495868,37204,85374.0,255580.0,162370.0,52.68
487588,36428,76642.0,236495.0,148044.0,55.39
479340,35315,71766.0,226110.0,139506.0,60.92
473566,34540,66307.0,209305.0,127661.0,52.77
468562,33764,60586.0,189186.0,114827.0,60.38
466533,33342,64003.0,194938.0,118976.0,54.13
464697,32995,74182.0,218007.0,133530.0,46.73
439786,32339,81932.0,237152.0,145225.0,54.26
438668,32619,102999.0,288112.0,178097.0,44.51
434425,31890,123627.0,339559.0,211547.0,43.27
424355,31057,130986.0,359132.0,224234.0,41.87
406898,29432,109329.0,306681.0,189636.0,52.9
389776,28720,87544.0,247541.0,153401.0,62.12
375318,27351,76527.0,215931.0,134584.0,61.46
361468,25602,69296.0,198026.0,122206.0,62.6
352380,24562,63648.0,184673.0,112838.0,49.98
978045,50809,139421.0,413039.0,240560.0,61.7
970532,49283,130343.0,394868.0,227545.0,59.69
962003,47743,118001.0,369448.0,210151.0,51.23
954569,46938,107098.0,345881.0,194160.0,53.76
944971,46044,95479.0,318794.0,174693.0,56.42
933258,44758,86695.0,297497.0,160433.0,56.11
926610,43494,78247.0,273741.0,145137.0,52.19
920381,43960,70602.0,247684.0,129642.0,56.83
918496,42370,71876.0,248653.0,131142.0,60.43
916542,41102,83508.0,277418.0,149303.0,47.1
931113,39961,91125.0,297814.0,158934.0,54.14
938461,39285,111227.0,355642.0,190436.0,47.57
944199,38009,134193.0,424752.0,227848.0,41.62
948102,36960,140266.0,447846.0,239736.0,43.38
947744,35586,119327.0,390147.0,205918.0,45.29
943640,34311,96851.0,319231.0,169894.0,65.19
939864,33117,84672.0,279811.0,150378.0,59.98
933994,32160,75191.0,250076.0,134351.0,59.9
929208,31742,67619.0,225332.0,120455.0,50.56
984054,54720,151933.0,440976.0,260354.0,51.99
715090,46786,139486.0,276971.0,204331.0,51.45
690606,43809,129781.0,262079.0,191942.0,57.95
673028,42378,120332.0,248683.0,180522.0,58.65
661645,41387,108281.0,231203.0,165260.0,51.19
646989,40245,98164.0,216826.0,151747.0,55.48
633052,39354,89708.0,204761.0,140539.0,57.71
623174,38504,83159.0,195234.0,131638.0,58.46
613950,37485,75142.0,178954.0,117435.0,51.93
606888,36954,68573.0,165509.0,105583.0,48.61
602095,35676,81137.0,192053.0,123046.0,50.94
584343,35485,95353.0,217904.0,140782.0,47.69
585733,35195,119843.0,267575.0,174853.0,50.29
581058,34394,134790.0,304025.0,199522.0,39.23
565049,33530,131784.0,306319.0,198376.0,39.87
541840,32235,106290.0,254435.0,160197.0,60.44
528389,31163,88304.0,210201.0,132069.0,55.48
511929,30277,80671.0,191426.0,120219.0,57.67
502385,29505,75709.0,181451.0,112630.0,66.28
496112,28890,72517.0,174709.0,107639.0,53.83
604792,36189,69442.0,167476.0,105916.0,51.88
73723,43326,71183.0,248140.0,140032.0,54.12
73268,39365,61905.0,228574.0,126405.0,51.72
72981,38128,55865.0,212026.0,115579.0,69.05
73176,36873,51119.0,201497.0,105806.0,69.92
72972,36249,47573.0,191202.0,98161.0,43.41
72756,35944,45121.0,193735.0,94120.0,47.6
72523,34731,41632.0,184300.0,86739.0,57.74
72605,34152,38040.0,168800.0,79076.0,52.24
73158,34132,34848.0,155131.0,72559.0,52.57
74052,34507,34656.0,154198.0,72308.0,47.37
74364,33990,36906.0,164085.0,77347.0,41.49
74608,33920,40339.0,179193.0,84886.0,54.55
74989,32591,48083.0,214507.0,101887.0,53.02
74799,31508,56094.0,253636.0,121675.0,49.22
74416,31251,49695.0,230190.0,110855.0,33.55
73764,30256,39582.0,186134.0,87895.0,60.56
73226,28918,33712.0,158318.0,74590.0,61.34
71971,28389,29689.0,141856.0,67541.0,55.04
71329,27036,29048.0,137222.0,65800.0,57.07
70820,27575,28050.0,129161.0,62927.0,52.39
184653,49029,228236.0,528312.0,347745.0,72.62
179054,45637,220232.0,513466.0,337398.0,48.18
174887,37946,211908.0,500936.0,328140.0,70.32
170835,36840,200181.0,483254.0,314419.0,73.16
167009,36377,190162.0,468114.0,301860.0,53.97
162925,35179,179713.0,449745.0,287727.0,59.88
159785,38802,170865.0,434691.0,276364.0,65.19
157317,37341,154639.0,402852.0,253520.0,65.44
155390,36945,143267.0,380226.0,237499.0,55.81
154901,36785,144045.0,382579.0,238992.0,42.01
151372,36148,158349.0,415626.0,259963.0,51.9
144508,35777,170238.0,447842.0,275909.0,80.47
144136,35820,201145.0,521809.0,321411.0,55.61
142144,35536,233572.0,602886.0,374594.0,54.26
141428,34594,234703.0,604124.0,373687.0,42.86
136443,32453,199671.0,523882.0,317515.0,70.65
133721,31029,168248.0,444532.0,269224.0,72.09
128889,29722,148091.0,392506.0,237515.0,65.85
124956,28944,136019.0,363028.0,219034.0,64.09
121370,28060,125507.0,336098.0,203374.0,49.55
438816,44970,165955.0,320166.0,237730.0,69.63
426275,42396,157460.0,307259.0,227499.0,48.98
417442,47359,149322.0,296336.0,217534.0,59.85
407260,45261,136999.0,278493.0,200837.0,62.34
399538,43614,123373.0,258390.0,182569.0,57.47
392090,42890,106182.0,230838.0,159029.0,54.65
387140,36727,94101.0,210104.0,141890.0,57.06
385292,36173,81495.0,186983.0,122293.0,58.91
383664,34921,73654.0,173520.0,109119.0,53.24
381319,34615,73516.0,174263.0,107625.0,43.98
379448,34070,76743.0,181912.0,111826.0,51.1
389320,34080,85336.0,198547.0,123465.0,44.3
393608,34837,122299.0,269496.0,174338.0,46.29
387461,35555,165963.0,358538.0,238174.0,35.92
379386,33814,182440.0,393699.0,263176.0,49.91
367867,32109,152393.0,339570.0,220238.0,57.63
358307,30977,120326.0,274832.0,175505.0,51.98
348761,29079,98148.0,227900.0,144195.0,66.92
339684,27745,82968.0,195031.0,121923.0,57.1
334023,26878,74026.0,174872.0,109767.0,53.2
476727,41711,160098.0,363426.0,237782.0,54.96
471735,39336,147410.0,339009.0,220218.0,53.89
463560,48718,137837.0,321680.0,207677.0,52.63
454757,46699,128847.0,304183.0,195521.0,50.51
449124,44588,117658.0,282175.0,180440.0,48.99
442903,43653,113929.0,276905.0,175631.0,46.66
437086,33901,109318.0,271316.0,170437.0,58.13
431074,33117,106652.0,266138.0,166272.0,48.02
428104,33330,100746.0,251406.0,156266.0,45.66
424587,32737,103101.0,256196.0,158900.0,50.9
422718,32486,110285.0,273101.0,168951.0,43.34
423759,32508,115797.0,284246.0,175154.0,47.45
426413,32107,127077.0,310407.0,190870.0,56.18
425698,31966,141821.0,349420.0,213350.0,39.97
420667,32641,148042.0,372094.0,227873.0,39.31
411744,29788,126930.0,329635.0,196301.0,58.72
403361,27768,101927.0,259624.0,154943.0,57.02
394900,26412,91037.0,228367.0,137980.0,51.87
387626,25004,85528.0,214219.0,129737.0,67.09
377960,25440,82748.0,207957.0,125833.0,52.93
261900,51643,195393.0,524873.0,289543.0,56.13
254412,47750,185717.0,504581.0,275585.0,48.0
238742,45475,180340.0,497192.0,269234.0,61.19
229715,43395,173821.0,489805.0,261721.0,68.44
220257,43614,165758.0,479077.0,252919.0,43.36
213566,40361,149226.0,446848.0,230899.0,47.52
207443,41603,134612.0,413711.0,209002.0,56.86
201541,40567,123220.0,387144.0,192426.0,54.29
196071,39908,107560.0,348400.0,169179.0,54.2
192852,39166,106546.0,349054.0,168334.0,45.69
190039,38669,112716.0,368088.0,177976.0,36.38
183572,38454,120903.0,390061.0,188750.0,59.43
181180,38200,152866.0,466632.0,234805.0,51.18
173935,37737,191959.0,568439.0,292827.0,51.72
165291,37363,221019.0,650240.0,340783.0,32.75
157278,35455,188648.0,569431.0,291303.0,62.12
149336,33367,145346.0,445660.0,223698.0,54.7
139849,31416,125947.0,388183.0,195157.0,52.11
133953,29213,111311.0,348054.0,173440.0,52.31
128604,29030,99831.0,313551.0,156407.0,54.3
322265,53893,195548.0,415434.0,296390.0,56.13
309359,50134,183907.0,395602.0,280520.0,55.72
302432,41155,172424.0,380227.0,267686.0,45.33
297634,40043,158027.0,358301.0,249648.0,62.62
292826,38714,143574.0,336188.0,231050.0,59.98
287749,38021,130141.0,313359.0,211452.0,47.47
282821,41919,122987.0,302708.0,201033.0,50.04
281151,40948,109339.0,275633.0,181014.0,48.32
280355,40249,94631.0,244623.0,158319.0,49.01
279696,39359,94925.0,245086.0,159012.0,49.19
277789,38512,109488.0,272009.0,180976.0,43.37
272864,38404,128839.0,304828.0,204347.0,41.31
276585,38860,164174.0,376577.0,253124.0,60.74
271961,38582,196425.0,448543.0,304016.0,47.99
259315,37815,199166.0,461494.0,313380.0,35.07
240039,37126,159000.0,377816.0,251352.0,58.74
226216,35137,126665.0,301724.0,200841.0,56.85
211898,33629,112999.0,270351.0,180337.0,53.81
203360,32637,103168.0,249086.0,165860.0,51.72
198253,31951,94987.0,232081.0,153141.0,57.53
141422,45810,214832.0,442929.0,297353.0,50.65
128633,42787,204821.0,424326.0,284220.0,53.68
124935,41043,192544.0,399120.0,267079.0,59.41
120700,39789,183220.0,380257.0,254539.0,53.5
118577,38010,177176.0,366569.0,247293.0,47.85
115657,36956,177640.0,370466.0,249876.0,47.65
111125,36931,172632.0,363730.0,243689.0,56.9
105104,37574,153049.0,322788.0,215657.0,48.46
100198,35894,140622.0,298295.0,198611.0,53.17
96615,34917,139993.0,298017.0,197715.0,48.64
93420,32739,144069.0,305611.0,201161.0,46.61
95326,32547,147026.0,313636.0,204634.0,48.96
93034,32499,157990.0,341323.0,223096.0,46.44
89771,33831,172160.0,371524.0,244142.0,45.3
82599,30828,163270.0,355035.0,231899.0,38.88
74052,30030,141942.0,311830.0,201763.0,55.84
66416,29490,123790.0,274128.0,178084.0,55.75
63001,29192,112835.0,246694.0,162431.0,58.47
61348,28090,105457.0,230595.0,151743.0,64.42
56932,28247,99330.0,219235.0,141465.0,51.1
45463,37737,78069.0,240173.0,142686.0,46.82
45423,35802,75552.0,236659.0,138865.0,46.02
44879,34894,72679.0,230722.0,134523.0,67.33
44690,33592,68703.0,219646.0,128076.0,54.21
44349,32359,63822.0,204322.0,118571.0,50.81
44452,31346,58113.0,187854.0,108539.0,49.16
44168,30421,51716.0,170477.0,97037.0,71.38
43873,29720,47157.0,155019.0,87853.0,58.17
43796,28871,43450.0,142820.0,80962.0,67.29
43215,28244,42802.0,140102.0,79993.0,47.27
41551,28144,45123.0,148029.0,84321.0,47.53
40230,27657,48835.0,161177.0,91461.0,50.31
40927,28370,57131.0,188867.0,106721.0,49.69
39608,27494,66798.0,222523.0,124545.0,40.43
38799,27157,68253.0,230073.0,127007.0,39.74
38174,25842,58234.0,201319.0,108354.0,58.4
37713,25078,46314.0,162066.0,86331.0,62.19
37198,23240,38101.0,137485.0,66491.0,60.56
22436,41784,55303.0,203648.0,110545.0,53.63
22458,40749,52428.0,197140.0,106387.0,48.06
22283,40110,50694.0,192110.0,103411.0,77.75
22295,39208,47424.0,182994.0,97088.0,53.76
22478,38014,44248.0,171967.0,89980.0,56.83
22824,40705,40367.0,159669.0,83182.0,48.61
22932,37220,35877.0,144246.0,73924.0,68.83
23018,37593,32637.0,132032.0,67644.0,59.58
22898,36491,29254.0,119237.0,61303.0,65.36
22500,36468,28686.0,118649.0,60739.0,41.98
22570,35625,29741.0,123492.0,63102.0,55.28
23164,33708,32357.0,134443.0,68569.0,54.71
23199,33167,38093.0,158640.0,81374.0,53.56
22516,33075,44807.0,188350.0,96260.0,38.76
21471,30922,46051.0,195064.0,99766.0,39.59
21310,30072,40193.0,172632.0,87957.0,62.84
20941,28618,32839.0,141737.0,73013.0,61.24
20646,28430,28245.0,121681.0,63595.0,70.02
19800,27509,26128.0,112148.0,58796.0,57.39
19521,27425,24014.0,103485.0,54916.0,42.13
15410,39849,80851.0,241062.0,152443.0,53.63
15505,38684,79489.0,232410.0,148207.0,45.22
15867,38187,73711.0,219304.0,140316.0,58.11
15947,36174,65530.0,200761.0,126425.0,59.96
15887,35374,61031.0,187873.0,119872.0,45.8
15918,34267,54478.0,169862.0,109014.0,47.87
15647,34270,49469.0,155302.0,99987.0,60.55
15483,34060,45190.0,141391.0,91497.0,52.63
15510,33684,41342.0,129698.0,83705.0,64.19
15473,33075,41741.0,129591.0,84923.0,49.32
15535,33411,44297.0,138074.0,89888.0,44.4
15576,33539,47618.0,149836.0,96608.0,53.59
15974,31997,56328.0,172348.0,113163.0,49.18
15722,31775,65460.0,199386.0,131732.0,41.12
15028,31598,64456.0,194580.0,127627.0,40.75
15046,30772,59903.0,191986.0,121176.0,55.52
551588,44406,160836.0,344892.0,223674.0,53.98
538763,41241,150548.0,328325.0,210320.0,56.04
531062,40085,141057.0,314044.0,198570.0,58.14
523405,39060,127712.0,293544.0,182064.0,53.94
517411,37849,112207.0,269171.0,162722.0,45.41
510494,37196,101177.0,251428.0,148942.0,46.51
503851,36038,94333.0,240456.0,140542.0,61.32
498978,34947,84638.0,221499.0,126708.0,50.5
497145,34847,75242.0,200735.0,112766.0,45.86
495400,33861,77106.0,205403.0,116231.0,47.19
494593,33726,88237.0,227336.0,131159.0,41.35
507105,33021,103630.0,259321.0,151313.0,46.8
510750,32938,128611.0,312452.0,184106.0,54.12
508014,32196,156900.0,380275.0,225245.0,45.01
503844,31197,163238.0,403997.0,238134.0,36.52
494649,29927,132166.0,340170.0,195580.0,64.22
484261,29346,104998.0,273138.0,157674.0,62.17
470770,28037,90050.0,233920.0,135263.0,54.21
459737,26947,80867.0,210292.0,121074.0,61.06
452050,26064,74030.0,192345.0,111422.0,58.0
33981,42469,110345.0,289990.0,188782.0,52.41
32976,37752,106108.0,280381.0,182534.0,40.94
31943,35867,102026.0,271232.0,176520.0,73.48
31909,35143,97289.0,257375.0,167413.0,53.18
31599,33996,90742.0,239188.0,154893.0,57.23
31283,33230,84139.0,220938.0,142373.0,51.36
31285,32543,77958.0,204709.0,131533.0,66.32
30869,32026,71838.0,188807.0,120762.0,64.66
30771,30787,66138.0,174032.0,110869.0,55.48
30877,30815,66241.0,174344.0,110723.0,35.67
30776,32946,70546.0,185731.0,117973.0,53.65
31791,32352,76727.0,203079.0,128704.0,56.37
30717,31927,89680.0,238508.0,150564.0,56.2
29417,30586,100186.0,269305.0,169135.0,41.49
28393,29317,100040.0,269847.0,169160.0,44.93
26867,27767,87109.0,237550.0,147948.0,64.11
25505,26967,69998.0,191287.0,119722.0,54.48
24938,25445,59693.0,162698.0,102413.0,61.33
24217,24454,54210.0,148400.0,92923.0,57.26
23807,33264,48794.0,135821.0,84025.0,56.77
74724,44056,213827.0,1044915.0,436967.0,58.05
70071,40842,202054.0,1004944.0,416689.0,52.35
67656,38543,191790.0,962029.0,396943.0,74.77
65301,37312,179733.0,915238.0,373033.0,68.6
62943,35582,172035.0,878089.0,355285.0,59.71
60687,34151,165099.0,852129.0,344346.0,60.28
59793,32801,152370.0,796803.0,323185.0,66.95
57779,32148,139750.0,730674.0,297071.0,76.64
56965,31658,131644.0,680386.0,276029.0,60.79
55450,30674,131232.0,679877.0,275242.0,46.55
55043,30447,144957.0,743263.0,297911.0,52.49
57917,30373,148882.0,804065.0,310996.0,78.79
57784,30522,174270.0,954283.0,360538.0,57.02
57093,30861,199286.0,1131838.0,417397.0,48.89
55786,30092,213512.0,1218912.0,455779.0,40.76
53525,28773,184821.0,1083283.0,398086.0,65.21
50543,26453,142711.0,847337.0,304343.0,61.6
47066,25092,122049.0,715657.0,254572.0,74.27
45521,24107,109561.0,651715.0,227865.0,63.21
42542,23060,102039.0,618415.0,212000.0,50.19
25334,37897,66126.0,208237.0,119074.0,68.23
25387,35994,62442.0,201398.0,113503.0,48.21
25129,35465,59381.0,193713.0,108928.0,73.8
24985,34625,55413.0,179823.0,101328.0,57.09
24888,33578,51488.0,169044.0,94775.0,61.88
24975,33389,48463.0,158784.0,89607.0,63.82
24959,32248,44284.0,145775.0,82425.0,64.95
24793,31727,41047.0,134401.0,75819.0,76.8
24922,30819,37797.0,123736.0,69543.0,58.25
24638,30508,36941.0,123528.0,68989.0,45.47
24896,30603,38616.0,129778.0,73202.0,46.44
24721,31078,42610.0,142311.0,80786.0,69.05
24779,29124,50889.0,170000.0,96662.0,60.67
23719,28704,59708.0,201975.0,114928.0,42.92
